,Gene,Gene ID,Gene Length
0,SEC24B-AS1,ENSG00000247950,88439
1,A1BG,ENSG00000121410,8315
2,A1CF,ENSG00000148584,86267
3,GGACT,ENSG00000134864,59365
4,A2M,ENSG00000175899,48566
5,A2ML1,ENSG00000166535,64381
6,A2MP1,ENSG00000256069,46442
7,A2MP1,ENSG00000291190,5675
8,A4GALT,ENSG00000128274,29178
9,A4GNT,ENSG00000118017,8678
10,AAAS,ENSG00000094914,17409
11,AACS,ENSG00000081760,77900
12,AADAC,ENSG00000114771,14416
13,AADACL2,ENSG00000197953,27424
14,AADACL3,ENSG00000188984,12651
15,AADACL4,ENSG00000204518,22992
16,AADAT,ENSG00000109576,31478
17,AAGAB,ENSG00000103591,54529
18,AAK1,ENSG00000115977,216353
19,AAMP,ENSG00000127837,6050
20,AANAT,ENSG00000129673,16767
21,AARS2,ENSG00000124608,14617
22,PTGES3L-AARSD1,ENSG00000108825,30003
23,AASDH,ENSG00000157426,49222
24,AASDHPPT,ENSG00000149313,23199
25,AASS,ENSG00000008311,79726
26,AATF,ENSG00000275700,107947
27,AATK,ENSG00000181409,55735
28,ABAT,ENSG00000183044,109980
29,ABCA1,ENSG00000165029,147150
30,ABCA10,ENSG00000154263,97633
31,ABCA12,ENSG00000144452,207085
32,ABCA13,ENSG00000179869,476040
33,ABCA17P,ENSG00000238098,64542
34,ABCA17P,ENSG00000293423,87591
35,ABCA2,ENSG00000107331,21682
36,ABCA3,ENSG00000167972,64866
37,ABCA4,ENSG00000198691,128315
38,ABCA5,ENSG00000154265,82934
39,ABCA6,ENSG00000154262,63194
40,ABCA7,ENSG00000064687,25576
41,ABCA8,ENSG00000141338,88104
42,ABCA9,ENSG00000154258,86462
43,ABCB1,ENSG00000085563,210307
44,ABCB10,ENSG00000135776,42126
45,ABCB11,ENSG00000073734,115827
46,ABCB4,ENSG00000005471,78740
47,ABCB5,ENSG00000004846,161372
48,ABCB6,ENSG00000115657,9223
49,ABCB7,ENSG00000131269,105685
50,ABCB8,ENSG00000197150,19361
51,ABCB9,ENSG00000150967,60699
52,ABCC1,ENSG00000103222,194120
53,ABCC10,ENSG00000124574,23065
54,ABCC11,ENSG00000121270,81796
55,ABCC12,ENSG00000140798,75137
56,ABCC2,ENSG00000023839,69955
57,ABCC3,ENSG00000108846,57477
58,ABCC4,ENSG00000125257,281641
59,ABCC5,ENSG00000114770,98006
60,ABCC6,ENSG00000091262,73958
61,ABCC8,ENSG00000006071,84397
62,ABCC9,ENSG00000069431,145155
63,ABCD1,ENSG00000101986,19900
64,ABCD2,ENSG00000173208,69771
65,ABCD3,ENSG00000117528,100278
66,ABCD4,ENSG00000119688,17787
67,ABCE1,ENSG00000164163,31237
68,ABCF1,ENSG00000204574,25787
69,ABCF2,ENSG00000033050,15722
70,ABCF3,ENSG00000161204,7918
71,ABCG1,ENSG00000160179,104701
72,ABCG2,ENSG00000118777,141479
73,ABCG4,ENSG00000172350,13602
74,ABCG5,ENSG00000138075,26394
75,ABCG8,ENSG00000143921,51047
76,ABHD1,ENSG00000143994,7024
77,ABHD10,ENSG00000144827,14359
78,ABHD11,ENSG00000106077,2759
79,ABHD12,ENSG00000100997,96094
80,ABHD12B,ENSG00000131969,32918
81,ABHD13,ENSG00000139826,15852
82,ABHD14A,ENSG00000248487,9771
83,ABHD14B,ENSG00000114779,14900
84,ABHD15,ENSG00000168792,6491
85,ABHD16A,ENSG00000204427,16402
86,ABHD16B,ENSG00000183260,1491
87,ABHD2,ENSG00000140526,114897
88,ABHD3,ENSG00000158201,53880
89,ABHD4,ENSG00000100439,14674
90,ABHD5,ENSG00000011198,44264
91,ABHD6,ENSG00000163686,58162
92,ABHD8,ENSG00000127220,18106
93,ABI1,ENSG00000136754,114495
94,ABI2,ENSG00000138443,119449
95,ABI3,ENSG00000108798,12815
96,ABI3BP,ENSG00000154175,244360
97,ABL1,ENSG00000097007,174633
98,ABL2,ENSG00000143322,130355
99,ABLIM1,ENSG00000099204,336952
100,ABLIM2,ENSG00000163995,193523
101,ABLIM3,ENSG00000173210,119060
102,ABO,ENSG00000175164,42747
103,ABR,ENSG00000159842,226220
104,ABRA,ENSG00000174429,10762
105,ABT1,ENSG00000146109,3787
106,ABTB1,ENSG00000114626,7992
107,ABTB2,ENSG00000166016,207024
108,ACAA1,ENSG00000060971,34114
109,ACAA2,ENSG00000167315,31790
110,ACACA,ENSG00000278540,321845
111,ACACB,ENSG00000076555,151640
112,ACAD10,ENSG00000111271,71055
113,ACAD8,ENSG00000151498,12308
114,ACAD9,ENSG00000177646,44408
115,ACADL,ENSG00000115361,38322
116,ACADM,ENSG00000117054,63145
117,ACADS,ENSG00000122971,14235
118,ACADSB,ENSG00000196177,49312
119,ACADVL,ENSG00000072778,8142
120,ACAN,ENSG00000157766,71918
121,ACAP1,ENSG00000072818,14949
122,ACAP2,ENSG00000114331,168300
123,ACAP3,ENSG00000131584,17220
124,ACAT1,ENSG00000075239,32263
125,ACAT2,ENSG00000120437,17068
126,ACBD3,ENSG00000182827,42063
127,ACBD4,ENSG00000181513,11582
128,ACBD5,ENSG00000107897,74912
129,ACBD6,ENSG00000230124,233302
130,ACBD7,ENSG00000176244,13302
131,ASIC2,ENSG00000108684,1161878
132,ASIC1,ENSG00000110881,26064
133,ASIC3,ENSG00000213199,4465
134,ASIC5,ENSG00000256394,36549
135,ACCS,ENSG00000110455,18313
136,ACCSL,ENSG00000205126,11997
137,ACD,ENSG00000102977,3299
138,ACE,ENSG00000159640,21320
139,ACE2,ENSG00000130234,112671
140,ACER1,ENSG00000167769,27471
141,ACER2,ENSG00000177076,43497
142,ACER3,ENSG00000078124,165939
143,ACHE,ENSG00000087085,6981
144,ACIN1,ENSG00000100813,37051
145,ACLY,ENSG00000131473,63626
146,ACMSD,ENSG00000153086,63419
147,ACO1,ENSG00000122729,70167
148,ACO2,ENSG00000100412,81444
149,ACOT11,ENSG00000162390,96936
150,ACOT12,ENSG00000172497,64184
151,ACOT13,ENSG00000112304,38031
152,ACOT2,ENSG00000119673,8039
153,ACOT4,ENSG00000177465,3894
154,ACOT6,ENSG00000205669,8944
155,ACOT7,ENSG00000097021,129499
156,ACOT8,ENSG00000101473,15685
157,ACOT9,ENSG00000123130,65421
158,ACOX1,ENSG00000161533,37671
159,ACOX2,ENSG00000168306,32148
160,ACOX3,ENSG00000087008,74442
161,ACOXL,ENSG00000153093,386010
162,ACP1,ENSG00000143727,14144
163,ACP2,ENSG00000134575,9605
164,ACP5,ENSG00000102575,5341
165,ACP6,ENSG00000162836,40873
166,ACR,ENSG00000100312,7144
167,ACRBP,ENSG00000111644,9359
168,ACRV1,ENSG00000134940,9353
169,ACSBG1,ENSG00000103740,78221
170,ACSBG2,ENSG00000130377,57848
171,ACSF2,ENSG00000167107,48688
172,ACSF3,ENSG00000176715,75747
173,ACSL1,ENSG00000151726,71224
174,ACSL3,ENSG00000123983,83698
175,ACSL4,ENSG00000068366,109160
176,ACSL5,ENSG00000197142,54264
177,ACSL6,ENSG00000164398,62271
178,ACSM1,ENSG00000166743,75656
179,ACSM2A,ENSG00000183747,36209
180,ACSM2B,ENSG00000066813,40202
181,ACSM3,ENSG00000005187,187339
182,ACSM4,ENSG00000215009,24648
183,ACSM5,ENSG00000183549,31803
184,ACSS2,ENSG00000131069,55817
185,ACSS3,ENSG00000111058,324797
186,ACTA1,ENSG00000143632,3740
187,ACTA2,ENSG00000107796,56518
188,ACTB,ENSG00000075624,37494
189,ACTBL2,ENSG00000169067,2794
190,ACTC1,ENSG00000159251,5483
191,ACTG1,ENSG00000184009,14435
192,ACTG2,ENSG00000163017,27552
193,ACTL10,ENSG00000288649,1583
194,ACTL6A,ENSG00000136518,25522
195,ACTL6B,ENSG00000077080,13352
196,ACTL7A,ENSG00000187003,1491
197,ACTL7B,ENSG00000148156,1399
198,ACTL8,ENSG00000117148,71731
199,ACTL9,ENSG00000181786,1396
200,ACTN1,ENSG00000072110,105318
201,ACTN2,ENSG00000077522,100491
202,ACTN3,ENSG00000248746,16940
203,ACTN4,ENSG00000130402,83941
204,ACTR10,ENSG00000131966,35557
205,ACTR1A,ENSG00000138107,40832
206,ACTR1B,ENSG00000115073,8106
207,ACTR2,ENSG00000138071,43466
208,ACTR3,ENSG00000115091,72534
209,ACTR3B,ENSG00000133627,95630
210,ACTR3BP2,ENSG00000226481,1373
211,ACTR3C,ENSG00000106526,79810
212,ACTR5,ENSG00000101442,24061
213,ACTR6,ENSG00000075089,42744
214,ACTR8,ENSG00000113812,15087
215,ACTRT1,ENSG00000123165,1442
216,ACTRT2,ENSG00000169717,1437
217,ACVR1,ENSG00000115170,140080
218,ACVR1B,ENSG00000135503,45380
219,ACVR1C,ENSG00000123612,102098
220,ACVR2A,ENSG00000121989,86310
221,ACVR2B,ENSG00000114739,39253
222,ACVRL1,ENSG00000139567,16454
223,ACY1,ENSG00000243989,5858
224,ACY3,ENSG00000132744,8176
225,ACYP1,ENSG00000119640,16247
226,ACYP2,ENSG00000170634,334463
227,ADA,ENSG00000196839,67357
228,ADAD1,ENSG00000164113,50837
229,ADAD2,ENSG00000140955,6031
230,ADAL,ENSG00000168803,23898
231,ADAM1A,ENSG00000229186,2129
232,ADAM10,ENSG00000137845,160983
233,ADAM11,ENSG00000073670,22859
234,ADAM12,ENSG00000148848,376097
235,ADAM15,ENSG00000143537,12210
236,ADAM17,ENSG00000151694,68247
237,ADAM18,ENSG00000168619,145577
238,ADAM19,ENSG00000135074,180242
239,ADAM2,ENSG00000104755,94493
240,ADAM20,ENSG00000134007,12658
241,ADAM21,ENSG00000139985,43321
242,ADAM21P1,ENSG00000235812,2170
243,ADAM21P1,ENSG00000293335,2049
244,ADAM22,ENSG00000008277,268747
245,ADAM23,ENSG00000114948,177596
246,ADAM28,ENSG00000042980,64946
247,ADAM29,ENSG00000168594,148513
248,ADAM30,ENSG00000134249,2983
249,ADAM32,ENSG00000197140,177928
250,ADAM33,ENSG00000149451,14282
251,ADAM6,ENSG00000271968,999
252,ADAM6,ENSG00000290844,2541
253,ADAM7,ENSG00000069206,86041
254,ADAM8,ENSG00000151651,14449
255,ADAM9,ENSG00000168615,108692
256,ADAMDEC1,ENSG00000134028,21729
257,ADAMTS1,ENSG00000154734,9655
258,ADAMTS10,ENSG00000142303,30496
259,ADAMTS12,ENSG00000151388,368485
260,ADAMTS13,ENSG00000160323,45045
261,ADAMTS14,ENSG00000138316,89936
262,ADAMTS15,ENSG00000166106,28001
263,ADAMTS16,ENSG00000145536,179975
264,ADAMTS17,ENSG00000140470,370569
265,ADAMTS18,ENSG00000140873,187222
266,ADAMTS19,ENSG00000145808,278403
267,ADAMTS2,ENSG00000087116,234609
268,ADAMTS20,ENSG00000173157,198338
269,ADAMTS3,ENSG00000156140,288253
270,ADAMTS4,ENSG00000158859,14753
271,ADAMTS5,ENSG00000154736,49167
272,ADAMTS6,ENSG00000049192,333183
273,ADAMTS7,ENSG00000136378,52259
274,ADAMTS8,ENSG00000134917,23687
275,ADAMTS9,ENSG00000163638,172347
276,ADAMTSL1,ENSG00000178031,1004388
277,ADAMTSL2,ENSG00000197859,43356
278,ADAMTSL3,ENSG00000156218,385755
279,ADAMTSL4,ENSG00000143382,11569
280,ADAMTSL5,ENSG00000185761,8583
281,ADAP1,ENSG00000105963,57508
282,ADAP2,ENSG00000184060,53602
283,ADAR,ENSG00000160710,46319
284,ADARB1,ENSG00000197381,152708
285,ADARB2,ENSG00000185736,560213
286,ADAT1,ENSG00000065457,26433
287,ADAT2,ENSG00000189007,27864
288,ADAT3,ENSG00000213638,8049
289,ADCK1,ENSG00000063761,134906
290,ADCK2,ENSG00000133597,23317
291,ADCK5,ENSG00000173137,20142
292,ADCY1,ENSG00000164742,148977
293,ADCY10,ENSG00000143199,104830
294,ADCY2,ENSG00000078295,433944
295,ADCY3,ENSG00000138031,101069
296,ADCY4,ENSG00000129467,16745
297,ADCY5,ENSG00000173175,166795
298,ADCY6,ENSG00000174233,22896
299,ADCY7,ENSG00000121281,71999
300,ADCY8,ENSG00000155897,260609
301,ADCY9,ENSG00000162104,163056
302,ADCYAP1,ENSG00000141433,7302
303,ADCYAP1R1,ENSG00000078549,59167
304,ADD1,ENSG00000087274,86233
305,ADD2,ENSG00000075340,160608
306,ADD3,ENSG00000148700,139198
307,ADH1A,ENSG00000187758,14635
308,ADH1B,ENSG00000196616,16431
309,ADH1C,ENSG00000248144,16250
310,ADH4,ENSG00000198099,34136
311,ADH5,ENSG00000197894,17824
312,ADH6,ENSG00000172955,16900
313,ADH7,ENSG00000196344,23250
314,ADHFE1,ENSG00000147576,36416
315,ADI1,ENSG00000182551,22166
316,ADIG,ENSG00000182035,7269
317,ADIPOQ,ENSG00000181092,15760
318,ADIPOR1,ENSG00000159346,17747
319,ADIPOR2,ENSG00000006831,100101
320,ADK,ENSG00000156110,558762
321,ADM,ENSG00000148926,2325
322,ADM2,ENSG00000128165,4898
323,ADNP,ENSG00000101126,42522
324,ADNP2,ENSG00000101544,38262
325,ADO,ENSG00000181915,3760
326,ADORA1,ENSG00000163485,76752
327,ADORA2A,ENSG00000128271,24479
328,ADORA2B,ENSG00000170425,30617
329,ADORA3,ENSG00000282608,4205
330,ADPGK,ENSG00000159322,34553
331,ADPRH,ENSG00000144843,10678
332,ADPRHL1,ENSG00000153531,53878
333,ADRA1A,ENSG00000120907,119129
334,ADRA1B,ENSG00000170214,107933
335,ADRA1D,ENSG00000171873,28658
336,ADRA2A,ENSG00000150594,3879
337,ADRA2B,ENSG00000274286,3696
338,ADRA2C,ENSG00000184160,2179
339,ADRB1,ENSG00000043591,3039
340,ADRB2,ENSG00000169252,2013
341,ADRM1,ENSG00000130706,6770
342,ADSL,ENSG00000239900,44003
343,AEBP1,ENSG00000106624,10218
344,AEBP2,ENSG00000139154,316757
345,AEN,ENSG00000181026,10945
346,AFAP1,ENSG00000196526,181213
347,AFAP1L1,ENSG00000157510,71779
348,AFAP1L2,ENSG00000169129,109933
349,AFF1,ENSG00000172493,206038
350,AFF2,ENSG00000155966,500047
351,AFF3,ENSG00000144218,647010
352,AFF4,ENSG00000072364,88240
353,AFG3L2,ENSG00000141385,48284
354,AFM,ENSG00000079557,22257
355,AFMID,ENSG00000183077,20345
356,AFP,ENSG00000081051,25037
357,AFTPH,ENSG00000119844,68707
358,AGA,ENSG00000038002,11664
359,AGAP1,ENSG00000157985,637751
360,AGAP11,ENSG00000261011,8270
361,AGAP2,ENSG00000135439,18397
362,AGAP3,ENSG00000133612,58606
363,AGAP5,ENSG00000172650,23823
364,AGAP6,ENSG00000204149,29465
365,AGBL1,ENSG00000273540,969299
366,AGBL2,ENSG00000165923,55799
367,AGBL3,ENSG00000146856,161456
368,AGBL4,ENSG00000186094,1491101
369,AGBL5,ENSG00000084693,28259
370,AGER,ENSG00000204305,3355
371,AGFG1,ENSG00000173744,89066
372,AGFG2,ENSG00000106351,29018
373,AGGF1,ENSG00000164252,35984
374,AGK,ENSG00000006530,103967
375,AGL,ENSG00000162688,73663
376,AGMAT,ENSG00000116771,13353
377,AGMO,ENSG00000187546,361699
378,AGPAT1,ENSG00000204310,9885
379,AGPAT2,ENSG00000169692,14315
380,AGPAT3,ENSG00000160216,122370
381,AGPAT4,ENSG00000026652,144095
382,AGPAT5,ENSG00000155189,52862
383,AGPS,ENSG00000018510,174279
384,AGR2,ENSG00000106541,41623
385,AGR3,ENSG00000173467,22576
386,AGRN,ENSG00000188157,36000
387,AGRP,ENSG00000159723,977
388,AGT,ENSG00000135744,54801
389,AGTPBP1,ENSG00000135049,195491
390,AGTR1,ENSG00000144891,45225
391,AGTR2,ENSG00000180772,4231
392,AGTRAP,ENSG00000177674,18719
393,AGXT,ENSG00000172482,11679
394,AGXT2,ENSG00000113492,50035
395,AHCTF1,ENSG00000153207,92851
396,AHCY,ENSG00000101444,31535
397,AHCYL1,ENSG00000168710,38978
398,AHCYL2,ENSG00000158467,205182
399,AHDC1,ENSG00000126705,70397
400,AHI1,ENSG00000135541,215028
401,AHNAK,ENSG00000124942,122694
402,AHNAK2,ENSG00000185567,41131
403,AHR,ENSG00000106546,429794
404,AHRR,ENSG00000063438,116578
405,AHSA1,ENSG00000100591,11603
406,AHSG,ENSG00000145192,8259
407,AHSP,ENSG00000169877,904
408,AICDA,ENSG00000111732,11088
409,AIDA,ENSG00000186063,45198
410,AIF1,ENSG00000204472,1805
411,AIF1L,ENSG00000126878,26677
412,AIFM1,ENSG00000156709,41214
413,AIFM2,ENSG00000042286,34712
414,AIG1,ENSG00000146416,280563
415,AIM2,ENSG00000163568,131715
416,AIMP1,ENSG00000164022,33913
417,AIMP2,ENSG00000106305,14580
418,AIP,ENSG00000110711,22981
419,AIPL1,ENSG00000129221,41507
420,AIRE,ENSG00000160224,12811
421,AJAP1,ENSG00000196581,137926
422,AJUBA,ENSG00000129474,11375
423,AK1,ENSG00000106992,11190
424,AK2,ENSG00000004455,73011
425,AK3,ENSG00000147853,32488
426,AK4,ENSG00000162433,84597
427,AK5,ENSG00000154027,277948
428,AK7,ENSG00000140057,97300
429,AK8,ENSG00000165695,153200
430,AKAP1,ENSG00000121057,36255
431,AKAP10,ENSG00000108599,74042
432,AKAP11,ENSG00000023516,51110
433,AKAP12,ENSG00000131016,118593
434,AKAP13,ENSG00000170776,368788
435,AKAP14,ENSG00000186471,24880
436,AKAP17A,ENSG00000197976,10917
437,AKAP17A,ENSG00000292343,10917
438,AKAP3,ENSG00000111254,33544
439,AKAP4,ENSG00000147081,10231
440,AKAP5,ENSG00000179841,9005
441,AKAP6,ENSG00000151320,508387
442,AKAP7,ENSG00000118507,148069
443,AKAP8,ENSG00000105127,26431
444,AKAP8L,ENSG00000011243,39092
445,AKAP9,ENSG00000127914,169834
446,AKIP1,ENSG00000166452,8946
447,AKIRIN1,ENSG00000174574,14784
448,AKIRIN2,ENSG00000135334,27374
449,AKNA,ENSG00000106948,60250
450,AKNAD1,ENSG00000162641,147587
451,AKR1A1,ENSG00000117448,19507
452,AKR1B1,ENSG00000085662,16929
453,AKR1B10,ENSG00000198074,13846
454,AKR1B15,ENSG00000227471,30766
455,AKR1C2,ENSG00000151632,30257
456,AKR1C3,ENSG00000196139,72333
457,AKR1C4,ENSG00000198610,23488
458,AKR1D1,ENSG00000122787,115982
459,AKR1E2,ENSG00000165568,61434
460,AKR7A2,ENSG00000053371,10154
461,AKR7A2P1,ENSG00000229020,915
462,AKR7A3,ENSG00000162482,6198
463,AKT1,ENSG00000142208,26411
464,AKT1S1,ENSG00000204673,9427
465,AKT2,ENSG00000105221,55220
466,AKT3,ENSG00000117020,362847
467,AKTIP,ENSG00000166971,13372
468,ALAD,ENSG00000148218,14979
469,ALAS1,ENSG00000023330,16242
470,ALAS2,ENSG00000158578,21923
471,ALB,ENSG00000163631,24369
472,ALCAM,ENSG00000170017,209992
473,ALDH16A1,ENSG00000161618,17826
474,ALDH18A1,ENSG00000059573,50771
475,ALDH1A1,ENSG00000165092,179772
476,ALDH1A2,ENSG00000128918,544443
477,ALDH1A3,ENSG00000184254,54703
478,ALDH1B1,ENSG00000137124,5960
479,ALDH1L1,ENSG00000144908,94433
480,ALDH1L2,ENSG00000136010,87860
481,ALDH2,ENSG00000111275,50646
482,ALDH3A1,ENSG00000108602,10960
483,ALDH3A2,ENSG00000072210,37625
484,ALDH3B1,ENSG00000006534,20705
485,ALDH3B2,ENSG00000132746,19070
486,ALDH4A1,ENSG00000159423,31295
487,ALDH5A1,ENSG00000112294,42341
488,ALDH6A1,ENSG00000119711,27646
489,ALDH7A1,ENSG00000164904,64163
490,ALDH8A1,ENSG00000118514,32723
491,ALDH9A1,ENSG00000143149,36347
492,ALDOB,ENSG00000136872,29105
493,ALDOC,ENSG00000109107,3834
494,ALG1,ENSG00000033011,53678
495,ALG10,ENSG00000139133,7227
496,ALG10B,ENSG00000175548,12960
497,ALG11,ENSG00000253710,66842
498,ALG12,ENSG00000182858,18210
499,ALG13,ENSG00000101901,94839
500,ALG14,ENSG00000172339,98547
501,ALG1L2,ENSG00000251287,31397
502,ALG2,ENSG00000119523,5518
503,ALG3,ENSG00000214160,7248
504,ALG5,ENSG00000120697,51026
505,ALG6,ENSG00000088035,70979
506,ALG8,ENSG00000159063,44417
507,ALG9,ENSG00000086848,89387
508,ALK,ENSG00000171094,728813
509,ALKBH1,ENSG00000100601,35620
510,ALKBH2,ENSG00000189046,5444
511,ALKBH3,ENSG00000166199,39464
512,ALKBH4,ENSG00000160993,8626
513,ALKBH5,ENSG00000091542,26877
514,ALKBH6,ENSG00000239382,5120
515,ALKBH7,ENSG00000125652,2457
516,ALKBH8,ENSG00000137760,63016
517,ALLC,ENSG00000151360,44472
518,ALMS1,ENSG00000116127,239409
519,ALOX12,ENSG00000108839,14706
520,ALOX12B,ENSG00000179477,15081
521,ALOX15,ENSG00000161905,11376
522,ALOX15B,ENSG00000179593,10101
523,ALOX5,ENSG00000012779,71944
524,ALOX5AP,ENSG00000132965,50949
525,ALOXE3,ENSG00000179148,23148
526,ALPI,ENSG00000163295,4629
527,ALPK1,ENSG00000073331,157113
528,ALPK2,ENSG00000198796,147845
529,ALPK3,ENSG00000136383,56124
530,ALPL,ENSG00000162551,69014
531,ALPP,ENSG00000163283,4166
532,ALS2,ENSG00000003393,81846
533,ALS2CL,ENSG00000178038,24710
534,ALX1,ENSG00000180318,21565
535,ALX3,ENSG00000156150,10803
536,ALX4,ENSG00000052850,49700
537,ALYREF,ENSG00000183684,3752
538,AMACR,ENSG00000242110,21940
539,AMBN,ENSG00000178522,15033
540,AMBP,ENSG00000106927,18202
541,AMBRA1,ENSG00000110497,197712
542,AMD1,ENSG00000123505,24110
543,AMDHD1,ENSG00000139344,25390
544,AMDHD2,ENSG00000162066,11066
545,AMELX,ENSG00000125363,7349
546,AMELY,ENSG00000099721,45835
547,AMFR,ENSG00000159461,64094
548,AMH,ENSG00000104899,2765
549,AMHR2,ENSG00000135409,7818
550,AMIGO1,ENSG00000181754,5561
551,AMIGO2,ENSG00000139211,4253
552,AMIGO3,ENSG00000176020,2856
553,AMMECR1,ENSG00000101935,246133
554,AMMECR1L,ENSG00000144233,24338
555,AMN,ENSG00000166126,10934
556,AMN1,ENSG00000151743,57980
557,AMOT,ENSG00000126016,66329
558,AMOTL1,ENSG00000166025,170318
559,AMOTL2,ENSG00000114019,20133
560,AMPD1,ENSG00000116748,22529
561,AMPD2,ENSG00000116337,15948
562,AMPD3,ENSG00000133805,199267
563,AMPH,ENSG00000078053,247717
564,AMT,ENSG00000145020,5908
565,AMTN,ENSG00000187689,14175
566,AMY2A,ENSG00000243480,8354
567,AMY2B,ENSG00000240038,25720
568,AMZ1,ENSG00000174945,95979
569,AMZ2,ENSG00000196704,52232
570,AMZ2P1,ENSG00000214174,5296
571,AMZ2P1,ENSG00000291140,9259
572,ANAPC1,ENSG00000153107,273052
573,ANAPC10,ENSG00000164162,266634
574,ANAPC11,ENSG00000141552,10202
575,ANAPC13,ENSG00000129055,9011
576,ANAPC16,ENSG00000166295,19861
577,ANAPC2,ENSG00000176248,13777
578,ANAPC4,ENSG00000053900,41236
579,ANAPC5,ENSG00000089053,91652
580,ANAPC7,ENSG00000196510,30831
581,ANG,ENSG00000214274,14795
582,ANGEL1,ENSG00000013523,44514
583,ANGEL2,ENSG00000174606,23686
584,ANGPT1,ENSG00000154188,248574
585,ANGPT2,ENSG00000091879,63778
586,ANGPT4,ENSG00000101280,46435
587,ANGPTL1,ENSG00000116194,21543
588,ANGPTL2,ENSG00000136859,35288
589,ANGPTL3,ENSG00000132855,8794
590,ANGPTL4,ENSG00000167772,11082
591,ANGPTL5,ENSG00000187151,25849
592,ANGPTL6,ENSG00000130812,10341
593,ANGPTL7,ENSG00000171819,6627
594,ANK1,ENSG00000029534,243522
595,ANK2,ENSG00000145362,566190
596,ANK3,ENSG00000151150,707193
597,ANKAR,ENSG00000151687,86904
598,ANKDD1A,ENSG00000166839,46790
599,ANKFN1,ENSG00000153930,634716
600,ANKFY1,ENSG00000185722,100175
601,ANKH,ENSG00000154122,166979
602,ANKIB1,ENSG00000001629,155410
603,ANKK1,ENSG00000170209,12638
604,ANKLE1,ENSG00000160117,6002
605,ANKLE2,ENSG00000176915,36330
606,ANKMY1,ENSG00000144504,89788
607,ANKMY2,ENSG00000106524,46039
608,ANKRA2,ENSG00000164331,13478
609,ANKRD1,ENSG00000148677,8992
610,ANKRD10,ENSG00000088448,36530
611,ANKRD11,ENSG00000167522,222943
612,ANKRD12,ENSG00000101745,149758
613,ANKRD13A,ENSG00000076513,40578
614,ANKRD13B,ENSG00000198720,24993
615,ANKRD13C,ENSG00000118454,95736
616,ANKRD13D,ENSG00000172932,13186
617,ANKRD16,ENSG00000134461,28291
618,ANKRD17,ENSG00000132466,185423
619,ANKRD18A,ENSG00000180071,80030
620,ANKRD2,ENSG00000165887,11386
621,ANKRD20A9P,ENSG00000206192,55250
622,ANKRD22,ENSG00000152766,31949
623,ANKRD23,ENSG00000163126,33409
624,ANKRD24,ENSG00000089847,42126
625,ANKRD26,ENSG00000107890,126702
626,ANKRD26P1,ENSG00000261239,50611
627,ANKRD26P3,ENSG00000237636,59841
628,ANKRD26P3,ENSG00000293699,82288
629,ANKRD27,ENSG00000105186,79592
630,ANKRD28,ENSG00000206560,192536
631,ANKRD29,ENSG00000154065,63986
632,ANKRD30A,ENSG00000148513,106970
633,ANKRD30B,ENSG00000180777,126396
634,ANKRD30BL,ENSG00000163046,110379
635,ANKRD31,ENSG00000145700,168637
636,ANKRD33,ENSG00000167612,3719
637,ANKRD33B,ENSG00000164236,93747
638,ANKRD34A,ENSG00000272031,5135
639,ANKRD34B,ENSG00000189127,13526
640,ANKRD34C,ENSG00000235711,15518
641,ANKRD35,ENSG00000198483,19307
642,ANKRD36,ENSG00000135976,151369
643,ANKRD36B,ENSG00000196912,97215
644,ANKRD37,ENSG00000186352,4608
645,ANKRD39,ENSG00000213337,21406
646,ANKRD40,ENSG00000154945,14717
647,ANKRD42,ENSG00000137494,66983
648,ANKRD44,ENSG00000065413,344157
649,ANKRD45,ENSG00000183831,61516
650,ANKRD46,ENSG00000186106,50033
651,ANKRD49,ENSG00000168876,5600
652,ANKRD50,ENSG00000151458,48685
653,ANKRD52,ENSG00000139645,20578
654,ANKRD53,ENSG00000144031,7120
655,ANKRD54,ENSG00000100124,18473
656,ANKRD55,ENSG00000164512,133651
657,ANKRD6,ENSG00000135299,200683
658,ANKRD63,ENSG00000230778,4693
659,ANKRD65,ENSG00000235098,3350
660,ANKRD7,ENSG00000106013,281503
661,ANKRD9,ENSG00000156381,8033
662,ANKS1A,ENSG00000064999,202152
663,ANKS1B,ENSG00000185046,1258480
664,ANKS3,ENSG00000168096,37869
665,ANKS4B,ENSG00000175311,20152
666,ANKS6,ENSG00000165138,65637
667,ANKUB1,ENSG00000206199,207286
668,ANKZF1,ENSG00000163516,6897
669,ANLN,ENSG00000011426,63971
670,ANO1,ENSG00000131620,203624
671,ANO10,ENSG00000160746,336736
672,ANO2,ENSG00000047617,414364
673,ANO3,ENSG00000134343,474448
674,ANO4,ENSG00000151572,411116
675,ANO5,ENSG00000171714,500909
676,ANO6,ENSG00000177119,266294
677,ANO7,ENSG00000146205,37468
678,ANO8,ENSG00000074855,11633
679,ANO9,ENSG00000185101,24079
680,ANP32A,ENSG00000140350,42363
681,ANP32AP1,ENSG00000259516,737
682,ANP32B,ENSG00000136938,32603
683,ANP32D,ENSG00000139223,1064
684,ANP32E,ENSG00000143401,17740
685,ANPEP,ENSG00000166825,30507
686,ANTXR1,ENSG00000169604,236152
687,ANTXR2,ENSG00000163297,224309
688,ANXA1,ENSG00000135046,18765
689,ANXA10,ENSG00000109511,95200
690,ANXA11,ENSG00000122359,54684
691,ANXA13,ENSG00000104537,56609
692,ANXA2,ENSG00000182718,55750
693,ANXA2P1,ENSG00000213406,926
694,ANXA2P3,ENSG00000216740,1008
695,ANXA3,ENSG00000138772,58705
696,ANXA4,ENSG00000196975,182688
697,ANXA5,ENSG00000164111,29050
698,ANXA6,ENSG00000197043,57110
699,ANXA7,ENSG00000138279,38976
700,ANXA8L1,ENSG00000264230,16158
701,ANXA9,ENSG00000143412,13386
702,AOAH,ENSG00000136250,215242
703,AOC2,ENSG00000131480,6128
704,AOC3,ENSG00000131471,6947
705,AOX1,ENSG00000138356,91051
706,AP1AR,ENSG00000138660,41371
707,AP1B1,ENSG00000100280,60904
708,AP1B1P1,ENSG00000234479,191
709,AP1B1P1,ENSG00000290475,21468
710,AP1G1,ENSG00000166747,80202
711,AP1G2,ENSG00000213983,8506
712,AP1M1,ENSG00000072958,48053
713,AP1M2,ENSG00000129354,14645
714,AP1S1,ENSG00000106367,7141
715,AP1S2,ENSG00000182287,29126
716,AP1S3,ENSG00000152056,170348
717,AP2A1,ENSG00000196961,40114
718,AP2A2,ENSG00000183020,87365
719,AP2B1,ENSG00000006125,148368
720,AP2M1,ENSG00000161203,9526
721,AP2S1,ENSG00000042753,12711
722,AP3B1,ENSG00000132842,303123
723,AP3B2,ENSG00000103723,50832
724,AP3D1,ENSG00000065000,63481
725,AP3M1,ENSG00000185009,30588
726,AP3M2,ENSG00000070718,18728
727,AP3S1,ENSG00000177879,72490
728,AP4E1,ENSG00000081014,97224
729,AP4M1,ENSG00000221838,9488
730,APAF1,ENSG00000120868,90285
731,APBA1,ENSG00000107282,244840
732,APBA2,ENSG00000034053,233833
733,APBA3,ENSG00000011132,10921
734,APBB1,ENSG00000166313,24290
735,APBB1IP,ENSG00000077420,130109
736,APBB2,ENSG00000163697,406688
737,APBB3,ENSG00000113108,6514
738,APC,ENSG00000134982,138722
739,APC2,ENSG00000115266,26943
740,APCDD1,ENSG00000154856,35315
741,APCDD1L,ENSG00000198768,56299
742,APCS,ENSG00000132703,1040
743,APEH,ENSG00000164062,9958
744,APEX2,ENSG00000169188,8695
745,APH1A,ENSG00000117362,4182
746,APH1B,ENSG00000138613,33109
747,API5,ENSG00000166181,32567
748,APIP,ENSG00000149089,63286
749,APLF,ENSG00000169621,188291
750,APLN,ENSG00000171388,9698
751,APLNR,ENSG00000134817,3674
752,APLP1,ENSG00000105290,11905
753,APOA1,ENSG00000118137,1872
754,APOA2,ENSG00000158874,1342
755,APOA4,ENSG00000110244,2605
756,APOA5,ENSG00000110243,3054
757,APOB,ENSG00000084674,42645
758,APOBEC1,ENSG00000111701,16509
759,APOBEC2,ENSG00000124701,11690
760,APOBEC3B,ENSG00000179750,10458
761,APOBEC3C,ENSG00000244509,6096
762,APOBEC3D,ENSG00000243811,12165
763,APOBEC3F,ENSG00000128394,15369
764,APOBEC3H,ENSG00000100298,6844
765,APOBEC4,ENSG00000173627,7042
766,APOBR,ENSG00000184730,4322
767,APOC1,ENSG00000130208,5103
768,APOC3,ENSG00000110245,3367
769,APOC4,ENSG00000267467,3260
770,APOD,ENSG00000189058,15329
771,APOE,ENSG00000130203,3603
772,APOF,ENSG00000175336,2290
773,APOH,ENSG00000091583,44493
774,APOL1,ENSG00000100342,14460
775,APOL2,ENSG00000128335,13746
776,APOL3,ENSG00000128284,26386
777,APOL4,ENSG00000100336,15717
778,APOL5,ENSG00000128313,11612
779,APOL6,ENSG00000221963,19959
780,APOM,ENSG00000204444,5795
781,APOO,ENSG00000184831,74586
782,APOOL,ENSG00000155008,89439
783,APP,ENSG00000142192,290594
784,APPBP2,ENSG00000062725,83085
785,APPL1,ENSG00000157500,50380
786,APPL2,ENSG00000136044,62907
787,APRT,ENSG00000198931,2599
788,APTX,ENSG00000137074,138530
789,AQP10,ENSG00000143595,4236
790,AQP11,ENSG00000178301,20966
791,AQP12A,ENSG00000184945,6618
792,AQP12B,ENSG00000185176,6489
793,AQP2,ENSG00000167580,8142
794,AQP3,ENSG00000165272,6441
795,AQP4,ENSG00000171885,13729
796,AQP5,ENSG00000161798,3811
797,AQP6,ENSG00000086159,9946
798,AQP7,ENSG00000165269,19504
799,AQP7P1,ENSG00000186466,16025
800,AQP8,ENSG00000103375,13202
801,AQP9,ENSG00000103569,47743
802,AQR,ENSG00000021776,117961
803,AR,ENSG00000169083,186599
804,ARAF,ENSG00000078061,10704
805,ARAP1,ENSG00000186635,108531
806,ARAP2,ENSG00000047365,296294
807,ARAP3,ENSG00000120318,28830
808,ARC,ENSG00000198576,3431
809,ARCN1,ENSG00000095139,30644
810,AREG,ENSG00000109321,9870
811,ARF1,ENSG00000143761,16505
812,ARF3,ENSG00000134287,21765
813,ARF4,ENSG00000168374,26858
814,ARF5,ENSG00000004059,3315
815,ARF6,ENSG00000165527,3976
816,ARFGAP1,ENSG00000101199,17006
817,ARFGAP2,ENSG00000149182,12827
818,ARFGAP3,ENSG00000242247,61605
819,ARFGEF1,ENSG00000066777,170271
820,ARFGEF2,ENSG00000124198,114983
821,ARFIP1,ENSG00000164144,138527
822,ARFIP2,ENSG00000132254,6797
823,ARFRP1,ENSG00000101246,9384
824,ARG1,ENSG00000118520,113501
825,ARG2,ENSG00000081181,31789
826,ARGFX,ENSG00000186103,22674
827,ARGLU1,ENSG00000134884,26465
828,ARHGAP1,ENSG00000175220,23540
829,ARHGAP10,ENSG00000071205,340714
830,ARHGAP11A,ENSG00000198826,24798
831,ARHGAP11B,ENSG00000285077,25036
832,ARHGAP12,ENSG00000165322,123479
833,ARHGAP15,ENSG00000075884,676991
834,ARHGAP17,ENSG00000140750,96278
835,ARHGAP18,ENSG00000146376,134046
836,ARHGAP19,ENSG00000213390,70501
837,ARHGAP20,ENSG00000137727,136148
838,ARHGAP21,ENSG00000107863,140279
839,ARHGAP22,ENSG00000128805,210230
840,ARHGAP23,ENSG00000275832,93106
841,ARHGAP24,ENSG00000138639,527519
842,ARHGAP25,ENSG00000163219,147233
843,ARHGAP26,ENSG00000145819,458635
844,ARHGAP27,ENSG00000159314,40520
845,ARHGAP28,ENSG00000088756,186001
846,ARHGAP29,ENSG00000137962,126081
847,ARHGAP30,ENSG00000186517,23025
848,ARHGAP31,ENSG00000031081,126332
849,ARHGAP32,ENSG00000134909,314265
850,ARHGAP33,ENSG00000004777,14291
851,ARHGAP35,ENSG00000160007,144081
852,ARHGAP36,ENSG00000147256,31540
853,ARHGAP39,ENSG00000147799,156668
854,ARHGAP4,ENSG00000089820,27633
855,ARHGAP40,ENSG00000124143,49227
856,ARHGAP42,ENSG00000165895,306654
857,ARHGAP44,ENSG00000006740,202146
858,ARHGAP5,ENSG00000100852,83615
859,ARHGAP6,ENSG00000047648,548270
860,ARHGAP9,ENSG00000123329,16551
861,ARHGDIA,ENSG00000141522,3660
862,ARHGDIB,ENSG00000111348,19698
863,ARHGDIG,ENSG00000242173,2561
864,ARHGEF1,ENSG00000076928,46978
865,ARHGEF10,ENSG00000104728,134716
866,ARHGEF10L,ENSG00000074964,158177
867,ARHGEF11,ENSG00000132694,112064
868,ARHGEF12,ENSG00000196914,153525
869,ARHGEF15,ENSG00000198844,12274
870,ARHGEF16,ENSG00000130762,26449
871,ARHGEF17,ENSG00000110237,61113
872,ARHGEF18,ENSG00000104880,123549
873,ARHGEF19,ENSG00000142632,14799
874,ARHGEF2,ENSG00000116584,60220
875,ARHGEF25,ENSG00000240771,7066
876,ARHGEF3,ENSG00000163947,351912
877,ARHGEF33,ENSG00000214694,85580
878,ARHGEF35,ENSG00000213214,9797
879,ARHGEF37,ENSG00000183111,83022
880,ARHGEF38,ENSG00000236699,155474
881,ARHGEF40,ENSG00000165801,19976
882,ARHGEF5,ENSG00000050327,25345
883,ARHGEF6,ENSG00000129675,115386
884,ARHGEF7,ENSG00000102606,191179
885,ARHGEF9,ENSG00000131089,174308
886,ARID1A,ENSG00000117713,88869
887,ARID1B,ENSG00000049618,434760
888,ARID2,ENSG00000189079,178335
889,ARID3A,ENSG00000116017,50159
890,ARID3B,ENSG00000179361,56926
891,ARID3C,ENSG00000205143,8018
892,ARID4A,ENSG00000032219,75384
893,ARID4B,ENSG00000054267,196586
894,ARID5A,ENSG00000196843,15896
895,ARID5B,ENSG00000150347,195261
896,ARIH1,ENSG00000166233,128658
897,ARIH2,ENSG00000177479,67562
898,ARL1,ENSG00000120805,14657
899,ARL10,ENSG00000175414,36379
900,ARL11,ENSG00000152213,5366
901,ARL13A,ENSG00000174225,21124
902,ARL13B,ENSG00000169379,75540
903,ARL14,ENSG00000179674,1289
904,ARL15,ENSG00000185305,426641
905,ARL16,ENSG00000214087,2633
906,ARL17A,ENSG00000185829,79916
907,ARL2,ENSG00000213465,8025
908,ARL2BP,ENSG00000102931,8377
909,ARL3,ENSG00000138175,40667
910,ARL4A,ENSG00000122644,4103
911,ARL4C,ENSG00000188042,4041
912,ARL4D,ENSG00000175906,2145
913,ARL5A,ENSG00000162980,39509
914,ARL5B,ENSG00000165997,22209
915,ARL5C,ENSG00000141748,10591
916,ARL6,ENSG00000113966,36709
917,ARL6IP1,ENSG00000170540,9964
918,ARL6IP4,ENSG00000182196,2854
919,ARL6IP5,ENSG00000144746,21156
920,ARL6IP6,ENSG00000177917,44750
921,ARL8A,ENSG00000143862,11340
922,ARL8B,ENSG00000134108,58663
923,ARL9,ENSG00000196503,19751
924,ARMC1,ENSG00000104442,31760
925,ARMC10,ENSG00000170632,24879
926,ARMC12,ENSG00000157343,12048
927,ARMC2,ENSG00000118690,126061
928,ARMC3,ENSG00000165309,110500
929,ARMC5,ENSG00000140691,9087
930,ARMC6,ENSG00000105676,26737
931,ARMC7,ENSG00000125449,20321
932,ARMC8,ENSG00000114098,111137
933,ARMC9,ENSG00000135931,178303
934,ARMCX1,ENSG00000126947,4154
935,ARMCX2,ENSG00000184867,4570
936,ARMCX3,ENSG00000102401,5047
937,ARMCX4,ENSG00000196440,115173
938,ARMCX5,ENSG00000125962,4992
939,ARMCX6,ENSG00000198960,2884
940,ARMS2,ENSG00000254636,2700
941,ARNT,ENSG00000143437,66996
942,ARNT2,ENSG00000172379,193584
943,ARPC1A,ENSG00000241685,40365
944,ARPC1B,ENSG00000130429,20568
945,ARPC2,ENSG00000163466,37216
946,ARPC3,ENSG00000111229,15600
947,ARPC5,ENSG00000162704,14938
948,ARPC5L,ENSG00000136950,15604
949,ACTRT3,ENSG00000184378,2641
950,ARPP19,ENSG00000128989,22839
951,ARPP21,ENSG00000172995,155552
952,ARR3,ENSG00000120500,13536
953,ARRB1,ENSG00000137486,91584
954,ARRB2,ENSG00000141480,10904
955,ARRDC1,ENSG00000197070,9676
956,ARRDC2,ENSG00000105643,12971
957,ARRDC3,ENSG00000113369,14687
958,ARRDC4,ENSG00000140450,13131
959,ARRDC5,ENSG00000205784,12512
960,ARSA,ENSG00000100299,5420
961,ARSB,ENSG00000113273,208879
962,ARSD,ENSG00000006756,25378
963,ARSF,ENSG00000062096,71257
964,ARSG,ENSG00000141337,163550
965,ARSH,ENSG00000205667,27566
966,ARSI,ENSG00000183876,42965
967,ARSJ,ENSG00000180801,79444
968,ARSK,ENSG00000164291,50002
969,ART1,ENSG00000129744,19289
970,ART3,ENSG00000156219,102865
971,ART4,ENSG00000111339,17958
972,ART5,ENSG00000167311,3805
973,ARTN,ENSG00000117407,3921
974,ARV1,ENSG00000173409,21753
975,ARVCF,ENSG00000099889,46928
976,ARX,ENSG00000004848,12727
977,AS3MT,ENSG00000214435,32430
978,ASAH1,ENSG00000104763,29007
979,ASAH2,ENSG00000188611,96943
980,ASAH2B,ENSG00000204147,77178
981,ASAP1,ENSG00000153317,391571
982,ASAP2,ENSG00000151693,198919
983,ASAP3,ENSG00000088280,56075
984,ASB1,ENSG00000065802,25509
985,ASB10,ENSG00000146926,12135
986,ASB11,ENSG00000165192,33944
987,ASB13,ENSG00000196372,27729
988,ASB14,ENSG00000239388,24344
989,ASB15,ENSG00000146809,72472
990,ASB16,ENSG00000161664,8638
991,ASB17,ENSG00000154007,13532
992,ASB18,ENSG00000182177,70951
993,ASB2,ENSG00000100628,42574
994,ASB4,ENSG00000005981,61790
995,ASB5,ENSG00000164122,63899
996,ASB6,ENSG00000148331,7566
997,ASB7,ENSG00000183475,49113
998,ASB8,ENSG00000177981,33425
999,ASB9,ENSG00000102048,35180
1000,ASB9P1,ENSG00000258527,793
1001,ASCC1,ENSG00000138303,121103
1002,ASCC2,ENSG00000100325,49696
1003,ASCC3,ENSG00000112249,373179
1004,ASCL1,ENSG00000139352,2840
1005,ASCL3,ENSG00000176009,5439
1006,ASCL4,ENSG00000187855,1941
1007,ASF1A,ENSG00000111875,15020
1008,ASF1B,ENSG00000105011,17102
1009,ASGR1,ENSG00000141505,6134
1010,ASGR2,ENSG00000161944,14379
1011,ASH1L,ENSG00000116539,227895
1012,ASH2L,ENSG00000129691,38584
1013,ASIP,ENSG00000101440,74776
1014,ASL,ENSG00000126522,18898
1015,ASMT,ENSG00000196433,28023
1016,ASMT,ENSG00000292336,28023
1017,ASMTL,ENSG00000169093,50624
1018,ASMTL,ENSG00000292339,50624
1019,ASNS,ENSG00000070669,20866
1020,ASNSD1,ENSG00000138381,9447
1021,ASPA,ENSG00000108381,31032
1022,ASPDH,ENSG00000204653,3091
1023,ASPG,ENSG00000166183,29897
1024,ASPH,ENSG00000198363,214085
1025,ASPHD1,ENSG00000174939,19490
1026,ASPHD2,ENSG00000128203,15756
1027,ASPM,ENSG00000066279,62574
1028,ASPN,ENSG00000106819,26302
1029,ASPRV1,ENSG00000244617,1543
1030,ASRGL1,ENSG00000162174,55965
1031,ASS1,ENSG00000130707,56314
1032,ASTE1,ENSG00000034533,13775
1033,ASTL,ENSG00000188886,15685
1034,ASTN1,ENSG00000152092,307672
1035,ASTN2,ENSG00000148219,991959
1036,ASXL1,ENSG00000171456,80990
1037,ASXL2,ENSG00000143970,144735
1038,ASXL3,ENSG00000141431,172977
1039,ASZ1,ENSG00000154438,64902
1040,ATAD1,ENSG00000138138,89850
1041,ATAD2,ENSG00000156802,96501
1042,ATAD2B,ENSG00000119778,178460
1043,ATAD3A,ENSG00000197785,22524
1044,ATAD3B,ENSG00000160072,26084
1045,ATAD3C,ENSG00000215915,20475
1046,ATAD5,ENSG00000176208,63904
1047,ATAT1,ENSG00000137343,19982
1048,ATCAY,ENSG00000167654,48219
1049,ATE1,ENSG00000107669,219409
1050,ATF1,ENSG00000123268,57453
1051,ATF2,ENSG00000115966,96133
1052,ATF3,ENSG00000162772,55444
1053,ATF4,ENSG00000128272,2992
1054,ATF5,ENSG00000169136,5234
1055,ATF6,ENSG00000118217,211277
1056,ATF6B,ENSG00000213676,12990
1057,ATF7,ENSG00000170653,118555
1058,ATF7IP,ENSG00000171681,137256
1059,ATF7IP2,ENSG00000166669,157205
1060,ATG10,ENSG00000152348,304835
1061,ATG12,ENSG00000145782,13638
1062,ATG13,ENSG00000175224,57292
1063,ATG14,ENSG00000126775,45440
1064,ATG16L1,ENSG00000085978,85624
1065,ATG16L2,ENSG00000168010,29269
1066,ATG2A,ENSG00000110046,22664
1067,ATG2B,ENSG00000066739,84147
1068,ATG3,ENSG00000144848,29537
1069,ATG4A,ENSG00000101844,63004
1070,ATG4B,ENSG00000168397,36645
1071,ATG4C,ENSG00000125703,81385
1072,ATG4D,ENSG00000130734,9524
1073,ATG5,ENSG00000057663,280369
1074,ATG7,ENSG00000197548,285357
1075,ATG9A,ENSG00000198925,10338
1076,ATG9B,ENSG00000181652,12291
1077,ATIC,ENSG00000138363,37818
1078,ATL1,ENSG00000198513,101509
1079,ATL2,ENSG00000119787,83332
1080,ATL3,ENSG00000184743,47835
1081,ATM,ENSG00000149311,146299
1082,ATMIN,ENSG00000166454,11509
1083,ATN1,ENSG00000111676,17859
1084,ATOH1,ENSG00000172238,2212
1085,ATOH7,ENSG00000179774,1519
1086,ATOH8,ENSG00000168874,40040
1087,ATOX1,ENSG00000177556,30217
1088,ATP10A,ENSG00000206190,187912
1089,ATP10B,ENSG00000118322,289095
1090,ATP10D,ENSG00000145246,108212
1091,ATP11A,ENSG00000068650,197131
1092,ATP11B,ENSG00000058063,129509
1093,ATP11C,ENSG00000101974,218931
1094,ATP12A,ENSG00000075673,32065
1095,ATP13A1,ENSG00000105726,18479
1096,ATP13A2,ENSG00000159363,25971
1097,ATP13A3,ENSG00000133657,95693
1098,ATP13A4,ENSG00000127249,194145
1099,ATP13A5,ENSG00000187527,104032
1100,ATP1A1,ENSG00000163399,37594
1101,ATP1A2,ENSG00000018625,27833
1102,ATP1A3,ENSG00000105409,30916
1103,ATP1A4,ENSG00000132681,35395
1104,ATP1B1,ENSG00000143153,205296
1105,ATP1B2,ENSG00000129244,11144
1106,ATP1B3,ENSG00000069849,50426
1107,ATP1B4,ENSG00000101892,21165
1108,ATP2A1,ENSG00000196296,26062
1109,ATP2A2,ENSG00000174437,70338
1110,ATP2A3,ENSG00000074370,40597
1111,ATP2B1,ENSG00000070961,121318
1112,ATP2B2,ENSG00000157087,383985
1113,ATP2B3,ENSG00000067842,65298
1114,ATP2B4,ENSG00000058668,117250
1115,ATP2C1,ENSG00000017260,166118
1116,ATP2C2,ENSG00000064270,95661
1117,ATP4A,ENSG00000105675,13628
1118,ATP4B,ENSG00000186009,9395
1119,ATP6AP1,ENSG00000071553,7884
1120,ATP6AP1L,ENSG00000205464,22852
1121,ATP6AP2,ENSG00000182220,27477
1122,ATP6V0A1,ENSG00000033627,63739
1123,ATP6V0A2,ENSG00000185344,49403
1124,ATP6V0A4,ENSG00000105929,93267
1125,ATP6V0B,ENSG00000117410,3809
1126,ATP6V0C,ENSG00000185883,6267
1127,ATP6V0CP3,ENSG00000213435,467
1128,ATP6V0D1,ENSG00000159720,43168
1129,ATP6V0D2,ENSG00000147614,166903
1130,ATP6V0E1,ENSG00000113732,51675
1131,ATP6V0E2,ENSG00000171130,18237
1132,ATP6V1A,ENSG00000114573,65287
1133,ATP6V1B1,ENSG00000116039,29532
1134,ATP6V1B2,ENSG00000147416,33019
1135,ATP6V1C1,ENSG00000155097,51989
1136,ATP6V1C2,ENSG00000143882,64011
1137,ATP6V1D,ENSG00000100554,65895
1138,ATP6V1E1,ENSG00000131100,36614
1139,ATP6V1E2,ENSG00000250565,51828
1140,ATP6V1F,ENSG00000128524,2992
1141,ATP6V1G1,ENSG00000136888,11210
1142,ATP6V1G2,ENSG00000213760,3984
1143,ATP6V1G3,ENSG00000151418,17724
1144,ATP6V1H,ENSG00000047249,128016
1145,ATP7A,ENSG00000165240,139706
1146,ATP7B,ENSG00000123191,81690
1147,ATP8A1,ENSG00000124406,248749
1148,ATP8A2,ENSG00000132932,653878
1149,ATP8B1,ENSG00000081923,156890
1150,ATP8B2,ENSG00000143515,25780
1151,ATP8B3,ENSG00000130270,30202
1152,ATP8B4,ENSG00000104043,324580
1153,ATP9A,ENSG00000054793,171877
1154,ATP9B,ENSG00000166377,309003
1155,ATPAF1,ENSG00000123472,41131
1156,ATPAF2,ENSG00000171953,61801
1157,ATR,ENSG00000175054,129727
1158,ATRIP,ENSG00000164053,20936
1159,ATRN,ENSG00000088812,180101
1160,ATRNL1,ENSG00000107518,855635
1161,ATRX,ENSG00000085224,281354
1162,ATXN1,ENSG00000124788,462380
1163,ATXN10,ENSG00000130638,173510
1164,ATXN1L,ENSG00000224470,76830
1165,ATXN2,ENSG00000204842,156192
1166,ATXN2L,ENSG00000168488,14239
1167,ATXN3,ENSG00000066427,62126
1168,ATXN3L,ENSG00000123594,1407
1169,ATXN7,ENSG00000163635,140308
1170,ATXN7L1,ENSG00000146776,271828
1171,ATXN7L2,ENSG00000162650,9326
1172,ATXN7L3,ENSG00000087152,8309
1173,ATXN7L3B,ENSG00000253719,7596
1174,ATXN8OS,ENSG00000230223,64526
1175,AUH,ENSG00000148090,148104
1176,AUP1,ENSG00000115307,3116
1177,AURKA,ENSG00000087586,22949
1178,AURKAIP1,ENSG00000175756,1478
1179,AURKB,ENSG00000178999,5868
1180,AURKC,ENSG00000105146,4540
1181,AUTS2,ENSG00000158321,1195211
1182,AVEN,ENSG00000169857,216374
1183,AVIL,ENSG00000135407,21359
1184,AVL9,ENSG00000105778,93301
1185,AVP,ENSG00000101200,2169
1186,AVPI1,ENSG00000119986,9818
1187,AVPR1A,ENSG00000166148,8443
1188,AVPR1B,ENSG00000198049,10764
1189,AVPR2,ENSG00000126895,4636
1190,AWAT1,ENSG00000204195,6005
1191,AWAT2,ENSG00000147160,9397
1192,AXDND1,ENSG00000162779,189016
1193,AXIN1,ENSG00000103126,65284
1194,AXIN2,ENSG00000168646,33086
1195,AXL,ENSG00000167601,42544
1196,AZGP1,ENSG00000160862,9323
1197,AZI2,ENSG00000163512,34048
1198,AZIN1,ENSG00000155096,67754
1199,AZU1,ENSG00000172232,6922
1200,B2M,ENSG00000166710,7494
1201,B3GALNT1,ENSG00000169255,21529
1202,B3GALNT2,ENSG00000162885,57263
1203,B3GALT1,ENSG00000172318,581045
1204,B3GALT2,ENSG00000162630,7884
1205,B3GALT4,ENSG00000235863,7710
1206,B3GALT5,ENSG00000183778,116696
1207,B3GALT6,ENSG00000176022,2805
1208,B3GAT1,ENSG00000109956,33739
1209,B3GAT2,ENSG00000112309,100382
1210,B3GAT3,ENSG00000149541,6859
1211,B3GNT2,ENSG00000170340,28617
1212,B3GNT3,ENSG00000179913,18749
1213,B3GNT4,ENSG00000176383,5272
1214,B3GNT5,ENSG00000176597,45252
1215,B3GNT6,ENSG00000198488,7576
1216,B3GNT8,ENSG00000177191,3372
1217,B3GNTL1,ENSG00000175711,109661
1218,B4GALNT1,ENSG00000135454,9831
1219,B4GALNT2,ENSG00000167080,44381
1220,B4GALNT3,ENSG00000139044,103571
1221,B4GALNT4,ENSG00000182272,12619
1222,B4GALT1,ENSG00000086062,66844
1223,B4GALT2,ENSG00000117411,12228
1224,B4GALT3,ENSG00000158850,6659
1225,B4GALT4,ENSG00000121578,29215
1226,B4GALT5,ENSG00000158470,80934
1227,B4GALT6,ENSG00000118276,63591
1228,B4GALT7,ENSG00000027847,10199
1229,NCR3LG1,ENSG00000188211,25542
1230,B9D1,ENSG00000108641,43886
1231,B9D2,ENSG00000123810,9749
1232,BAALC,ENSG00000164929,89593
1233,BAAT,ENSG00000136881,31219
1234,BABAM1,ENSG00000105393,13874
1235,BACE1,ENSG00000186318,31028
1236,BACE2,ENSG00000182240,114730
1237,BACH1,ENSG00000156273,436681
1238,BACH2,ENSG00000112182,370316
1239,BAD,ENSG00000002330,14875
1240,BAG1,ENSG00000107262,16901
1241,BAG2,ENSG00000112208,17508
1242,BAG3,ENSG00000151929,26440
1243,BAG4,ENSG00000156735,36769
1244,BAG5,ENSG00000166170,6113
1245,BAG6,ENSG00000204463,13678
1246,BAHCC1,ENSG00000266074,70875
1247,BAHD1,ENSG00000140320,28516
1248,BAIAP2,ENSG00000175866,82313
1249,BAIAP2L1,ENSG00000006453,109441
1250,BAIAP2L2,ENSG00000128298,26364
1251,BAIAP3,ENSG00000007516,15802
1252,BAK1,ENSG00000030110,7747
1253,BAMBI,ENSG00000095739,5423
1254,BANF1,ENSG00000175334,1922
1255,BANF2,ENSG00000125888,42200
1256,BANK1,ENSG00000153064,663527
1257,BANP,ENSG00000172530,128075
1258,BAP1,ENSG00000163930,9001
1259,BARD1,ENSG00000138376,84038
1260,BARHL1,ENSG00000125492,7647
1261,BARHL2,ENSG00000143032,5764
1262,BARX1,ENSG00000131668,3729
1263,BARX2,ENSG00000043039,76432
1264,BASP1,ENSG00000176788,211246
1265,BASP1P1,ENSG00000230535,665
1266,BATF,ENSG00000156127,24539
1267,BATF2,ENSG00000168062,9074
1268,BATF3,ENSG00000123685,13424
1269,BAX,ENSG00000087088,6984
1270,BAZ1A,ENSG00000198604,122917
1271,BAZ1B,ENSG00000009954,81888
1272,BAZ2A,ENSG00000076108,41221
1273,BAZ2B,ENSG00000123636,301258
1274,BBC3,ENSG00000105327,11945
1275,BBOX1,ENSG00000129151,87085
1276,BBS1,ENSG00000174483,23008
1277,BBS10,ENSG00000179941,3942
1278,BBS12,ENSG00000181004,12241
1279,BBS2,ENSG00000125124,117028
1280,BBS4,ENSG00000140463,55821
1281,BBS7,ENSG00000138686,46159
1282,BBS9,ENSG00000122507,767624
1283,BBX,ENSG00000114439,288404
1284,BCAM,ENSG00000187244,12351
1285,BCAN,ENSG00000132692,18143
1286,BCAP29,ENSG00000075790,48925
1287,BCAP31,ENSG00000185825,24074
1288,BCAR1,ENSG00000050820,39873
1289,BCAR3,ENSG00000137936,285410
1290,BCAS1,ENSG00000064787,133818
1291,BCAS2,ENSG00000116752,14073
1292,BCAS3,ENSG00000141376,715386
1293,BCAS4,ENSG00000124243,82284
1294,BCAT1,ENSG00000060982,139078
1295,BCAT2,ENSG00000105552,15968
1296,BCCIP,ENSG00000107949,30150
1297,BCDIN3D,ENSG00000186666,7064
1298,BCHE,ENSG00000114200,64559
1299,BCKDHA,ENSG00000248098,27195
1300,BCKDHB,ENSG00000083123,239624
1301,BCKDK,ENSG00000103507,6685
1302,BCL10,ENSG00000142867,10857
1303,BCL11A,ENSG00000119866,103948
1304,BCL11B,ENSG00000127152,102911
1305,BCL2,ENSG00000171791,196783
1306,BCL2A1,ENSG00000140379,10305
1307,BCL2L1,ENSG00000171552,59538
1308,BCL2L10,ENSG00000137875,3513
1309,BCL2L11,ENSG00000153094,49067
1310,BCL2L12,ENSG00000126453,8775
1311,BCL2L13,ENSG00000099968,102001
1312,BCL2L14,ENSG00000121380,161241
1313,BCL2L15,ENSG00000188761,10766
1314,BCL3,ENSG00000069399,12340
1315,BCL6,ENSG00000113916,24349
1316,BCL6B,ENSG00000161940,7241
1317,BCL7A,ENSG00000110987,42623
1318,BCL7B,ENSG00000106635,21335
1319,BCL7C,ENSG00000099385,60677
1320,BCL9,ENSG00000116128,84716
1321,BCL9L,ENSG00000186174,32052
1322,BCLAF1,ENSG00000029363,33225
1323,BCO2,ENSG00000197580,49190
1324,BCOR,ENSG00000183337,127515
1325,BCORL1,ENSG00000085185,76965
1326,BCR,ENSG00000186716,138334
1327,BCRP2,ENSG00000169668,3830
1328,BCRP3,ENSG00000284128,6042
1329,BCRP3,ENSG00000215481,20543
1330,BCS1L,ENSG00000074582,4680
1331,BDH1,ENSG00000161267,63541
1332,BDH2,ENSG00000164039,22279
1333,BDKRB1,ENSG00000100739,12758
1334,BDKRB2,ENSG00000168398,39488
1335,BDNF,ENSG00000176697,67166
1336,BDP1,ENSG00000145734,112170
1337,BEAN1,ENSG00000166546,66235
1338,BECN1,ENSG00000126581,23217
1339,BEGAIN,ENSG00000183092,50271
1340,BEND2,ENSG00000177324,57956
1341,BEND3,ENSG00000178409,50334
1342,BEND4,ENSG00000188848,42026
1343,BEND5,ENSG00000162373,49451
1344,BEND6,ENSG00000151917,72240
1345,BEND7,ENSG00000165626,90531
1346,BEST1,ENSG00000167995,15453
1347,BEST2,ENSG00000039987,6757
1348,BEST3,ENSG00000127325,56117
1349,BEST4,ENSG00000142959,6335
1350,BET1,ENSG00000105829,41621
1351,BET1L,ENSG00000177951,39616
1352,BEX1,ENSG00000133169,1521
1353,BEX2,ENSG00000133134,1662
1354,BEX4,ENSG00000102409,2139
1355,BEX5,ENSG00000184515,2270
1356,BFAR,ENSG00000103429,36306
1357,BFSP1,ENSG00000125864,75316
1358,BFSP2,ENSG00000170819,75167
1359,BGLAP,ENSG00000242252,1134
1360,BGN,ENSG00000182492,14567
1361,BHLHA15,ENSG00000180535,4019
1362,BHLHE22,ENSG00000180828,3263
1363,BHLHE23,ENSG00000125533,1109
1364,BHLHE40,ENSG00000134107,5887
1365,BHLHE41,ENSG00000123095,5008
1366,BHMT,ENSG00000145692,20480
1367,BHMT2,ENSG00000132840,20303
1368,BICC1,ENSG00000122870,318564
1369,BICD1,ENSG00000151746,276799
1370,BICD2,ENSG00000185963,53471
1371,BIK,ENSG00000100290,18963
1372,BIN1,ENSG00000136717,59262
1373,BIN2,ENSG00000110934,43631
1374,BIN3,ENSG00000147439,48731
1375,BIRC2,ENSG00000110330,31460
1376,BIRC3,ENSG00000023445,21920
1377,BIRC5,ENSG00000089685,11451
1378,BIRC6,ENSG00000115760,262549
1379,BIRC7,ENSG00000101197,4613
1380,BIRC8,ENSG00000163098,1468
1381,BIRC8,ENSG00000293247,1826
1382,BLCAP,ENSG00000166619,35460
1383,BLID,ENSG00000259571,876
1384,BLK,ENSG00000136573,77706
1385,BLM,ENSG00000197299,98821
1386,BLMH,ENSG00000108578,43854
1387,BLNK,ENSG00000095585,82417
1388,BLOC1S1,ENSG00000135441,4050
1389,BLOC1S2,ENSG00000196072,13401
1390,BLOC1S3,ENSG00000189114,38150
1391,BLVRA,ENSG00000106605,48663
1392,BLVRB,ENSG00000090013,18000
1393,BLZF1,ENSG00000117475,28571
1394,BMF,ENSG00000104081,21003
1395,BMP1,ENSG00000168487,47187
1396,BMP10,ENSG00000163217,10489
1397,BMP15,ENSG00000130385,5907
1398,BMP2,ENSG00000125845,12561
1399,BMP2K,ENSG00000138756,140024
1400,BMP3,ENSG00000152785,26920
1401,BMP4,ENSG00000125378,9026
1402,BMP5,ENSG00000112175,121938
1403,BMP6,ENSG00000153162,155630
1404,BMP7,ENSG00000101144,97889
1405,BMP8A,ENSG00000183682,38234
1406,BMP8B,ENSG00000116985,31684
1407,BMPER,ENSG00000164619,252120
1408,BMPR1A,ENSG00000107779,177040
1409,BMPR1B,ENSG00000138696,400494
1410,BMPR2,ENSG00000204217,191425
1411,BMS1,ENSG00000165733,52143
1412,BMX,ENSG00000102010,92284
1413,BNC1,ENSG00000169594,28781
1414,BNC2,ENSG00000173068,461341
1415,BNIP1,ENSG00000113734,19946
1416,BNIP2,ENSG00000140299,30194
1417,BNIP3,ENSG00000176171,14284
1418,BNIP3L,ENSG00000104765,122583
1419,BNIPL,ENSG00000163141,11400
1420,BOC,ENSG00000144857,76457
1421,BOD1,ENSG00000145919,9515
1422,BOD1L1,ENSG00000038219,58988
1423,BOK,ENSG00000176720,22708
1424,BOLA1,ENSG00000178096,12909
1425,BOLA2B,ENSG00000169627,1375
1426,BOLA3,ENSG00000163170,12513
1427,BOLL,ENSG00000152430,59884
1428,BOP1,ENSG00000261236,29394
1429,BORA,ENSG00000136122,28450
1430,BPGM,ENSG00000172331,33006
1431,BPHL,ENSG00000137274,35226
1432,BPI,ENSG00000101425,77365
1433,BPIFA2,ENSG00000131050,19645
1434,BPIFA3,ENSG00000131059,10497
1435,BPIFA4P,ENSG00000183566,9530
1436,BPIFA4P,ENSG00000290942,16878
1437,BPIFB1,ENSG00000125999,36392
1438,BPIFB2,ENSG00000078898,16000
1439,BPIFB3,ENSG00000186190,19945
1440,BPIFB4,ENSG00000186191,32109
1441,BPIFB6,ENSG00000167104,12400
1442,BPIFC,ENSG00000184459,50640
1443,BPNT1,ENSG00000162813,32981
1444,BPTF,ENSG00000171634,158876
1445,BRAF,ENSG00000157764,205603
1446,BRAP,ENSG00000089234,43811
1447,BRAT1,ENSG00000106009,17885
1448,BRCA1,ENSG00000012048,125951
1449,BRCA2,ENSG00000139618,85183
1450,BRCC3,ENSG00000185515,51658
1451,BRD1,ENSG00000100425,54596
1452,BRD2,ENSG00000204256,12912
1453,BRD3,ENSG00000169925,38231
1454,BRD4,ENSG00000141867,97027
1455,BRD7,ENSG00000166164,55502
1456,BRD8,ENSG00000112983,39184
1457,BRD9,ENSG00000028310,42511
1458,BRDT,ENSG00000137948,65084
1459,BRF1,ENSG00000185024,106304
1460,BRF2,ENSG00000104221,6594
1461,BRI3,ENSG00000164713,58063
1462,BRI3BP,ENSG00000184992,37587
1463,BRIP1,ENSG00000136492,184421
1464,BRIX1,ENSG00000113460,10320
1465,BRK1,ENSG00000254999,11516
1466,BRMS1,ENSG00000174744,7793
1467,BRMS1L,ENSG00000100916,105988
1468,BROX,ENSG00000162819,22644
1469,MPC2,ENSG00000143158,20398
1470,MPC1,ENSG00000060762,18095
1471,BRPF1,ENSG00000156983,16291
1472,BRPF3,ENSG00000096070,36047
1473,BRS3,ENSG00000102239,5834
1474,BRSK1,ENSG00000160469,30491
1475,BRSK2,ENSG00000174672,72791
1476,BRWD1,ENSG00000185658,137384
1477,BRWD3,ENSG00000165288,140375
1478,BSCL2,ENSG00000168000,20557
1479,BSDC1,ENSG00000160058,30099
1480,BSG,ENSG00000172270,12218
1481,BSN,ENSG00000164061,117073
1482,BSND,ENSG00000162399,18240
1483,BSPH1,ENSG00000188334,24125
1484,BSPRY,ENSG00000119411,21693
1485,BST1,ENSG00000109743,35249
1486,BST2,ENSG00000130303,2692
1487,BSX,ENSG00000188909,4265
1488,BTAF1,ENSG00000095564,107668
1489,BTBD1,ENSG00000064726,50830
1490,BTBD10,ENSG00000148925,75290
1491,BTBD16,ENSG00000138152,66864
1492,BTBD17,ENSG00000204347,5453
1493,BTBD18,ENSG00000233436,9162
1494,BTBD19,ENSG00000222009,8859
1495,BTBD2,ENSG00000133243,49444
1496,BTBD3,ENSG00000132640,35887
1497,BTBD6,ENSG00000184887,2561
1498,BTBD7,ENSG00000011114,95543
1499,BTBD8,ENSG00000189195,104421
1500,BTBD9,ENSG00000183826,471698
1501,BTC,ENSG00000174808,49765
1502,BTD,ENSG00000169814,120971
1503,BTF3,ENSG00000145741,7260
1504,BTF3L4,ENSG00000134717,34518
1505,BTF3P11,ENSG00000118903,771
1506,BTG1,ENSG00000133639,5569
1507,BTG2,ENSG00000159388,4112
1508,BTG3,ENSG00000154640,19293
1509,BTG4,ENSG00000137707,46842
1510,BTK,ENSG00000010671,41459
1511,BTLA,ENSG00000186265,38406
1512,BTN1A1,ENSG00000124557,10123
1513,BTN2A1,ENSG00000112763,18718
1514,BTN2A2,ENSG00000124508,11779
1515,BTN3A1,ENSG00000026950,12972
1516,BTN3A2,ENSG00000186470,13162
1517,BTN3A3,ENSG00000111801,12944
1518,BTNL2,ENSG00000204290,13843
1519,BTNL3,ENSG00000168903,17882
1520,BTNL8,ENSG00000113303,51830
1521,BTNL9,ENSG00000165810,21297
1522,BTRC,ENSG00000166167,203289
1523,BUB1,ENSG00000169679,40536
1524,BUB1B,ENSG00000156970,60101
1525,BUB3,ENSG00000154473,16066
1526,BUD13,ENSG00000137656,24818
1527,BUD31,ENSG00000106245,10976
1528,BVES,ENSG00000112276,40336
1529,BYSL,ENSG00000112578,11822
1530,BZW1,ENSG00000082153,16745
1531,BZW2,ENSG00000136261,60393
1532,DNAJC9-AS1,ENSG00000236756,29644
1533,C10orf105,ENSG00000214688,26124
1534,C10orf120,ENSG00000183559,2138
1535,TEX36,ENSG00000175018,106642
1536,FUOM,ENSG00000148803,4074
1537,SKIDA1,ENSG00000180592,12894
1538,WBP1L,ENSG00000166272,90569
1539,TBATA,ENSG00000166220,14164
1540,R3HCC1L,ENSG00000166024,110274
1541,CACUL1,ENSG00000151893,81083
1542,C10orf53,ENSG00000178645,30611
1543,C10orf55,ENSG00000222047,14708
1544,C10orf62,ENSG00000203942,1214
1545,C10orf67,ENSG00000179133,142150
1546,C10orf71,ENSG00000177354,28323
1547,PLEKHS1,ENSG00000148735,32168
1548,C10orf88,ENSG00000119965,23411
1549,C10orf90,ENSG00000154493,373712
1550,C10orf95,ENSG00000120055,1707
1551,CCDC172,ENSG00000182645,55582
1552,C11orf16,ENSG00000176029,12931
1553,VPS51,ENSG00000149823,22539
1554,C11orf21,ENSG00000110665,7422
1555,C11orf24,ENSG00000171067,10664
1556,C11orf40,ENSG00000171987,6398
1557,KIAA1549L,ENSG00000110427,297995
1558,C11orf42,ENSG00000180878,5579
1559,ARL14EP,ENSG00000152219,15355
1560,ANAPC15,ENSG00000110200,6403
1561,C11orf52,ENSG00000149300,8840
1562,C11orf54,ENSG00000182919,23159
1563,C11orf58,ENSG00000110696,145209
1564,MSANTD2,ENSG00000120458,34209
1565,C11orf65,ENSG00000166323,159013
1566,AAMDC,ENSG00000087884,97324
1567,C11orf86,ENSG00000173237,1733
1568,C11orf87,ENSG00000185742,6978
1569,C11orf91,ENSG00000205177,2566
1570,C11orf96,ENSG00000187479,1242
1571,CCER1,ENSG00000197651,49555
1572,FAM216A,ENSG00000204856,21971
1573,METTL25,ENSG00000127720,120712
1574,LINC00612,ENSG00000214851,10535
1575,FAM222A,ENSG00000139438,56671
1576,LINC00615,ENSG00000196243,30647
1577,C12orf42,ENSG00000179088,258388
1578,C12orf43,ENSG00000157895,16017
1579,MAPKAPK5-AS1,ENSG00000234608,3145
1580,C12orf50,ENSG00000165805,54003
1581,HECTD4,ENSG00000173064,222252
1582,C12orf54,ENSG00000177627,14027
1583,C12orf56,ENSG00000185306,125997
1584,C12orf57,ENSG00000111678,3026
1585,TMEM52B,ENSG00000165685,21263
1586,C12orf60,ENSG00000182993,102921
1587,COX14,ENSG00000178449,8376
1588,C12orf71,ENSG00000214700,1522
1589,C12orf75,ENSG00000235162,160808
1590,C12orf76,ENSG00000174456,46609
1591,RGCC,ENSG00000102760,13322
1592,TEX29,ENSG00000153495,28066
1593,TEX26,ENSG00000175664,42845
1594,TEX30,ENSG00000151287,7924
1595,FAM216B,ENSG00000179813,10000
1596,MEDAG,ENSG00000102802,19302
1597,NRDE2,ENSG00000119720,64110
1598,GPATCH2L,ENSG00000089916,102427
1599,C14orf119,ENSG00000179933,4952
1600,DTD2,ENSG00000129480,11471
1601,GSKIP,ENSG00000100744,23837
1602,VIPAS39,ENSG00000151445,31278
1603,L3HYPDH,ENSG00000126790,24046
1604,TMEM253,ENSG00000232070,4914
1605,C14orf178,ENSG00000197734,8909
1606,C14orf180,ENSG00000184601,10752
1607,NOP9,ENSG00000196943,9275
1608,C14orf28,ENSG00000179476,9983
1609,CCDC175,ENSG00000151838,72274
1610,C14orf39,ENSG00000179008,119075
1611,SYNE3,ENSG00000176438,109385
1612,C14orf93,ENSG00000100802,24273
1613,FAM219B,ENSG00000178761,6892
1614,EMC7,ENSG00000134153,17846
1615,KATNBL1,ENSG00000134152,69423
1616,C15orf32,ENSG00000183643,29466
1617,FAM227B,ENSG00000166262,293968
1618,HEXA-AS1,ENSG00000260339,3849
1619,C15orf39,ENSG00000167173,16527
1620,C15orf40,ENSG00000169609,23201
1621,TICRR,ENSG00000140534,55588
1622,C15orf48,ENSG00000166920,18183
1623,GDPGP1,ENSG00000183208,12004
1624,C15orf61,ENSG00000189227,9016
1625,C15orf62,ENSG00000188277,2470
1626,HYPK,ENSG00000242028,8433
1627,TSR3,ENSG00000007520,2639
1628,C16orf46,ENSG00000166455,23771
1629,ENKD1,ENSG00000124074,4321
1630,PAGR1,ENSG00000280789,6338
1631,C16orf54,ENSG00000185905,3528
1632,USB1,ENSG00000103005,22073
1633,CMC2,ENSG00000103121,53823
1634,VPS9D1,ENSG00000075399,13765
1635,MEIOB,ENSG00000162039,50309
1636,C16orf74,ENSG00000154102,61046
1637,C16orf78,ENSG00000166152,25628
1638,BRICD5,ENSG00000182685,1653
1639,C16orf82,ENSG00000234186,2240
1640,C16orf86,ENSG00000159761,1944
1641,C16orf87,ENSG00000155330,34578
1642,C16orf89,ENSG00000153446,21989
1643,C16orf90,ENSG00000215131,2006
1644,C16orf92,ENSG00000167194,4539
1645,C16orf95,ENSG00000260456,233859
1646,C16orf96,ENSG00000205832,44419
1647,C17orf100,ENSG00000256806,41441
1648,OGFOD3,ENSG00000181396,29428
1649,C17orf107,ENSG00000205710,3517
1650,LYRM9,ENSG00000232859,16439
1651,SMIM5,ENSG00000204323,7971
1652,SMIM6,ENSG00000259120,1733
1653,HID1,ENSG00000167861,22425
1654,GID4,ENSG00000141034,28998
1655,SPATA32,ENSG00000184361,7702
1656,ADPRM,ENSG00000170222,13965
1657,C17orf49,ENSG00000258315,3031
1658,C17orf50,ENSG00000270806,4193
1659,EFCAB13,ENSG00000178852,118023
1660,C17orf58,ENSG00000186665,5371
1661,FAM222B,ENSG00000173065,99253
1662,C17orf67,ENSG00000214226,46861
1663,C17orf75,ENSG00000108666,25459
1664,C17orf78,ENSG00000278505,16724
1665,ELP5,ENSG00000170291,8525
1666,OXLD1,ENSG00000204237,1600
1667,C17orf99,ENSG00000187997,19913
1668,LDLRAD4,ENSG00000168675,435258
1669,C18orf21,ENSG00000141428,6662
1670,DYNAP,ENSG00000178690,11737
1671,C18orf32,ENSG00000177576,10010
1672,CCDC178,ENSG00000166960,503700
1673,C18orf54,ENSG00000166845,27313
1674,C18orf63,ENSG00000206043,43351
1675,C19orf12,ENSG00000131943,16853
1676,C19orf18,ENSG00000177025,16098
1677,C19orf25,ENSG00000119559,18077
1678,CACTIN,ENSG00000105298,16171
1679,C19orf33,ENSG00000167644,843
1680,C19orf38,ENSG00000214212,33216
1681,SMIM7,ENSG00000214046,29692
1682,C19orf44,ENSG00000105072,24959
1683,SYNE4,ENSG00000181392,5507
1684,DNAAF3,ENSG00000167646,8062
1685,C19orf53,ENSG00000104979,4318
1686,EMC10,ENSG00000161671,14472
1687,C19orf73,ENSG00000221916,742
1688,SIGLECL1,ENSG00000179213,22983
1689,ADM5,ENSG00000224420,982
1690,PET100,ENSG00000229833,2169
1691,C19orf81,ENSG00000235034,9866
1692,C1D,ENSG00000197223,69819
1693,C1GALT1,ENSG00000106392,91683
1694,C1GALT1C1,ENSG00000171155,4381
1695,C1orf105,ENSG00000180999,48147
1696,C1orf115,ENSG00000162817,8791
1697,C1orf116,ENSG00000182795,14235
1698,C1orf122,ENSG00000197982,2476
1699,SPRTN,ENSG00000010072,17920
1700,C1orf127,ENSG00000175262,35606
1701,NCMAP,ENSG00000184454,53242
1702,C1orf131,ENSG00000143633,17425
1703,SERTAD4-AS1,ENSG00000203706,2761
1704,AUNIP,ENSG00000127423,27546
1705,C1orf141,ENSG00000203963,139689
1706,SZRD1,ENSG00000055070,45571
1707,C1orf146,ENSG00000203910,27899
1708,GCSAML,ENSG00000169224,70633
1709,C1orf159,ENSG00000131591,34544
1710,C1orf162,ENSG00000143110,4721
1711,C1orf174,ENSG00000198912,11169
1712,TSACC,ENSG00000163467,9682
1713,C1orf185,ENSG00000204006,45866
1714,DRAXIN,ENSG00000162490,34148
1715,LURAP1,ENSG00000171357,17923
1716,C1orf198,ENSG00000119280,32471
1717,STPG1,ENSG00000001460,59936
1718,C1orf21,ENSG00000116667,241991
1719,C1orf210,ENSG00000253313,3741
1720,C1orf220,ENSG00000213057,6138
1721,C1orf226,ENSG00000239887,7972
1722,COA6,ENSG00000168275,11625
1723,C1orf35,ENSG00000143793,4686
1724,THEMIS2,ENSG00000130775,14143
1725,C1orf43,ENSG00000143612,13942
1726,TEX35,ENSG00000240021,35494
1727,C1orf50,ENSG00000164008,12247
1728,C1orf52,ENSG00000162642,9720
1729,C1orf53,ENSG00000203724,4738
1730,C1orf54,ENSG00000118292,12717
1731,SDE2,ENSG00000143751,16642
1732,C1orf56,ENSG00000143443,4236
1733,C1orf74,ENSG00000162757,5352
1734,C1orf87,ENSG00000162598,86502
1735,SUCO,ENSG00000094975,79485
1736,C1orf94,ENSG00000142698,52249
1737,CCSAP,ENSG00000154429,22284
1738,C1QA,ENSG00000173372,4602
1739,C1QB,ENSG00000173369,8876
1740,C1QBP,ENSG00000108561,16054
1741,C1QC,ENSG00000159189,5097
1742,C1QL1,ENSG00000131094,8611
1743,C1QL2,ENSG00000144119,2509
1744,C1QL3,ENSG00000165985,8146
1745,C1QL4,ENSG00000186897,4780
1746,C1QTNF1,ENSG00000173918,26975
1747,C1QTNF2,ENSG00000145861,22888
1748,C1QTNF3,ENSG00000082196,25356
1749,C1QTNF6,ENSG00000133466,19220
1750,C1QTNF7,ENSG00000163145,106350
1751,C1QTNF8,ENSG00000184471,8486
1752,C1QTNF9,ENSG00000240654,15370
1753,C1R,ENSG00000159403,12327
1754,C1RL,ENSG00000139178,19652
1755,C1S,ENSG00000182326,82774
1756,GID8,ENSG00000101193,10329
1757,OCSTAMP,ENSG00000149635,9709
1758,C20orf141,ENSG00000258713,847
1759,C20orf144,ENSG00000149609,3293
1760,C20orf173,ENSG00000125975,6467
1761,FAM217B,ENSG00000196227,14917
1762,MRGBP,ENSG00000101189,5257
1763,C20orf202,ENSG00000215595,5623
1764,C20orf203,ENSG00000198547,42317
1765,AP5S1,ENSG00000125843,17455
1766,APMAP,ENSG00000101474,29827
1767,TMEM230,ENSG00000089063,44856
1768,AAR2,ENSG00000131043,34788
1769,SLC52A3,ENSG00000101276,15936
1770,NDUFAF5,ENSG00000101247,36574
1771,SCP2D1,ENSG00000132631,596
1772,C20orf96,ENSG00000196476,19916
1773,C21orf58,ENSG00000160298,23695
1774,C21orf91,ENSG00000154642,30413
1775,C22orf15,ENSG00000169314,2874
1776,C22orf23,ENSG00000128346,10620
1777,C22orf31,ENSG00000100249,3160
1778,C22orf39,ENSG00000242259,96344
1779,CDPF1,ENSG00000205643,6301
1780,C22orf42,ENSG00000205856,10317
1781,ADORA2A-AS1,ENSG00000178803,65869
1782,C2CD2,ENSG00000157617,68907
1783,C2CD2L,ENSG00000172375,16347
1784,C2CD3,ENSG00000168014,158493
1785,C2CD4A,ENSG00000198535,3941
1786,C2CD4B,ENSG00000205502,1751
1787,C2CD4C,ENSG00000183186,3703
1788,C2CD4D,ENSG00000225556,2740
1789,C2orf15,ENSG00000273045,9963
1790,ATRAID,ENSG00000138085,5138
1791,C2orf42,ENSG00000115998,98731
1792,C2orf49,ENSG00000135974,13181
1793,C2orf50,ENSG00000150873,18190
1794,NDUFAF7,ENSG00000003509,21773
1795,CLHC1,ENSG00000162994,60017
1796,C2orf66,ENSG00000187944,4939
1797,KANSL1L,ENSG00000144445,149989
1798,C2orf68,ENSG00000168887,6813
1799,C2orf69,ENSG00000178074,44643
1800,C2orf72,ENSG00000204128,12197
1801,C2orf73,ENSG00000177994,53709
1802,C2orf74,ENSG00000237651,19761
1803,C2orf76,ENSG00000186132,64610
1804,C2orf78,ENSG00000187833,32966
1805,C2orf80,ENSG00000188674,24688
1806,C2orf81,ENSG00000284308,7444
1807,FAM228A,ENSG00000186453,25797
1808,C2orf88,ENSG00000187699,323876
1809,TRABD2A,ENSG00000186854,85359
1810,C3,ENSG00000125730,52859
1811,C3AR1,ENSG00000171860,9516
1812,C3orf18,ENSG00000088543,13003
1813,CCDC174,ENSG00000154781,20898
1814,C3orf20,ENSG00000131379,97896
1815,C3orf22,ENSG00000180697,31967
1816,TCAIM,ENSG00000179152,71333
1817,EFCAB12,ENSG00000172771,27316
1818,CMSS1,ENSG00000184220,363896
1819,C3orf33,ENSG00000174928,43662
1820,C3orf36,ENSG00000288547,1668
1821,C3orf38,ENSG00000179021,18771
1822,C3orf49,ENSG00000163632,29338
1823,C3orf52,ENSG00000114529,44670
1824,C3orf62,ENSG00000188315,8637
1825,EOGT,ENSG00000163378,38468
1826,C3orf70,ENSG00000187068,76223
1827,ARIH2OS,ENSG00000221883,1065
1828,ELP6,ENSG00000163832,18073
1829,TOPAZ1,ENSG00000173769,90213
1830,C3orf80,ENSG00000180044,2792
1831,C4BPA,ENSG00000123838,40740
1832,C4BPB,ENSG00000123843,11134
1833,C4orf17,ENSG00000138813,31292
1834,C4orf19,ENSG00000154274,169571
1835,C4orf3,ENSG00000164096,8027
1836,C4orf33,ENSG00000151470,23324
1837,C4orf36,ENSG00000163633,16218
1838,C4orf36,ENSG00000285458,49707
1839,STPG2,ENSG00000163116,959384
1840,WWC2-AS2,ENSG00000251359,40026
1841,FAM218A,ENSG00000250486,2177
1842,TMA16,ENSG00000198498,26098
1843,MSANTD1,ENSG00000188981,27370
1844,C4orf46,ENSG00000205208,5581
1845,MGARP,ENSG00000137463,14061
1846,C4orf51,ENSG00000237136,90887
1847,C5,ENSG00000106804,142209
1848,C5orf15,ENSG00000113583,13165
1849,C5orf22,ENSG00000082213,22767
1850,C5orf24,ENSG00000181904,14056
1851,CYSTM1,ENSG00000120306,106897
1852,C5orf34,ENSG00000172244,28440
1853,SETD9,ENSG00000155542,16273
1854,ANXA2R,ENSG00000177721,3938
1855,CREBRF,ENSG00000164463,82933
1856,C5orf46,ENSG00000178776,25813
1857,C5orf47,ENSG00000185056,32362
1858,C5orf52,ENSG00000187658,8626
1859,C5orf58,ENSG00000234511,23472
1860,C5orf60,ENSG00000204661,16889
1861,SMIM3,ENSG00000256235,17978
1862,C5orf63,ENSG00000164241,28272
1863,PROB1,ENSG00000228672,4513
1864,C6,ENSG00000039537,119323
1865,ADGB,ENSG00000118492,216496
1866,ADTRP,ENSG00000111863,94993
1867,ABRACL,ENSG00000146386,14558
1868,C6orf118,ENSG00000112539,29942
1869,C6orf120,ENSG00000185127,4235
1870,CLPSL2,ENSG00000196748,2959
1871,CLPSL1,ENSG00000204140,12657
1872,C6orf132,ENSG00000188112,50388
1873,C6orf136,ENSG00000204564,6172
1874,PTCHD4,ENSG00000244694,254525
1875,C6orf141,ENSG00000197261,11242
1876,FAM217A,ENSG00000145975,37911
1877,C6orf15,ENSG00000204542,1353
1878,C6orf163,ENSG00000203872,20651
1879,FAXC,ENSG00000146267,78895
1880,METTL24,ENSG00000053328,114410
1881,TMEM244,ENSG00000203756,30304
1882,SLC18B1,ENSG00000146409,43970
1883,LINC00574,ENSG00000231690,100773
1884,KHDC3L,ENSG00000203908,1514
1885,C6orf226,ENSG00000221821,557
1886,C6orf47,ENSG00000204439,2481
1887,C6orf52,ENSG00000137434,23380
1888,C6orf58,ENSG00000184530,72366
1889,C6orf62,ENSG00000112308,15965
1890,GINM1,ENSG00000055211,25455
1891,C6orf89,ENSG00000198663,57095
1892,ZC2HC1B,ENSG00000118491,73908
1893,CCDC170,ENSG00000120262,127177
1894,C7,ENSG00000112936,110725
1895,MPLKIP,ENSG00000168303,8596
1896,C7orf25,ENSG00000136197,3033
1897,MALSU1,ENSG00000156928,12991
1898,C7orf33,ENSG00000170279,25095
1899,TMEM248,ENSG00000106609,37327
1900,COA1,ENSG00000106603,121262
1901,FAM221A,ENSG00000188732,23120
1902,C7orf50,ENSG00000146540,141275
1903,C7orf57,ENSG00000164746,25794
1904,CPED1,ENSG00000106034,308746
1905,LAMTOR4,ENSG00000188186,7033
1906,FAM220A,ENSG00000178397,19571
1907,C8A,ENSG00000157131,63456
1908,C8B,ENSG00000021852,45177
1909,C8G,ENSG00000176919,1791
1910,C8orf33,ENSG00000182307,14221
1911,C8orf34,ENSG00000165084,488069
1912,NDUFAF6,ENSG00000156170,220923
1913,RBM12B-AS1,ENSG00000279331,653
1914,C8orf44,ENSG00000288596,18090
1915,MCMDC2,ENSG00000178460,51300
1916,C8orf48,ENSG00000164743,1420
1917,RHPN1-AS1,ENSG00000254389,2216
1918,C8orf58,ENSG00000241852,4552
1919,LINC00588,ENSG00000215117,7426
1920,C8orf74,ENSG00000171060,27963
1921,C8orf76,ENSG00000189376,21411
1922,ZNF252P-AS1,ENSG00000255559,34342
1923,NUGGC,ENSG00000189233,61973
1924,C8orf82,ENSG00000213563,3400
1925,TRIQK,ENSG00000205133,134142
1926,SBSPON,ENSG00000164764,59546
1927,AARD,ENSG00000205002,6281
1928,C9,ENSG00000113600,87185
1929,ARHGEF39,ENSG00000137135,16992
1930,ERCC6L2,ENSG00000182150,249891
1931,IDNK,ENSG00000148057,21082
1932,EQTN,ENSG00000120160,12497
1933,FAM221B,ENSG00000204930,12357
1934,SAPCD2,ENSG00000186193,8431
1935,LINC00583,ENSG00000205636,17640
1936,LURAP1L,ENSG00000153714,48041
1937,C9orf152,ENSG00000188959,18112
1938,C9orf153,ENSG00000187753,39393
1939,C9orf163,ENSG00000196366,2573
1940,FAM219A,ENSG00000164970,60387
1941,LRRC37A5P,ENSG00000204173,585
1942,LRRC37A5P,ENSG00000290837,28467
1943,FRRS1L,ENSG00000260230,36957
1944,C9orf43,ENSG00000157653,19637
1945,PLGRKT,ENSG00000107020,79955
1946,TMEM245,ENSG00000106771,104813
1947,C9orf50,ENSG00000179058,8877
1948,C9orf57,ENSG00000204669,21346
1949,SPATA6L,ENSG00000106686,113289
1950,CACFD1,ENSG00000160325,10884
1951,TMEM252,ENSG00000181778,4304
1952,C9orf72,ENSG00000147894,38227
1953,C9orf78,ENSG00000136819,8574
1954,SPATA31E1,ENSG00000177992,6027
1955,INIP,ENSG00000148153,34224
1956,CAAP1,ENSG00000120159,52119
1957,C9orf85,ENSG00000155621,74545
1958,RABL6,ENSG00000196642,33245
1959,CCDC171,ENSG00000164989,508621
1960,NMRK1,ENSG00000106733,27645
1961,CA1,ENSG00000133742,51407
1962,CA10,ENSG00000154975,529705
1963,CA11,ENSG00000063180,8242
1964,CA12,ENSG00000074410,60469
1965,CA13,ENSG00000185015,63487
1966,CA14,ENSG00000118298,7828
1967,CA2,ENSG00000104267,17526
1968,CA3,ENSG00000164879,75605
1969,CA4,ENSG00000167434,20958
1970,CA5A,ENSG00000174990,55035
1971,CA5B,ENSG00000169239,99582
1972,CA5BP1,ENSG00000186312,22140
1973,CA5BP1,ENSG00000290746,28793
1974,CA6,ENSG00000131686,29226
1975,CA7,ENSG00000168748,9740
1976,CA8,ENSG00000178538,95989
1977,CA9,ENSG00000107159,7232
1978,CAB39,ENSG00000135932,108234
1979,CAB39L,ENSG00000102547,135415
1980,CABIN1,ENSG00000099991,167437
1981,CABLES1,ENSG00000134508,125907
1982,CABLES2,ENSG00000149679,18652
1983,CABP1,ENSG00000157782,26699
1984,CABP2,ENSG00000167791,5606
1985,CABP4,ENSG00000175544,9347
1986,CABP5,ENSG00000105507,14697
1987,CABP7,ENSG00000100314,11831
1988,CABS1,ENSG00000145309,2136
1989,CABYR,ENSG00000154040,22614
1990,CACHD1,ENSG00000158966,222930
1991,CACNA1A,ENSG00000141837,418048
1992,CACNA1B,ENSG00000148408,246843
1993,CACNA1C,ENSG00000151067,727179
1994,CACNA1D,ENSG00000157388,484771
1995,CACNA1E,ENSG00000198216,495573
1996,CACNA1F,ENSG00000102001,28309
1997,CACNA1G,ENSG00000006283,66760
1998,CACNA1H,ENSG00000196557,71067
1999,CACNA1I,ENSG00000100346,118983
2000,CACNA1S,ENSG00000081248,72940
2001,CACNA2D1,ENSG00000153956,497513
2002,CACNA2D2,ENSG00000007402,141632
2003,CACNA2D3,ENSG00000157445,952006
2004,CACNA2D4,ENSG00000151062,126704
2005,CACNB1,ENSG00000067191,24250
2006,CACNB2,ENSG00000165995,403134
2007,CACNB3,ENSG00000167535,15148
2008,CACNB4,ENSG00000182389,266397
2009,CACNG1,ENSG00000108878,12244
2010,CACNG2,ENSG00000166862,142896
2011,CACNG3,ENSG00000006116,106078
2012,CACNG4,ENSG00000075461,68692
2013,CACNG5,ENSG00000075429,59635
2014,CACNG6,ENSG00000130433,21030
2015,CACNG7,ENSG00000105605,34673
2016,CACNG8,ENSG00000142408,27279
2017,CACYBP,ENSG00000116161,12865
2018,CAD,ENSG00000084774,26575
2019,CADM1,ENSG00000182985,335740
2020,CADM2,ENSG00000175161,1115441
2021,CADM3,ENSG00000162706,31705
2022,CADM4,ENSG00000105767,17483
2023,CADPS,ENSG00000163618,477071
2024,CADPS2,ENSG00000081803,568349
2025,CAGE1,ENSG00000164304,63087
2026,CAHM,ENSG00000270419,47151
2027,CALB1,ENSG00000104327,36868
2028,CALB2,ENSG00000172137,31724
2029,CALCA,ENSG00000110680,5733
2030,CALCB,ENSG00000175868,177346
2031,CALCOCO1,ENSG00000012822,19229
2032,CALCOCO2,ENSG00000136436,37211
2033,CALCR,ENSG00000004948,150245
2034,CALCRL,ENSG00000064989,106497
2035,CALD1,ENSG00000122786,226478
2036,CALHM1,ENSG00000185933,5661
2037,CALHM2,ENSG00000138172,5617
2038,CALHM3,ENSG00000183128,6437
2039,CALM1,ENSG00000198668,11767
2040,CALM2,ENSG00000143933,16838
2041,CALM3,ENSG00000160014,9709
2042,CALML3,ENSG00000178363,1811
2043,CALML4,ENSG00000129007,15375
2044,CALML5,ENSG00000178372,874
2045,CALML6,ENSG00000169885,2189
2046,CALN1,ENSG00000183166,667661
2047,CALR,ENSG00000179218,5912
2048,CALR3,ENSG00000269058,17107
2049,CALU,ENSG00000128595,34109
2050,CALY,ENSG00000130643,12864
2051,CAMK1,ENSG00000134072,12646
2052,CAMK1D,ENSG00000183049,485999
2053,CAMK1G,ENSG00000008118,30226
2054,CAMK2A,ENSG00000070808,70603
2055,CAMK2B,ENSG00000058404,124559
2056,CAMK2D,ENSG00000145349,343874
2057,CAMK2G,ENSG00000148660,62091
2058,CAMK2N1,ENSG00000162545,3820
2059,CAMK2N2,ENSG00000163888,2341
2060,CAMK4,ENSG00000152495,271234
2061,CAMKK1,ENSG00000004660,34577
2062,CAMKK2,ENSG00000110931,60634
2063,CAMKMT,ENSG00000143919,410646
2064,CAMKV,ENSG00000164076,11948
2065,CAMLG,ENSG00000164615,13663
2066,CAMP,ENSG00000164047,2145
2067,CAMSAP1,ENSG00000130559,99060
2068,CAMSAP2,ENSG00000118200,121815
2069,CAMSAP3,ENSG00000076826,22442
2070,CAMTA1,ENSG00000171735,984253
2071,CAMTA2,ENSG00000108509,19684
2072,CAND1,ENSG00000111530,50596
2073,CAND2,ENSG00000144712,38333
2074,CANT1,ENSG00000171302,18152
2075,CANX,ENSG00000127022,53014
2076,CAP1,ENSG00000131236,32417
2077,CAP2,ENSG00000112186,164186
2078,CAPG,ENSG00000042493,23680
2079,CAPN1,ENSG00000014216,31441
2080,CAPN10,ENSG00000142330,30972
2081,CAPN11,ENSG00000137225,25591
2082,CAPN12,ENSG00000182472,39718
2083,CAPN13,ENSG00000162949,97772
2084,CAPN14,ENSG00000214711,60803
2085,CAPN2,ENSG00000162909,74426
2086,CAPN3,ENSG00000092529,53452
2087,CAPN5,ENSG00000149260,59195
2088,CAPN6,ENSG00000077274,25385
2089,CAPN7,ENSG00000131375,46765
2090,CAPN8,ENSG00000203697,127717
2091,CAPN9,ENSG00000135773,54620
2092,CAPNS1,ENSG00000126247,10401
2093,CAPNS2,ENSG00000256812,1004
2094,CAPRIN1,ENSG00000135387,50880
2095,CAPRIN2,ENSG00000110888,113751
2096,CAPS,ENSG00000105519,3873
2097,CAPS2,ENSG00000180881,114950
2098,CAPSL,ENSG00000152611,34492
2099,CAPZA1,ENSG00000116489,51812
2100,CAPZA2,ENSG00000198898,110980
2101,CAPZA3,ENSG00000177938,1070
2102,CAPZB,ENSG00000077549,146765
2103,CARD10,ENSG00000100065,29181
2104,CARD11,ENSG00000198286,138087
2105,CARD14,ENSG00000141527,46082
2106,CARD18,ENSG00000255501,393984
2107,CARD6,ENSG00000132357,18868
2108,CARD8,ENSG00000105483,75177
2109,CARD9,ENSG00000187796,9726
2110,CARHSP1,ENSG00000153048,16071
2111,CARM1,ENSG00000142453,51523
2112,CARNS1,ENSG00000172508,10640
2113,CARS2,ENSG00000134905,72192
2114,CARTPT,ENSG00000164326,1774
2115,CASC3,ENSG00000108349,31866
2116,CASD1,ENSG00000127995,47801
2117,CASK,ENSG00000147044,408621
2118,CASKIN1,ENSG00000167971,19426
2119,CASKIN2,ENSG00000177303,15277
2120,CASP1,ENSG00000137752,9854
2121,CASP10,ENSG00000003400,46557
2122,CASP12,ENSG00000204403,12953
2123,CASP14,ENSG00000105141,8814
2124,CASP2,ENSG00000106144,19482
2125,CASP3,ENSG00000164305,22367
2126,CASP4,ENSG00000196954,26501
2127,CASP5,ENSG00000137757,28934
2128,CASP6,ENSG00000138794,14962
2129,CASP7,ENSG00000165806,51746
2130,CASP8,ENSG00000064012,128394
2131,CASP8AP2,ENSG00000118412,44543
2132,CASP9,ENSG00000132906,35703
2133,CASQ1,ENSG00000143318,11312
2134,CASQ2,ENSG00000118729,139884
2135,CASR,ENSG00000036828,107962
2136,CASS4,ENSG00000087589,48276
2137,CAST,ENSG00000153113,669085
2138,CAST,ENSG00000310517,531840
2139,CASZ1,ENSG00000130940,160047
2140,CAT,ENSG00000121691,33127
2141,CATSPER1,ENSG00000175294,9728
2142,CATSPER2,ENSG00000166762,39616
2143,CATSPER3,ENSG00000152705,43790
2144,CATSPER4,ENSG00000188782,12408
2145,CATSPERB,ENSG00000133962,200012
2146,CATSPERG,ENSG00000099338,35169
2147,CAV1,ENSG00000105974,36186
2148,CAV2,ENSG00000105971,221162
2149,CAV3,ENSG00000182533,108007
2150,CBFA2T2,ENSG00000078699,159962
2151,CBFA2T3,ENSG00000129993,102350
2152,CBFB,ENSG00000067955,72075
2153,CBL,ENSG00000110395,107629
2154,CBLB,ENSG00000114423,214092
2155,CBLC,ENSG00000142273,22784
2156,CBLL1,ENSG00000105879,18595
2157,CBLN1,ENSG00000102924,3922
2158,CBLN2,ENSG00000141668,101842
2159,CBLN3,ENSG00000139899,4410
2160,CBLN4,ENSG00000054803,8163
2161,CBR1,ENSG00000159228,3226
2162,CBR3,ENSG00000159231,11484
2163,CBR4,ENSG00000145439,146506
2164,CBS,ENSG00000160200,23753
2165,CBX1,ENSG00000108468,31427
2166,CBX2,ENSG00000173894,9836
2167,CBX3,ENSG00000122565,12446
2168,CBX3P2,ENSG00000266405,535
2169,CBX4,ENSG00000141582,6285
2170,CBX5,ENSG00000094916,49192
2171,CBX6,ENSG00000183741,10828
2172,CBX7,ENSG00000100307,32514
2173,CBX8,ENSG00000141570,9552
2174,CBY1,ENSG00000100211,17219
2175,CBY3,ENSG00000204659,2475
2176,CC2D1A,ENSG00000132024,24679
2177,CC2D1B,ENSG00000154222,20483
2178,CC2D2A,ENSG00000048342,131688
2179,CC2D2B,ENSG00000188649,126143
2180,CCAR1,ENSG00000060339,71366
2181,CCBE1,ENSG00000183287,266724
2182,CCDC102A,ENSG00000135736,24391
2183,CCDC102B,ENSG00000150636,339981
2184,CCDC103,ENSG00000167131,6249
2185,CCDC106,ENSG00000173581,12100
2186,CCDC107,ENSG00000159884,3222
2187,CCDC110,ENSG00000168491,26571
2188,CCDC112,ENSG00000164221,29504
2189,CCDC115,ENSG00000136710,4767
2190,CCDC116,ENSG00000161180,4614
2191,CCDC117,ENSG00000159873,16628
2192,CCDC12,ENSG00000160799,65377
2193,CCDC120,ENSG00000147144,16286
2194,CCDC121,ENSG00000176714,3375
2195,CCDC122,ENSG00000151773,55832
2196,CCDC124,ENSG00000007080,10977
2197,CCDC125,ENSG00000183323,52635
2198,CCDC126,ENSG00000169193,47327
2199,CCDC127,ENSG00000164366,21286
2200,CCDC13,ENSG00000244607,67498
2201,CCDC134,ENSG00000100147,31486
2202,CCDC136,ENSG00000128596,31376
2203,CCDC137,ENSG00000185298,7168
2204,CCDC138,ENSG00000163006,98721
2205,CCDC14,ENSG00000175455,64104
2206,CCDC140,ENSG00000163081,7071
2207,CCDC141,ENSG00000163492,220381
2208,CCDC142,ENSG00000135637,11423
2209,CCDC144A,ENSG00000170160,88345
2210,CCDC144NL,ENSG00000205212,2629
2211,CCDC144NL,ENSG00000291074,120856
2212,CCDC146,ENSG00000135205,207100
2213,CCDC148,ENSG00000153237,285681
2214,CCDC149,ENSG00000181982,176691
2215,CCDC15,ENSG00000149548,87369
2216,CCDC150,ENSG00000144395,123937
2217,CCDC152,ENSG00000198865,45622
2218,CCDC154,ENSG00000197599,10174
2219,CCDC157,ENSG00000187860,22039
2220,CCDC158,ENSG00000163749,108872
2221,CCDC159,ENSG00000183401,10261
2222,CCDC160,ENSG00000203952,9796
2223,CCDC162P,ENSG00000203799,171092
2224,CCDC166,ENSG00000255181,1416
2225,CCDC167,ENSG00000198937,16956
2226,CCDC17,ENSG00000159588,4014
2227,CCDC18,ENSG00000122483,98812
2228,CCDC22,ENSG00000101997,15051
2229,CCDC24,ENSG00000159214,5170
2230,CCDC25,ENSG00000147419,39338
2231,CCDC27,ENSG00000162592,25186
2232,CCDC28A,ENSG00000024862,19551
2233,CCDC28B,ENSG00000160050,4859
2234,CCDC3,ENSG00000151468,203028
2235,CCDC30,ENSG00000186409,193970
2236,CCDC33,ENSG00000140481,133768
2237,CCDC34,ENSG00000109881,32408
2238,CCDC38,ENSG00000165972,75588
2239,CCDC39,ENSG00000284862,82085
2240,CCDC40,ENSG00000141519,63982
2241,CCDC42,ENSG00000161973,15285
2242,CCDC43,ENSG00000180329,16711
2243,CCDC47,ENSG00000108588,31097
2244,CCDC50,ENSG00000152492,69575
2245,CCDC51,ENSG00000164051,8293
2246,CCDC54,ENSG00000138483,1197
2247,COA3,ENSG00000183978,3558
2248,CCDC57,ENSG00000176155,111419
2249,CCDC59,ENSG00000133773,135125
2250,CCDC6,ENSG00000108091,117810
2251,CCDC60,ENSG00000183273,206329
2252,CCDC62,ENSG00000130783,53003
2253,CCDC63,ENSG00000173093,60767
2254,CCDC65,ENSG00000139537,27731
2255,CCDC66,ENSG00000180376,64677
2256,CCDC68,ENSG00000166510,57953
2257,CCDC69,ENSG00000198624,43042
2258,CCDC7,ENSG00000216937,436735
2259,CCDC70,ENSG00000123171,4264
2260,CCDC71,ENSG00000177352,3797
2261,CCDC71L,ENSG00000253276,6799
2262,TMA7,ENSG00000232112,3952
2263,CCDC73,ENSG00000186714,191942
2264,CCDC74A,ENSG00000163040,5992
2265,CCDC74B,ENSG00000152076,5848
2266,TRMT13,ENSG00000122435,17347
2267,CCDC77,ENSG00000120647,53370
2268,CCDC78,ENSG00000162004,4373
2269,CCDC8,ENSG00000169515,3236
2270,CCDC80,ENSG00000091986,52734
2271,CCDC81,ENSG00000149201,48374
2272,CCDC82,ENSG00000149231,40716
2273,CCDC83,ENSG00000150676,64921
2274,CCDC85A,ENSG00000055813,202183
2275,CCDC85B,ENSG00000175602,963
2276,CCDC85C,ENSG00000205476,104018
2277,CCDC86,ENSG00000110104,8969
2278,CCDC87,ENSG00000182791,2888
2279,CCDC88A,ENSG00000115355,132054
2280,CCDC88B,ENSG00000168071,17331
2281,CCDC88C,ENSG00000015133,146522
2282,CCDC89,ENSG00000179071,2348
2283,CCDC9,ENSG00000105321,17722
2284,CCDC90B,ENSG00000137500,27310
2285,CCDC91,ENSG00000123106,448263
2286,CCDC92,ENSG00000119242,54172
2287,CCDC93,ENSG00000125633,98656
2288,CCDC97,ENSG00000142039,14702
2289,SPDL1,ENSG00000040275,21143
2290,CCHCR1,ENSG00000204536,15800
2291,CCIN,ENSG00000185972,1947
2292,CCK,ENSG00000187094,8361
2293,CCKAR,ENSG00000163394,9089
2294,CCKBR,ENSG00000110148,12322
2295,CCL1,ENSG00000108702,2906
2296,CCL11,ENSG00000172156,2593
2297,CCL13,ENSG00000181374,2131
2298,CCL14,ENSG00000276409,3717
2299,CCL15,ENSG00000275718,5114
2300,CCL16,ENSG00000275152,5005
2301,CCL17,ENSG00000102970,11297
2302,CCL18,ENSG00000275385,7761
2303,CCL19,ENSG00000172724,1707
2304,CCL2,ENSG00000108691,1935
2305,CCL20,ENSG00000115009,11826
2306,CCL21,ENSG00000137077,1132
2307,CCL22,ENSG00000102962,7407
2308,CCL23,ENSG00000274736,4917
2309,CCL24,ENSG00000106178,12532
2310,CCL25,ENSG00000131142,10343
2311,CCL26,ENSG00000006606,20364
2312,CCL27,ENSG00000213927,2169
2313,CCL28,ENSG00000151882,35747
2314,CCL3,ENSG00000277632,1914
2315,CCL4,ENSG00000275302,1795
2316,CCL5,ENSG00000271503,9303
2317,CCL7,ENSG00000108688,2022
2318,CCL8,ENSG00000108700,1968
2319,CCM2,ENSG00000136280,76995
2320,CCNA1,ENSG00000133101,11351
2321,CCNA2,ENSG00000145386,7440
2322,CCNB1,ENSG00000134057,11111
2323,CCNB1IP1,ENSG00000100814,21945
2324,CCNB2,ENSG00000157456,19920
2325,CCNB3,ENSG00000147082,149202
2326,CCNC,ENSG00000112237,26439
2327,CCND1,ENSG00000110092,13319
2328,CCND2,ENSG00000118971,35583
2329,CCND3,ENSG00000112576,115424
2330,CCNDBP1,ENSG00000166946,12060
2331,CCNE1,ENSG00000105173,12322
2332,CCNE2,ENSG00000175305,16909
2333,CCNF,ENSG00000162063,29461
2334,CCNG1,ENSG00000113328,10631
2335,CCNG2,ENSG00000138764,276182
2336,CCNH,ENSG00000134480,94614
2337,CCNI,ENSG00000118816,29155
2338,CCNI2,ENSG00000205089,6978
2339,CCNJ,ENSG00000107443,17477
2340,CCNJL,ENSG00000135083,96314
2341,CCNK,ENSG00000090061,53876
2342,CCNL1,ENSG00000163660,14253
2343,CCNL2,ENSG00000221978,13625
2344,CCNO,ENSG00000152669,2457
2345,CCNT1,ENSG00000129315,28541
2346,CCNT2,ENSG00000082258,41108
2347,CCNY,ENSG00000108100,325645
2348,CCNYL1,ENSG00000163249,50300
2349,CCP110,ENSG00000103540,29598
2350,CCPG1,ENSG00000260916,68479
2351,CCR1,ENSG00000163823,6603
2352,CCR2,ENSG00000121807,7077
2353,CCR3,ENSG00000183625,135817
2354,CCR4,ENSG00000183813,5477
2355,CCR5,ENSG00000160791,5261
2356,CCR6,ENSG00000112486,27335
2357,CCR7,ENSG00000126353,14392
2358,CCR8,ENSG00000179934,3972
2359,CCR9,ENSG00000173585,18750
2360,CCRL2,ENSG00000121797,5832
2361,CCS,ENSG00000173992,12867
2362,CCT2,ENSG00000166226,16145
2363,CCT3,ENSG00000163468,58906
2364,CCT4,ENSG00000115484,20587
2365,CCT5,ENSG00000150753,16461
2366,CCT6A,ENSG00000146731,12305
2367,CCT6B,ENSG00000132141,53220
2368,CCT6P1,ENSG00000228409,12195
2369,CCT6P3,ENSG00000234585,8850
2370,CCT6P3,ENSG00000290860,40631
2371,CCT7,ENSG00000135624,19602
2372,CCT8,ENSG00000156261,17993
2373,CCT8L2,ENSG00000198445,2060
2374,CCZ1,ENSG00000122674,27826
2375,CCZ1B,ENSG00000146574,32637
2376,CD101,ENSG00000134256,34803
2377,CD109,ENSG00000156535,132532
2378,CD14,ENSG00000170458,1973
2379,CD151,ENSG00000177697,6945
2380,CD160,ENSG00000117281,19818
2381,CD163,ENSG00000177575,33083
2382,CD163L1,ENSG00000177675,133213
2383,CD164,ENSG00000135535,15954
2384,CD164L2,ENSG00000174950,4158
2385,CD177,ENSG00000204936,9487
2386,CD180,ENSG00000134061,17187
2387,CD19,ENSG00000177455,7378
2388,CD1A,ENSG00000158477,3846
2389,CD1B,ENSG00000158485,3581
2390,CD1C,ENSG00000158481,4852
2391,CD1D,ENSG00000158473,8398
2392,CD1E,ENSG00000158488,3858
2393,CD2,ENSG00000116824,14800
2394,CD200,ENSG00000091972,30947
2395,CD200R1,ENSG00000163606,53899
2396,CD200R1L,ENSG00000206531,31156
2397,CD207,ENSG00000116031,5606
2398,CD209,ENSG00000090659,7572
2399,CD22,ENSG00000012124,28101
2400,CD226,ENSG00000150637,130646
2401,CD244,ENSG00000122223,32728
2402,CD247,ENSG00000198821,93614
2403,CD248,ENSG00000174807,2551
2404,CD27,ENSG00000139193,6764
2405,CD274,ENSG00000120217,20064
2406,CD276,ENSG00000103855,30549
2407,CD28,ENSG00000178562,33240
2408,CD2AP,ENSG00000198087,149475
2409,CD2BP2,ENSG00000169217,4536
2410,CD300A,ENSG00000167851,18400
2411,CD300C,ENSG00000167850,11772
2412,CD300E,ENSG00000186407,13861
2413,CD300LB,ENSG00000178789,12476
2414,CD300LD,ENSG00000204345,12919
2415,CD300LF,ENSG00000186074,18668
2416,CD300LG,ENSG00000161649,16492
2417,CD320,ENSG00000167775,6232
2418,CD33,ENSG00000105383,18797
2419,CD34,ENSG00000174059,30431
2420,CD36,ENSG00000135218,309703
2421,CD37,ENSG00000104894,8165
2422,CD38,ENSG00000004468,74958
2423,CD3D,ENSG00000167286,8169
2424,CD3E,ENSG00000198851,11446
2425,CD3G,ENSG00000160654,10818
2426,CD4,ENSG00000010610,33942
2427,CD40,ENSG00000101017,11593
2428,CD40LG,ENSG00000102245,12233
2429,CD44,ENSG00000026508,93521
2430,CD46,ENSG00000117335,43477
2431,CD47,ENSG00000196776,48772
2432,CD48,ENSG00000117091,33086
2433,CD5,ENSG00000110448,25364
2434,CD52,ENSG00000169442,2566
2435,CD53,ENSG00000143119,28749
2436,CD55,ENSG00000196352,65286
2437,CD58,ENSG00000116815,56506
2438,CD59,ENSG00000085063,33470
2439,CD5L,ENSG00000073754,67346
2440,CD6,ENSG00000013725,48698
2441,CD63,ENSG00000135404,4385
2442,CD68,ENSG00000129226,2621
2443,CD69,ENSG00000110848,8416
2444,CD7,ENSG00000173762,4045
2445,CD72,ENSG00000137101,36829
2446,CD74,ENSG00000019582,11333
2447,CD79A,ENSG00000105369,4094
2448,CD79B,ENSG00000007312,3599
2449,CD80,ENSG00000121594,35322
2450,CD81,ENSG00000110651,21626
2451,CD82,ENSG00000085117,55937
2452,CD83,ENSG00000112149,23427
2453,CD84,ENSG00000066294,38422
2454,CD86,ENSG00000114013,65778
2455,CD8A,ENSG00000153563,23787
2456,CD8B,ENSG00000172116,46586
2457,CD9,ENSG00000010278,38557
2458,CD93,ENSG00000125810,21186
2459,CD96,ENSG00000153283,373278
2460,CD99,ENSG00000002586,50123
2461,CD99,ENSG00000292348,50123
2462,CD99L2,ENSG00000102181,132481
2463,CD99P1,ENSG00000223773,14039
2464,CD99P1,ENSG00000291040,58191
2465,CD99P1,ENSG00000292361,14039
2466,CD99P1,ENSG00000292362,58191
2467,CDA,ENSG00000158825,29818
2468,CDADC1,ENSG00000102543,45561
2469,CDAN1,ENSG00000140326,13585
2470,CDC123,ENSG00000151465,54625
2471,CDC14A,ENSG00000079335,194649
2472,CDC14B,ENSG00000081377,129603
2473,CDC14C,ENSG00000218305,2908
2474,CDC16,ENSG00000130177,37837
2475,CDC20,ENSG00000117399,4223
2476,CDC20B,ENSG00000164287,60207
2477,CDC23,ENSG00000094880,25694
2478,CDC25A,ENSG00000164045,31272
2479,CDC25B,ENSG00000101224,19350
2480,CDC25C,ENSG00000158402,53087
2481,CDC26,ENSG00000176386,19738
2482,CDC27,ENSG00000004897,71720
2483,CDC34,ENSG00000099804,10333
2484,CDC37,ENSG00000105401,29032
2485,CDC37L1,ENSG00000106993,28841
2486,CDC40,ENSG00000168438,74135
2487,CDC42,ENSG00000070831,48734
2488,CDC42BPA,ENSG00000143776,328628
2489,CDC42BPB,ENSG00000198752,125170
2490,CDC42BPG,ENSG00000171219,21602
2491,CDC42EP1,ENSG00000128283,8926
2492,CDC42EP2,ENSG00000149798,7552
2493,CDC42EP3,ENSG00000163171,96587
2494,CDC42EP4,ENSG00000179604,28382
2495,CDC42EP5,ENSG00000167617,8271
2496,CDC42SE1,ENSG00000197622,19355
2497,CDC42SE2,ENSG00000158985,152955
2498,CDC45,ENSG00000093009,41156
2499,CDC5L,ENSG00000096401,62720
2500,CDC6,ENSG00000094804,16779
2501,CDC7,ENSG00000097046,24914
2502,CDC73,ENSG00000134371,132833
2503,CDCA2,ENSG00000184661,48713
2504,CDCA3,ENSG00000111665,6500
2505,CDCA4,ENSG00000170779,11511
2506,CDCA5,ENSG00000146670,17865
2507,CDCA7,ENSG00000144354,14178
2508,CDCA7L,ENSG00000164649,45005
2509,CDCA8,ENSG00000134690,17239
2510,CDCP1,ENSG00000163814,64146
2511,CDCP2,ENSG00000157211,21084
2512,CDH1,ENSG00000039068,98246
2513,CDH10,ENSG00000040731,157879
2514,CDH11,ENSG00000140937,182360
2515,CDH12,ENSG00000154162,1102672
2516,CDH13,ENSG00000140945,1173676
2517,CDH15,ENSG00000129910,23745
2518,CDH16,ENSG00000166589,10796
2519,CDH17,ENSG00000079112,90142
2520,CDH18,ENSG00000145526,1104578
2521,CDH19,ENSG00000071991,103056
2522,CDH2,ENSG00000170558,245068
2523,CDH20,ENSG00000101542,222350
2524,CDH22,ENSG00000149654,134760
2525,CDH23,ENSG00000107736,419028
2526,CDH24,ENSG00000139880,10477
2527,CDH26,ENSG00000124215,75589
2528,CDH3,ENSG00000062038,91280
2529,CDH4,ENSG00000179242,688357
2530,CDH5,ENSG00000179776,38095
2531,CDH6,ENSG00000113361,135461
2532,CDH7,ENSG00000081138,140086
2533,CDH8,ENSG00000150394,389794
2534,CDH9,ENSG00000113100,240554
2535,CDHR1,ENSG00000148600,25085
2536,CDHR2,ENSG00000074276,53464
2537,CDHR3,ENSG00000128536,159637
2538,CDHR4,ENSG00000187492,9142
2539,CDHR5,ENSG00000099834,9502
2540,CDIPT,ENSG00000103502,5058
2541,CDK1,ENSG00000170312,16522
2542,CDK10,ENSG00000185324,15618
2543,CDK11B,ENSG00000248333,23788
2544,CDK12,ENSG00000167258,106074
2545,CDK13,ENSG00000065883,149460
2546,CDK14,ENSG00000058091,744167
2547,CDK15,ENSG00000138395,105090
2548,CDK16,ENSG00000102225,12138
2549,CDK17,ENSG00000059758,122220
2550,CDK18,ENSG00000117266,28198
2551,CDK19,ENSG00000155111,205981
2552,CDK2,ENSG00000123374,6009
2553,CDK20,ENSG00000156345,8313
2554,CDK2AP1,ENSG00000111328,22223
2555,CDK2AP2,ENSG00000167797,2153
2556,CDK3,ENSG00000250506,5145
2557,CDK4,ENSG00000135446,8287
2558,CDK5,ENSG00000164885,4083
2559,CDK5R2,ENSG00000171450,2490
2560,CDK5RAP1,ENSG00000101391,42723
2561,CDK5RAP2,ENSG00000136861,191296
2562,CDK5RAP3,ENSG00000108465,13972
2563,CDK6,ENSG00000105810,231653
2564,CDK7,ENSG00000134058,42636
2565,CDK8,ENSG00000132964,166879
2566,CDK9,ENSG00000136807,5114
2567,CDKAL1,ENSG00000145996,697948
2568,CDKL2,ENSG00000138769,54221
2569,CDKL3,ENSG00000006837,84698
2570,CDKL4,ENSG00000205111,75939
2571,CDKL5,ENSG00000008086,228047
2572,CDKN1A,ENSG00000124762,10938
2573,CDKN1B,ENSG00000111276,36872
2574,CDKN1C,ENSG00000129757,2563
2575,CDKN2A,ENSG00000147889,27550
2576,CDKN2AIP,ENSG00000168564,4430
2577,CDKN2AIPNL,ENSG00000237190,9817
2578,CDKN2B,ENSG00000147883,6403
2579,CDKN2C,ENSG00000123080,13890
2580,CDKN2D,ENSG00000129355,2600
2581,CDKN3,ENSG00000100526,23370
2582,CDNF,ENSG00000185267,19331
2583,CDO1,ENSG00000129596,11927
2584,CDR1,ENSG00000288642,789
2585,CDR2,ENSG00000140743,91230
2586,CDR2L,ENSG00000109089,18169
2587,CDRT15,ENSG00000223510,1190
2588,CDRT15L2,ENSG00000214819,1188
2589,CDRT15P1,ENSG00000141028,975
2590,CDRT15P2,ENSG00000227255,962
2591,CDRT4,ENSG00000239704,39714
2592,CDRT7,ENSG00000259944,983
2593,CDS1,ENSG00000163624,68208
2594,CDS2,ENSG00000101290,71009
2595,CDSN,ENSG00000204539,5360
2596,CDT1,ENSG00000167513,5470
2597,CDV3,ENSG00000091527,16576
2598,CDX1,ENSG00000113722,17781
2599,CDX2,ENSG00000165556,8398
2600,CDX4,ENSG00000131264,8119
2601,CDYL,ENSG00000153046,249393
2602,CDYL2,ENSG00000166446,206692
2603,CEACAM1,ENSG00000079385,53931
2604,CEACAM16,ENSG00000213892,11568
2605,CEACAM18,ENSG00000213822,12763
2606,CEACAM19,ENSG00000186567,22082
2607,CEACAM20,ENSG00000273777,28112
2608,CEACAM21,ENSG00000007129,37327
2609,CEACAM22P,ENSG00000230666,6369
2610,CEACAM22P,ENSG00000290603,83806
2611,CEACAM3,ENSG00000170956,14968
2612,CEACAM4,ENSG00000105352,8060
2613,CEACAM5,ENSG00000105388,21849
2614,CEACAM6,ENSG00000086548,21235
2615,CEACAM7,ENSG00000007306,33674
2616,CEACAM8,ENSG00000124469,14813
2617,CEBPA,ENSG00000245848,2601
2618,CEBPB,ENSG00000172216,1957
2619,CEBPD,ENSG00000221869,1252
2620,CEBPE,ENSG00000092067,3221
2621,CEBPZ,ENSG00000115816,29985
2622,CECR2,ENSG00000099954,198203
2623,CECR3,ENSG00000241832,9964
2624,CECR7,ENSG00000237438,2554
2625,CEL,ENSG00000170835,9881
2626,CELA1,ENSG00000139610,18238
2627,CELA2A,ENSG00000142615,15364
2628,CELA2B,ENSG00000215704,25487
2629,CELA3B,ENSG00000219073,21621
2630,CELF1,ENSG00000149187,99637
2631,CELF2,ENSG00000048740,538279
2632,CELF3,ENSG00000159409,16746
2633,CELF4,ENSG00000101489,322788
2634,CELF5,ENSG00000161082,72416
2635,CELF6,ENSG00000140488,35431
2636,CELP,ENSG00000170827,4693
2637,CELSR1,ENSG00000075275,176787
2638,CELSR2,ENSG00000143126,26213
2639,CELSR3,ENSG00000008300,26424
2640,CEMP1,ENSG00000205923,1383
2641,CEND1,ENSG00000184524,2999
2642,CENPA,ENSG00000115163,36779
2643,CENPB,ENSG00000125817,2890
2644,CENPE,ENSG00000138778,93097
2645,CENPF,ENSG00000117724,61390
2646,CENPH,ENSG00000153044,20784
2647,CENPI,ENSG00000102384,67939
2648,CENPJ,ENSG00000151849,40611
2649,CENPK,ENSG00000123219,45403
2650,CENPL,ENSG00000120334,25334
2651,CENPM,ENSG00000100162,19639
2652,CENPN,ENSG00000166451,26563
2653,CENPO,ENSG00000138092,29241
2654,CENPP,ENSG00000188312,294577
2655,CENPQ,ENSG00000031691,29738
2656,CENPT,ENSG00000102901,19655
2657,CENPV,ENSG00000166582,11123
2658,CENPW,ENSG00000203760,8761
2659,CEP104,ENSG00000116198,45311
2660,CEP112,ENSG00000154240,556597
2661,CEP120,ENSG00000168944,78703
2662,CEP128,ENSG00000100629,482535
2663,CEP135,ENSG00000174799,84491
2664,CEP152,ENSG00000103995,98219
2665,CEP164,ENSG00000110274,98710
2666,CEP170,ENSG00000143702,131366
2667,CEP170P1,ENSG00000154608,86511
2668,CEP170P1,ENSG00000298466,37940
2669,CEP19,ENSG00000174007,5974
2670,CEP192,ENSG00000101639,133691
2671,CEP250,ENSG00000126001,64117
2672,CEP290,ENSG00000198707,93084
2673,CEP350,ENSG00000135837,160207
2674,CEP41,ENSG00000106477,48663
2675,CEP44,ENSG00000164118,49651
2676,CEP55,ENSG00000138180,32481
2677,CEP57,ENSG00000166037,42729
2678,CEP57L1,ENSG00000183137,79309
2679,CEP63,ENSG00000182923,102091
2680,CEP68,ENSG00000011523,30651
2681,CEP70,ENSG00000114107,100195
2682,CEP72,ENSG00000112877,54829
2683,CEP76,ENSG00000101624,40945
2684,CEP78,ENSG00000148019,43629
2685,CEP85,ENSG00000130695,44609
2686,CEP85L,ENSG00000111860,249304
2687,CEP89,ENSG00000121289,96067
2688,CEP95,ENSG00000258890,35597
2689,CEP97,ENSG00000182504,46029
2690,CEPT1,ENSG00000134255,45626
2691,CER1,ENSG00000147869,3010
2692,CERCAM,ENSG00000167123,25601
2693,CERK,ENSG00000100422,53843
2694,CERKL,ENSG00000188452,145625
2695,CERS1,ENSG00000223802,28183
2696,CERS2,ENSG00000143418,14421
2697,CERS3,ENSG00000154227,144601
2698,CERS4,ENSG00000090661,55698
2699,CERS5,ENSG00000139624,38245
2700,CERS6,ENSG00000172292,318886
2701,CES1,ENSG00000198848,30487
2702,CES1P2,ENSG00000260765,21997
2703,CES2,ENSG00000172831,10653
2704,CES3,ENSG00000172828,13905
2705,CES4A,ENSG00000172824,21829
2706,CES5A,ENSG00000159398,109878
2707,CES5AP1,ENSG00000215478,17412
2708,CETN1,ENSG00000177143,1735
2709,CETN2,ENSG00000147400,3764
2710,CETN3,ENSG00000153140,17510
2711,CETN4P,ENSG00000224786,1646
2712,CETP,ENSG00000087237,21923
2713,CFB,ENSG00000243649,6437
2714,CFD,ENSG00000197766,8432
2715,CFDP1,ENSG00000153774,139806
2716,CFH,ENSG00000000971,100723
2717,CFHR1,ENSG00000244414,17429
2718,CFHR2,ENSG00000080910,15885
2719,CFHR5,ENSG00000134389,34669
2720,CFI,ENSG00000205403,71143
2721,CFL1,ENSG00000172757,39005
2722,CFL1P1,ENSG00000223820,411
2723,CFL1P1,ENSG00000290782,27685
2724,CFL2,ENSG00000165410,5711
2725,CFLAR,ENSG00000003402,60534
2726,CFP,ENSG00000126759,7134
2727,CFTR,ENSG00000001626,428852
2728,CGB2,ENSG00000104818,1349
2729,CGB5,ENSG00000189052,1464
2730,CGB8,ENSG00000213030,1474
2731,CGGBP1,ENSG00000163320,97942
2732,CGN,ENSG00000143375,28183
2733,CGNL1,ENSG00000128849,174751
2734,CGREF1,ENSG00000138028,20240
2735,CGRRF1,ENSG00000100532,29481
2736,CH25H,ENSG00000138135,1689
2737,CHAC1,ENSG00000128965,3551
2738,CHAC2,ENSG00000143942,7393
2739,CHAD,ENSG00000136457,4411
2740,CHADL,ENSG00000100399,11422
2741,CHAF1A,ENSG00000167670,42379
2742,CHAF1B,ENSG00000159259,33624
2743,CHAMP1,ENSG00000198824,23145
2744,CHAT,ENSG00000070748,58848
2745,CHCHD1,ENSG00000172586,1606
2746,CHCHD10,ENSG00000250479,2139
2747,CHCHD2,ENSG00000106153,11913
2748,CHCHD3,ENSG00000106554,297221
2749,CHCHD4,ENSG00000163528,12794
2750,CHCHD5,ENSG00000125611,5036
2751,CHCHD6,ENSG00000159685,256181
2752,CHCHD7,ENSG00000170791,7124
2753,COA4,ENSG00000181924,7056
2754,CHD1,ENSG00000153922,75023
2755,CHD1L,ENSG00000131778,53112
2756,CHD2,ENSG00000173575,141794
2757,CHD3,ENSG00000170004,27965
2758,CHD4,ENSG00000111642,44443
2759,CHD5,ENSG00000116254,78535
2760,CHD6,ENSG00000124177,216302
2761,CHD7,ENSG00000171316,189289
2762,CHD8,ENSG00000100888,70933
2763,CHD9,ENSG00000177200,274160
2764,CHDH,ENSG00000016391,34085
2765,CHEK1,ENSG00000149554,51093
2766,CHEK2,ENSG00000183765,54680
2767,CHEK2P2,ENSG00000259156,8063
2768,CHEK2P2,ENSG00000290857,9121
2769,CHERP,ENSG00000085872,24544
2770,CHFR,ENSG00000072609,134118
2771,CHGA,ENSG00000100604,12136
2772,CHGB,ENSG00000089199,13844
2773,CHI3L1,ENSG00000133048,7774
2774,CHI3L2,ENSG00000064886,42670
2775,CHIA,ENSG00000134216,29716
2776,CHIC1,ENSG00000204116,123915
2777,CHIC2,ENSG00000109220,69803
2778,CHID1,ENSG00000177830,47200
2779,CHIT1,ENSG00000133063,60815
2780,CHKA,ENSG00000110721,68586
2781,CHKB,ENSG00000100288,22497
2782,CHL1,ENSG00000134121,212655
2783,CHM,ENSG00000188419,186382
2784,CHML,ENSG00000203668,11519
2785,CHMP1A,ENSG00000131165,16923
2786,CHMP1B,ENSG00000255112,3032
2787,CHMP2A,ENSG00000130724,3654
2788,CHMP2B,ENSG00000083937,28286
2789,CHMP4B,ENSG00000101421,43019
2790,CHMP4C,ENSG00000164695,27068
2791,CHMP5,ENSG00000086065,17192
2792,CHMP6,ENSG00000176108,17920
2793,CHMP7,ENSG00000147457,18364
2794,CHN1,ENSG00000128656,206573
2795,CHN2,ENSG00000106069,367782
2796,CHODL,ENSG00000154645,366111
2797,CHORDC1,ENSG00000110172,22649
2798,CHP1,ENSG00000187446,51049
2799,CHP2,ENSG00000166869,3910
2800,CHPF,ENSG00000123989,4856
2801,CHPF2,ENSG00000033100,8497
2802,CHPT1,ENSG00000111666,47194
2803,CHRAC1,ENSG00000104472,5844
2804,CHRD,ENSG00000090539,10683
2805,CHRDL1,ENSG00000101938,121964
2806,CHRDL2,ENSG00000054938,34998
2807,CHRFAM7A,ENSG00000166664,33284
2808,CHRM1,ENSG00000168539,13129
2809,CHRM2,ENSG00000181072,151604
2810,CHRM3,ENSG00000133019,528888
2811,CHRM4,ENSG00000180720,7988
2812,CHRM5,ENSG00000184984,98962
2813,CHRNA1,ENSG00000138435,40344
2814,CHRNA10,ENSG00000129749,5798
2815,CHRNA2,ENSG00000120903,20128
2816,CHRNA3,ENSG00000080644,28244
2817,CHRNA4,ENSG00000101204,35179
2818,CHRNA5,ENSG00000169684,29750
2819,CHRNA6,ENSG00000147434,43773
2820,CHRNA7,ENSG00000175344,249581
2821,CHRNA9,ENSG00000174343,19885
2822,CHRNB1,ENSG00000170175,12650
2823,CHRNB2,ENSG00000160716,12236
2824,CHRNB3,ENSG00000147432,40042
2825,CHRNB4,ENSG00000117971,103644
2826,CHRND,ENSG00000135902,10675
2827,CHRNE,ENSG00000108556,36668
2828,CHRNG,ENSG00000196811,8424
2829,CHST1,ENSG00000175264,17934
2830,CHST10,ENSG00000115526,25809
2831,CHST11,ENSG00000171310,306720
2832,CHST13,ENSG00000180767,19137
2833,CHST14,ENSG00000169105,2175
2834,CHST15,ENSG00000182022,85931
2835,CHST3,ENSG00000122863,49164
2836,CHST4,ENSG00000140835,13516
2837,CHST5,ENSG00000135702,7579
2838,CHST6,ENSG00000183196,23394
2839,CHST7,ENSG00000147119,24732
2840,CHST8,ENSG00000124302,151557
2841,CHST9,ENSG00000154080,278828
2842,CHSY1,ENSG00000131873,76322
2843,CHSY3,ENSG00000198108,282170
2844,CHTF18,ENSG00000127586,12692
2845,CHTF8,ENSG00000168802,14579
2846,CHTOP,ENSG00000160679,12325
2847,CHUK,ENSG00000213341,41297
2848,CIAO1,ENSG00000144021,8015
2849,CIAPIN1,ENSG00000005194,19234
2850,CIB1,ENSG00000185043,4073
2851,CIB2,ENSG00000136425,26930
2852,CIB3,ENSG00000141977,12158
2853,CIB4,ENSG00000157884,60162
2854,CIC,ENSG00000079432,27261
2855,CIDEA,ENSG00000176194,23235
2856,CIDEB,ENSG00000136305,6244
2857,CIDEC,ENSG00000187288,13545
2858,CIITA,ENSG00000179583,76800
2859,CILP,ENSG00000138615,16714
2860,CILP2,ENSG00000160161,8412
2861,CINP,ENSG00000100865,21815
2862,CIR1,ENSG00000138433,47691
2863,CIRBP,ENSG00000099622,15497
2864,CISD1,ENSG00000122873,20425
2865,CISD2,ENSG00000145354,23834
2866,CISD3,ENSG00000277972,5265
2867,CISH,ENSG00000114737,5286
2868,CIT,ENSG00000122966,191530
2869,CITED1,ENSG00000125931,5550
2870,CITED2,ENSG00000164442,2842
2871,CITED4,ENSG00000179862,1310
2872,CIZ1,ENSG00000148337,43133
2873,CKAP2,ENSG00000136108,21200
2874,CKAP2L,ENSG00000169607,28316
2875,CKAP4,ENSG00000136026,66399
2876,CKAP5,ENSG00000175216,103261
2877,CKB,ENSG00000166165,3167
2878,CKM,ENSG00000104879,16463
2879,CKMT1A,ENSG00000223572,6337
2880,CKMT1B,ENSG00000237289,11848
2881,CKMT2,ENSG00000131730,33079
2882,CKS1B,ENSG00000173207,4599
2883,CKS2,ENSG00000123975,5509
2884,CLASP1,ENSG00000074054,311701
2885,CLASP2,ENSG00000163539,222112
2886,CLASRP,ENSG00000104859,31912
2887,CLC,ENSG00000105205,6775
2888,CLCA1,ENSG00000016490,31892
2889,CLCA2,ENSG00000137975,32383
2890,CLCA3P,ENSG00000153923,20470
2891,CLCA3P,ENSG00000291014,21104
2892,CLCA4,ENSG00000016602,33677
2893,CLCC1,ENSG00000121940,81643
2894,CLCF1,ENSG00000175505,10010
2895,CLCN1,ENSG00000188037,35973
2896,CLCN2,ENSG00000114859,15466
2897,CLCN3,ENSG00000109572,111041
2898,CLCN4,ENSG00000073464,80686
2899,CLCN5,ENSG00000171365,176640
2900,CLCN6,ENSG00000011021,41984
2901,CLCN7,ENSG00000103249,30144
2902,CLCNKA,ENSG00000186510,15176
2903,CLDN1,ENSG00000163347,16740
2904,CLDN10,ENSG00000134873,146156
2905,CLDN11,ENSG00000013297,35866
2906,CLDN12,ENSG00000157224,129682
2907,CLDN15,ENSG00000106404,6729
2908,CLDN16,ENSG00000113946,89598
2909,CLDN17,ENSG00000156282,1241
2910,CLDN18,ENSG00000066405,34921
2911,CLDN19,ENSG00000164007,7162
2912,CLDN2,ENSG00000165376,30698
2913,CLDN20,ENSG00000171217,12536
2914,CLDN22,ENSG00000177300,2177
2915,CLDN23,ENSG00000253958,2160
2916,CLDN24,ENSG00000185758,663
2917,CLDN25,ENSG00000228607,690
2918,CLDN3,ENSG00000165215,1274
2919,CLDN4,ENSG00000189143,33149
2920,CLDN5,ENSG00000184113,4522
2921,CLDN7,ENSG00000181885,4081
2922,CLDN8,ENSG00000156284,2092
2923,CLDN9,ENSG00000213937,1583
2924,CLDND1,ENSG00000080822,25155
2925,CLDND2,ENSG00000160318,1906
2926,CLEC10A,ENSG00000132514,5771
2927,CLEC11A,ENSG00000105472,2345
2928,CLEC12A,ENSG00000172322,44379
2929,CLEC12B,ENSG00000256660,8170
2930,CLEC14A,ENSG00000176435,2094
2931,CLEC16A,ENSG00000038532,237648
2932,CLEC17A,ENSG00000187912,28952
2933,CLEC18A,ENSG00000157322,13748
2934,CLEC18B,ENSG00000140839,12848
2935,CLEC1A,ENSG00000150048,42074
2936,CLEC1B,ENSG00000165682,27783
2937,CLEC2A,ENSG00000188393,33698
2938,CLEC2B,ENSG00000110852,17018
2939,CLEC2D,ENSG00000069493,34585
2940,CLEC2L,ENSG00000236279,21301
2941,CLEC3A,ENSG00000166509,44247
2942,CLEC3B,ENSG00000163815,34524
2943,CLEC4A,ENSG00000111729,14991
2944,CLEC4C,ENSG00000198178,22223
2945,CLEC4D,ENSG00000166527,12892
2946,CLEC4E,ENSG00000166523,7601
2947,CLEC4F,ENSG00000152672,11957
2948,CLEC4G,ENSG00000182566,4950
2949,CLEC4GP1,ENSG00000268297,3073
2950,CLEC4M,ENSG00000104938,6396
2951,CLEC5A,ENSG00000258227,19651
2952,CLEC6A,ENSG00000205846,22369
2953,CLEC7A,ENSG00000172243,13482
2954,CLEC9A,ENSG00000197992,35354
2955,CLGN,ENSG00000153132,39209
2956,CLIC1,ENSG00000213719,9183
2957,CLIC2,ENSG00000155962,58447
2958,CLIC3,ENSG00000169583,1961
2959,CLIC4,ENSG00000169504,98940
2960,CLIC5,ENSG00000112782,199522
2961,CLIC6,ENSG00000159212,49234
2962,CLINT1,ENSG00000113282,73403
2963,CLIP2,ENSG00000106665,116529
2964,CLIP3,ENSG00000105270,18684
2965,CLIP4,ENSG00000115295,102073
2966,CLK1,ENSG00000013441,11683
2967,CLK2,ENSG00000176444,15624
2968,CLK3,ENSG00000179335,46915
2969,CLK4,ENSG00000113240,27952
2970,CLLU1,ENSG00000257127,9472
2971,CLMN,ENSG00000165959,137969
2972,CLMP,ENSG00000166250,125420
2973,CLN3,ENSG00000188603,21465
2974,CLN5,ENSG00000102805,28484
2975,CLN6,ENSG00000128973,50220
2976,CLN8,ENSG00000182372,45934
2977,CLNK,ENSG00000109684,198374
2978,CLNS1A,ENSG00000074201,122859
2979,CLOCK,ENSG00000134852,119007
2980,CLP1,ENSG00000172409,13678
2981,CLPB,ENSG00000162129,149186
2982,CLPP,ENSG00000125656,8816
2983,CLPS,ENSG00000137392,2363
2984,CLPTM1,ENSG00000104853,38757
2985,CLPTM1L,ENSG00000049656,27348
2986,CLPX,ENSG00000166855,37124
2987,CLRN1,ENSG00000163646,46565
2988,CLRN2,ENSG00000249581,11940
2989,CLRN3,ENSG00000180745,15101
2990,CLSPN,ENSG00000092853,49761
2991,CLSTN1,ENSG00000171603,95059
2992,CLSTN2,ENSG00000158258,642213
2993,CLSTN3,ENSG00000139182,29248
2994,CLTA,ENSG00000122705,113926
2995,CLTB,ENSG00000175416,24039
2996,CLTC,ENSG00000141367,77277
2997,CLTCL1,ENSG00000070371,112247
2998,CLUAP1,ENSG00000103351,38073
2999,CLUL1,ENSG00000079101,53347
3000,CLVS1,ENSG00000177182,444488
3001,CLVS2,ENSG00000146352,76691
3002,CLYBL,ENSG00000125246,302791
3003,CMA1,ENSG00000092009,2913
3004,CMAHP,ENSG00000168405,56220
3005,CMAHP,ENSG00000293489,390653
3006,CMAS,ENSG00000111726,19457
3007,CMBL,ENSG00000164237,32028
3008,CMC1,ENSG00000187118,83559
3009,CMIP,ENSG00000153815,266955
3010,CMKLR1,ENSG00000174600,51274
3011,CMPK1,ENSG00000162368,61077
3012,CMPK2,ENSG00000134326,26066
3013,CMTM1,ENSG00000089505,12745
3014,CMTM2,ENSG00000140932,8828
3015,CMTM3,ENSG00000140931,10019
3016,CMTM4,ENSG00000183723,81994
3017,CMTM5,ENSG00000166091,3000
3018,CMTM6,ENSG00000091317,21541
3019,CMTM7,ENSG00000153551,91370
3020,CMTM8,ENSG00000170293,131643
3021,CMYA5,ENSG00000164309,110405
3022,CNBD1,ENSG00000176571,748805
3023,CNBP,ENSG00000169714,16096
3024,CNDP1,ENSG00000150656,52713
3025,CNDP2,ENSG00000133313,27639
3026,CNFN,ENSG00000105427,3279
3027,CNGA1,ENSG00000198515,80705
3028,CNGA2,ENSG00000183862,10819
3029,CNGA3,ENSG00000144191,52414
3030,CNGA4,ENSG00000132259,9715
3031,CNGB1,ENSG00000070729,88789
3032,CNGB3,ENSG00000170289,189699
3033,CNIH2,ENSG00000174871,7127
3034,CNIH3,ENSG00000143786,305895
3035,CNIH4,ENSG00000143771,22602
3036,CNKSR1,ENSG00000142675,12401
3037,CNKSR2,ENSG00000149970,281895
3038,CNKSR3,ENSG00000153721,123171
3039,CNN1,ENSG00000130176,11557
3040,CNN2,ENSG00000064666,12483
3041,CNN3,ENSG00000117519,30275
3042,CNNM1,ENSG00000119946,64975
3043,CNNM2,ENSG00000148842,171929
3044,CNNM3,ENSG00000168763,19138
3045,CNNM4,ENSG00000158158,50973
3046,BLOC1S4,ENSG00000186222,1491
3047,CNOT1,ENSG00000125107,109935
3048,CNOT10,ENSG00000182973,88731
3049,CNOT2,ENSG00000111596,111992
3050,CNOT3,ENSG00000088038,17933
3051,CNOT4,ENSG00000080802,148351
3052,CNOT6,ENSG00000113300,83980
3053,CNOT6L,ENSG00000138767,106229
3054,CNOT7,ENSG00000198791,21913
3055,CNOT8,ENSG00000155508,19240
3056,CNP,ENSG00000173786,10978
3057,CNPPD1,ENSG00000115649,6210
3058,CNPY1,ENSG00000146910,81245
3059,CNPY2,ENSG00000257727,6278
3060,CNPY3,ENSG00000137161,9815
3061,CNPY4,ENSG00000166997,5875
3062,CNR1,ENSG00000118432,26484
3063,CNR2,ENSG00000188822,42848
3064,CNRIP1,ENSG00000119865,35881
3065,CNST,ENSG00000162852,102152
3066,CNTD1,ENSG00000176563,12788
3067,CNTF,ENSG00000242689,3069
3068,CNTFR,ENSG00000122756,38709
3069,CNTLN,ENSG00000044459,368942
3070,CNTN1,ENSG00000018236,379977
3071,CNTN2,ENSG00000184144,35353
3072,CNTN3,ENSG00000113805,352092
3073,CNTN4,ENSG00000144619,959147
3074,CNTN6,ENSG00000134115,311560
3075,CNTNAP1,ENSG00000108797,17463
3076,CNTNAP2,ENSG00000174469,2304997
3077,CNTNAP3,ENSG00000106714,223606
3078,CNTNAP3B,ENSG00000154529,239197
3079,CNTNAP4,ENSG00000152910,283480
3080,CNTNAP5,ENSG00000155052,895933
3081,CNTRL,ENSG00000119397,103070
3082,CNTROB,ENSG00000170037,17820
3083,COA5,ENSG00000183513,9202
3084,COASY,ENSG00000068120,4811
3085,COBL,ENSG00000106078,300607
3086,COBLL1,ENSG00000082438,190056
3087,COCH,ENSG00000100473,20552
3088,COG1,ENSG00000166685,15453
3089,COG2,ENSG00000135775,51502
3090,COG3,ENSG00000136152,71804
3091,COG4,ENSG00000103051,42993
3092,COG5,ENSG00000164597,362890
3093,COG6,ENSG00000133103,136040
3094,COG7,ENSG00000168434,64697
3095,COG8,ENSG00000213380,19444
3096,COIL,ENSG00000121058,22852
3097,COL10A1,ENSG00000123500,39839
3098,COL11A1,ENSG00000060718,232406
3099,COL11A2,ENSG00000204248,29819
3100,COL12A1,ENSG00000111799,121942
3101,COL13A1,ENSG00000197467,162396
3102,COL14A1,ENSG00000187955,313794
3103,COL15A1,ENSG00000204291,127609
3104,COL16A1,ENSG00000084636,52057
3105,COL17A1,ENSG00000065618,54595
3106,COL18A1,ENSG00000182871,108556
3107,COL19A1,ENSG00000082293,345913
3108,COL1A1,ENSG00000108821,17532
3109,COL1A2,ENSG00000164692,36333
3110,COL20A1,ENSG00000101203,41666
3111,COL21A1,ENSG00000124749,337505
3112,COL22A1,ENSG00000169436,325807
3113,COL23A1,ENSG00000050767,352918
3114,COL24A1,ENSG00000171502,427711
3115,COL25A1,ENSG00000188517,494028
3116,COL27A1,ENSG00000196739,156975
3117,COL28A1,ENSG00000215018,179671
3118,COL2A1,ENSG00000139219,31588
3119,COL3A1,ENSG00000168542,38374
3120,COL4A1,ENSG00000187498,158240
3121,COL4A2,ENSG00000134871,207398
3122,COL4A3,ENSG00000169031,150169
3123,COL4A4,ENSG00000081052,161740
3124,COL4A5,ENSG00000188153,257708
3125,COL4A6,ENSG00000197565,283891
3126,COL5A1,ENSG00000130635,203041
3127,COL5A2,ENSG00000204262,193415
3128,COL5A3,ENSG00000080573,50944
3129,COL6A1,ENSG00000142156,23281
3130,COL6A2,ENSG00000142173,34737
3131,COL6A3,ENSG00000163359,90326
3132,COL6A4P2,ENSG00000228252,60505
3133,COL6A5,ENSG00000172752,139331
3134,COL6A6,ENSG00000206384,159868
3135,COL7A1,ENSG00000114270,31257
3136,COL8A1,ENSG00000144810,160752
3137,COL8A2,ENSG00000171812,29984
3138,COL9A1,ENSG00000112280,87045
3139,COL9A2,ENSG00000049089,17325
3140,COL9A3,ENSG00000092758,24916
3141,COLEC10,ENSG00000184374,113004
3142,COLEC11,ENSG00000118004,49813
3143,COLEC12,ENSG00000158270,183986
3144,COLQ,ENSG00000206561,71619
3145,COMMD1,ENSG00000173163,258524
3146,COMMD10,ENSG00000145781,327747
3147,COMMD2,ENSG00000114744,14024
3148,COMMD4,ENSG00000140365,7205
3149,COMMD5,ENSG00000170619,12695
3150,COMMD6,ENSG00000188243,24226
3151,COMMD7,ENSG00000149600,40769
3152,COMMD8,ENSG00000169019,12916
3153,COMMD9,ENSG00000110442,20166
3154,COMP,ENSG00000105664,8533
3155,COMT,ENSG00000093010,28605
3156,COMTD1,ENSG00000165644,2390
3157,COPA,ENSG00000122218,54973
3158,COPB1,ENSG00000129083,56588
3159,COPB2,ENSG00000184432,35791
3160,COPE,ENSG00000105669,19874
3161,COPG1,ENSG00000181789,28168
3162,COPG2,ENSG00000158623,162511
3163,COPS2,ENSG00000166200,49594
3164,COPS3,ENSG00000141030,34658
3165,COPS4,ENSG00000138663,41372
3166,COPS5,ENSG00000121022,40705
3167,COPS6,ENSG00000168090,3219
3168,COPS7A,ENSG00000111652,7862
3169,COPS7B,ENSG00000144524,27584
3170,COPS8,ENSG00000198612,14593
3171,COPZ1,ENSG00000111481,50645
3172,COPZ2,ENSG00000005243,11864
3173,COQ10A,ENSG00000135469,4077
3174,COQ10B,ENSG00000115520,21818
3175,COQ2,ENSG00000173085,23379
3176,COQ3,ENSG00000132423,24795
3177,COQ4,ENSG00000167113,11529
3178,COQ5,ENSG00000110871,31156
3179,COQ6,ENSG00000119723,13745
3180,COQ7,ENSG00000167186,12482
3181,COQ9,ENSG00000088682,13846
3182,CORIN,ENSG00000145244,244108
3183,CORO1A,ENSG00000102879,6250
3184,CORO1B,ENSG00000172725,8312
3185,CORO1C,ENSG00000110880,86418
3186,CORO2A,ENSG00000106789,71663
3187,CORO2B,ENSG00000103647,148814
3188,CORO6,ENSG00000167549,8157
3189,COTL1,ENSG00000103187,52483
3190,COX10,ENSG00000006695,162247
3191,COX11,ENSG00000166260,16802
3192,COX15,ENSG00000014919,21260
3193,COX17,ENSG00000138495,22942
3194,COX18,ENSG00000163626,17394
3195,COX19,ENSG00000240230,76772
3196,COX4I1,ENSG00000131143,8436
3197,COX4I2,ENSG00000131055,7095
3198,EMC8,ENSG00000131148,27851
3199,COX5A,ENSG00000178741,18293
3200,COX5B,ENSG00000135940,2322
3201,COX6A1,ENSG00000111775,2648
3202,COX6A2,ENSG00000156885,630
3203,COX6B1,ENSG00000126267,10460
3204,COX6B2,ENSG00000160471,5414
3205,COX6C,ENSG00000164919,20508
3206,COX7A1,ENSG00000161281,1528
3207,COX7A2,ENSG00000112695,12649
3208,COX7A2L,ENSG00000115944,91543
3209,COX7B,ENSG00000131174,7937
3210,COX7B2,ENSG00000170516,174419
3211,COX7C,ENSG00000127184,3035
3212,COX8A,ENSG00000176340,1924
3213,CP,ENSG00000047457,59420
3214,CPA1,ENSG00000091704,7776
3215,CPA2,ENSG00000158516,22936
3216,CPA3,ENSG00000163751,31908
3217,CPA4,ENSG00000128510,31047
3218,CPA5,ENSG00000158525,23915
3219,CPA6,ENSG00000165078,324341
3220,CPAMD8,ENSG00000160111,133865
3221,CPB1,ENSG00000153002,69086
3222,CPB2,ENSG00000080618,51848
3223,CPD,ENSG00000108582,91063
3224,CPE,ENSG00000109472,137354
3225,CPEB1,ENSG00000214575,105661
3226,CPEB2,ENSG00000137449,67673
3227,CPEB3,ENSG00000107864,244387
3228,CPEB4,ENSG00000113742,73632
3229,CPLX1,ENSG00000168993,41173
3230,CPLX2,ENSG00000145920,87712
3231,CPLX3,ENSG00000213578,5176
3232,CPLX4,ENSG00000166569,43494
3233,CPM,ENSG00000135678,129374
3234,CPN1,ENSG00000120054,39677
3235,CPN2,ENSG00000178772,11561
3236,CPNE1,ENSG00000214078,38926
3237,CPNE2,ENSG00000140848,55787
3238,CPNE3,ENSG00000085719,47064
3239,CPNE4,ENSG00000196353,751856
3240,CPNE5,ENSG00000124772,98670
3241,CPNE6,ENSG00000100884,7264
3242,CPNE7,ENSG00000178773,21489
3243,CPNE8,ENSG00000139117,260609
3244,CPNE9,ENSG00000144550,26083
3245,CPO,ENSG00000144410,29957
3246,CPOX,ENSG00000080819,14203
3247,CPPED1,ENSG00000103381,144089
3248,CPS1,ENSG00000021826,201426
3249,CPSF1,ENSG00000071894,16107
3250,CPSF2,ENSG00000165934,50177
3251,CPSF3,ENSG00000119203,49451
3252,CPSF4,ENSG00000160917,18452
3253,CPSF4L,ENSG00000187959,13904
3254,CPSF6,ENSG00000111605,34790
3255,CPSF7,ENSG00000149532,27391
3256,CPT1A,ENSG00000110090,89791
3257,CPT1B,ENSG00000205560,9605
3258,CPT1C,ENSG00000169169,22834
3259,CPT2,ENSG00000157184,17406
3260,CPVL,ENSG00000106066,200217
3261,CPXCR1,ENSG00000147183,7561
3262,CPXM1,ENSG00000088882,6554
3263,CPXM2,ENSG00000121898,234061
3264,CPZ,ENSG00000109625,27100
3265,CR1,ENSG00000203710,145619
3266,CR1L,ENSG00000197721,93304
3267,CR2,ENSG00000117322,36872
3268,CRABP1,ENSG00000166426,7873
3269,CRABP2,ENSG00000143320,6211
3270,CRADD,ENSG00000169372,217466
3271,CRAT,ENSG00000095321,17048
3272,CRB1,ENSG00000134376,210252
3273,CRB2,ENSG00000148204,24155
3274,CRB3,ENSG00000130545,3445
3275,CRBN,ENSG00000113851,35100
3276,CRCP,ENSG00000241258,39965
3277,CREB1,ENSG00000118260,76252
3278,CREB3,ENSG00000107175,4402
3279,CREB3L1,ENSG00000157613,43748
3280,CREB3L2,ENSG00000182158,127108
3281,CREB3L3,ENSG00000060566,19424
3282,CREB3L4,ENSG00000143578,6828
3283,CREB5,ENSG00000146592,526574
3284,CREBBP,ENSG00000005339,155660
3285,CREBL2,ENSG00000111269,33282
3286,CREBZF,ENSG00000137504,25167
3287,CREG1,ENSG00000143162,24689
3288,CREG2,ENSG00000175874,41954
3289,CRELD1,ENSG00000163703,11621
3290,CRELD2,ENSG00000184164,9374
3291,CREM,ENSG00000095794,86168
3292,CRHBP,ENSG00000145708,28114
3293,CRHR1,ENSG00000120088,51552
3294,CRHR2,ENSG00000106113,48188
3295,CRIM1,ENSG00000150938,195358
3296,CRIP1,ENSG00000213145,2631
3297,CRIP2,ENSG00000182809,7201
3298,CRIP3,ENSG00000146215,9117
3299,CRIPT,ENSG00000119878,68622
3300,CRISP1,ENSG00000124812,42840
3301,CRISP2,ENSG00000124490,21233
3302,CRISP3,ENSG00000096006,17062
3303,CRISPLD1,ENSG00000121005,50054
3304,CRISPLD2,ENSG00000103196,100784
3305,CRK,ENSG00000167193,42474
3306,CRKL,ENSG00000099942,36341
3307,CRLF1,ENSG00000006016,35522
3308,CRLF2,ENSG00000205755,22234
3309,CRLF2,ENSG00000292363,22234
3310,CRLF3,ENSG00000176390,55305
3311,CRLS1,ENSG00000088766,33961
3312,CRMP1,ENSG00000072832,145003
3313,CRNKL1,ENSG00000101343,21679
3314,CRNN,ENSG00000143536,5021
3315,CROCC,ENSG00000058453,232692
3316,CROCCP3,ENSG00000290842,40505
3317,CROCCP3,ENSG00000080947,16912
3318,CROT,ENSG00000005469,54131
3319,CRP,ENSG00000132693,2301
3320,CRTAC1,ENSG00000095713,165829
3321,CRTAM,ENSG00000109943,34144
3322,CRTAP,ENSG00000170275,33760
3323,CRTC1,ENSG00000105662,98656
3324,CRTC2,ENSG00000160741,10947
3325,CRTC3,ENSG00000140577,115423
3326,CRX,ENSG00000105392,23552
3327,CRY1,ENSG00000008405,102186
3328,CRY2,ENSG00000121671,36131
3329,CRYAA,ENSG00000160202,3803
3330,CRYAB,ENSG00000109846,15159
3331,CRYBA1,ENSG00000108255,7636
3332,CRYBA2,ENSG00000163499,3234
3333,CRYBA4,ENSG00000196431,8707
3334,CRYBB1,ENSG00000100122,18750
3335,CRYBB2,ENSG00000244752,19307
3336,CRYBB3,ENSG00000100053,7502
3337,CRYGB,ENSG00000182187,3586
3338,CRYGC,ENSG00000163254,1692
3339,CRYGD,ENSG00000118231,2918
3340,CRYGN,ENSG00000127377,11982
3341,CRYGS,ENSG00000213139,8262
3342,CRYL1,ENSG00000165475,122208
3343,CRYM,ENSG00000103316,64210
3344,CRYZ,ENSG00000116791,27927
3345,CRYZL1,ENSG00000205758,54586
3346,CS,ENSG00000062485,28693
3347,CSAG1,ENSG00000198930,6252
3348,CSDC2,ENSG00000172346,16732
3349,CSDE1,ENSG00000009307,41764
3350,CSE1L,ENSG00000124207,50715
3351,CSF1,ENSG00000184371,20751
3352,CSF1R,ENSG00000182578,60082
3353,CSF2,ENSG00000164400,2382
3354,CSF2RA,ENSG00000198223,56581
3355,CSF2RA,ENSG00000292357,56581
3356,CSF2RB,ENSG00000100368,26812
3357,CSF3,ENSG00000108342,2453
3358,CSF3R,ENSG00000119535,17236
3359,CSGALNACT1,ENSG00000147408,353869
3360,CSGALNACT2,ENSG00000169826,46858
3361,CSH1,ENSG00000136488,1753
3362,CSH2,ENSG00000213218,1755
3363,CSHL1,ENSG00000204414,1745
3364,CSK,ENSG00000103653,21118
3365,CSMD1,ENSG00000183117,2059620
3366,CSMD2,ENSG00000121904,651845
3367,CSMD3,ENSG00000164796,1214012
3368,CSN1S1,ENSG00000126545,15507
3369,CSN2,ENSG00000135222,10473
3370,CSN3,ENSG00000171209,13093
3371,CSNK1A1,ENSG00000113712,58490
3372,CSNK1A1L,ENSG00000180138,2406
3373,CSNK1A1P1,ENSG00000223518,981
3374,CSNK1D,ENSG00000141551,34678
3375,CSNK1E,ENSG00000213923,27394
3376,CSNK1G1,ENSG00000169118,190649
3377,CSNK1G2,ENSG00000133275,40167
3378,CSNK1G3,ENSG00000151292,104873
3379,CSNK2A1,ENSG00000101266,71338
3380,CSNK2A2,ENSG00000070770,40200
3381,CSNK2B,ENSG00000204435,5117
3382,CSPG4,ENSG00000173546,38527
3383,CSPG4P1Y,ENSG00000240450,3798
3384,CSPG5,ENSG00000114646,18555
3385,CSPP1,ENSG00000104218,134362
3386,CSRNP1,ENSG00000144655,12708
3387,CSRNP2,ENSG00000110925,22460
3388,CSRNP3,ENSG00000178662,219761
3389,CSRP1,ENSG00000159176,25927
3390,CSRP2,ENSG00000175183,20315
3391,CSRP3,ENSG00000129170,28542
3392,CST1,ENSG00000170373,3707
3393,CST11,ENSG00000125831,2474
3394,CST2,ENSG00000170369,2961
3395,CST3,ENSG00000101439,11768
3396,CST4,ENSG00000101441,3399
3397,CST5,ENSG00000170367,3815
3398,CST6,ENSG00000175315,1498
3399,CST7,ENSG00000077984,10660
3400,CST8,ENSG00000125815,4910
3401,CST9,ENSG00000173335,3508
3402,CST9L,ENSG00000101435,3753
3403,CSTA,ENSG00000121552,16722
3404,CSTB,ENSG00000160213,3820
3405,CSTF1,ENSG00000101138,13992
3406,CSTF2,ENSG00000101811,21130
3407,CSTF2T,ENSG00000177613,4110
3408,CSTF3,ENSG00000176102,85184
3409,CSTL1,ENSG00000125823,18827
3410,CST13P,ENSG00000204663,20882
3411,CST13P,ENSG00000290388,26948
3412,CT45A1,ENSG00000268940,9901
3413,CT45A5,ENSG00000228836,9652
3414,CT47A1,ENSG00000236371,3285
3415,CT47B1,ENSG00000236446,3260
3416,CT62,ENSG00000225362,6350
3417,CTAGE1,ENSG00000212710,4317
3418,CTAGE10P,ENSG00000181358,2408
3419,CTAGE11P,ENSG00000214249,2353
3420,CTAGE4,ENSG00000288784,2615
3421,CTAGE9,ENSG00000236761,2577
3422,CTBP1,ENSG00000159692,38889
3423,CTBP2,ENSG00000175029,176854
3424,CTBS,ENSG00000117151,24870
3425,CTC1,ENSG00000178971,23244
3426,CTCF,ENSG00000102974,76711
3427,CTCFL,ENSG00000124092,29687
3428,CTDNEP1,ENSG00000175826,8901
3429,CTDP1,ENSG00000060069,74701
3430,CTDSP1,ENSG00000144579,8806
3431,CTDSP2,ENSG00000175215,26803
3432,CTDSPL,ENSG00000144677,122590
3433,CTDSPL2,ENSG00000137770,101417
3434,CTH,ENSG00000116761,28634
3435,CTHRC1,ENSG00000164932,11452
3436,CTIF,ENSG00000134030,324187
3437,CTLA4,ENSG00000163599,20078
3438,CTNNA1,ENSG00000044115,324068
3439,CTNNA2,ENSG00000066032,1463631
3440,CTNNA3,ENSG00000183230,1851181
3441,CTNNAL1,ENSG00000119326,70954
3442,CTNNB1,ENSG00000168036,65356
3443,CTNNBIP1,ENSG00000178585,62061
3444,CTNNBL1,ENSG00000132792,178100
3445,CTNND1,ENSG00000198561,66304
3446,CTNND2,ENSG00000169862,932611
3447,CTNS,ENSG00000040531,26645
3448,CTPS1,ENSG00000171793,33266
3449,CTPS2,ENSG00000047230,124938
3450,CTR9,ENSG00000198730,50608
3451,CTRB1,ENSG00000168925,7351
3452,CTRB2,ENSG00000168928,3059
3453,CTRC,ENSG00000162438,10801
3454,CTRL,ENSG00000141086,4726
3455,CTSA,ENSG00000064601,8806
3456,CTSB,ENSG00000164733,27010
3457,CTSC,ENSG00000109861,94616
3458,CTSD,ENSG00000117984,11822
3459,CTSE,ENSG00000196188,15375
3460,CTSF,ENSG00000174080,5416
3461,CTSG,ENSG00000100448,2733
3462,CTSH,ENSG00000103811,28517
3463,CTSK,ENSG00000143387,14698
3464,CTSO,ENSG00000256043,32333
3465,CTSS,ENSG00000163131,35879
3466,CTSW,ENSG00000172543,3933
3467,CTSZ,ENSG00000101160,22553
3468,CTTN,ENSG00000085733,38181
3469,CTTNBP2,ENSG00000077063,163489
3470,CTTNBP2NL,ENSG00000143079,67243
3471,CTU1,ENSG00000142544,10804
3472,CTU2,ENSG00000174177,8914
3473,CTXN2,ENSG00000233932,25637
3474,CTXN3,ENSG00000205279,9549
3475,CUBN,ENSG00000107611,305846
3476,CUEDC1,ENSG00000180891,94170
3477,CUEDC2,ENSG00000107874,9340
3478,CUL1,ENSG00000055130,103197
3479,CUL2,ENSG00000108094,118503
3480,CUL3,ENSG00000036257,115248
3481,CUL4A,ENSG00000139842,58916
3482,CUL4B,ENSG00000158290,98155
3483,CUL5,ENSG00000166266,98864
3484,CUL7,ENSG00000044090,16327
3485,CUL9,ENSG00000112659,42404
3486,CUTA,ENSG00000112514,1876
3487,CUTC,ENSG00000119929,53577
3488,CUX1,ENSG00000257923,468055
3489,CUX2,ENSG00000111249,316390
3490,CUZD1,ENSG00000138161,14018
3491,CWC15,ENSG00000150316,10967
3492,CWC22,ENSG00000163510,62422
3493,CWC25,ENSG00000273559,24915
3494,CWC27,ENSG00000153015,336045
3495,CWF19L1,ENSG00000095485,35383
3496,CWF19L2,ENSG00000152404,131466
3497,CWH43,ENSG00000109182,75807
3498,CX3CL1,ENSG00000006210,12568
3499,CX3CR1,ENSG00000168329,18241
3500,CXADR,ENSG00000154639,80537
3501,CXCL1,ENSG00000163739,1916
3502,CXCL10,ENSG00000169245,2380
3503,CXCL11,ENSG00000169248,7734
3504,CXCL12,ENSG00000107562,16329
3505,CXCL13,ENSG00000156234,100082
3506,CXCL14,ENSG00000145824,8601
3507,CXCL16,ENSG00000161921,6396
3508,CXCL17,ENSG00000189377,14669
3509,CXCL2,ENSG00000081041,2157
3510,CXCL3,ENSG00000163734,2219
3511,CXCL5,ENSG00000163735,3036
3512,CXCL6,ENSG00000124875,12425
3513,CXCL9,ENSG00000138755,6235
3514,CXCR1,ENSG00000163464,4122
3515,CXCR2,ENSG00000180871,11963
3516,CXCR2P1,ENSG00000229754,1074
3517,CXCR4,ENSG00000121966,4829
3518,CXCR5,ENSG00000160683,13896
3519,CXCR6,ENSG00000172215,7419
3520,CXorf38,ENSG00000185753,20641
3521,CXorf49,ENSG00000215115,3915
3522,CXorf58,ENSG00000165182,31504
3523,CXorf65,ENSG00000204165,2900
3524,CXorf66,ENSG00000203933,9794
3525,CXXC1,ENSG00000154832,5497
3526,CXXC1P1,ENSG00000187893,3602
3527,CXXC1P1,ENSG00000290641,46266
3528,CXXC4,ENSG00000168772,26594
3529,CXXC5,ENSG00000171604,36584
3530,CYB561,ENSG00000008283,14051
3531,CYB561D1,ENSG00000174151,8881
3532,CYB561D2,ENSG00000114395,7616
3533,CYB5A,ENSG00000166347,41128
3534,CYB5B,ENSG00000103018,67863
3535,CYB5D1,ENSG00000182224,4537
3536,CYB5D2,ENSG00000167740,44143
3537,CYB5R1,ENSG00000159348,5403
3538,CYB5R2,ENSG00000166394,12123
3539,CYB5R3,ENSG00000100243,105141
3540,CYB5R4,ENSG00000065615,107768
3541,CYB5RL,ENSG00000215883,30386
3542,CYBA,ENSG00000051523,7809
3543,CYBB,ENSG00000165168,33444
3544,CYBRD1,ENSG00000071967,35883
3545,CYC1,ENSG00000179091,2487
3546,CYCS,ENSG00000172115,6605
3547,CYCSP52,ENSG00000235700,310
3548,CYFIP1,ENSG00000273749,114012
3549,CYFIP2,ENSG00000055163,129517
3550,CYGB,ENSG00000161544,23820
3551,CYLC1,ENSG00000183035,25574
3552,CYLC2,ENSG00000155833,23178
3553,CYLD,ENSG00000083799,59886
3554,CYMP,ENSG00000240194,10526
3555,CYP11A1,ENSG00000140459,29888
3556,CYP11B1,ENSG00000160882,7491
3557,CYP11B2,ENSG00000179142,7285
3558,CYP17A1,ENSG00000148795,6942
3559,CYP19A1,ENSG00000137869,130545
3560,CYP1A1,ENSG00000140465,5995
3561,CYP1A2,ENSG00000140505,7763
3562,CYP1B1,ENSG00000138061,42930
3563,CYP20A1,ENSG00000119004,67050
3564,CYP21A2,ENSG00000231852,3318
3565,CYP24A1,ENSG00000019186,20541
3566,CYP26A1,ENSG00000095596,4411
3567,CYP26B1,ENSG00000003137,18625
3568,CYP26C1,ENSG00000187553,8743
3569,CYP27A1,ENSG00000135929,33545
3570,CYP27B1,ENSG00000111012,6653
3571,CYP27C1,ENSG00000186684,36482
3572,CYP2A13,ENSG00000197838,7745
3573,CYP2A6,ENSG00000255974,6907
3574,CYP2A7,ENSG00000198077,7314
3575,CYP2B6,ENSG00000197408,27117
3576,CYP2C19,ENSG00000165841,92867
3577,CYP2C8,ENSG00000138115,32726
3578,CYP2C9,ENSG00000138109,51434
3579,CYP2D6,ENSG00000100197,4367
3580,CYP2E1,ENSG00000130649,40815
3581,CYP2F1,ENSG00000197446,13950
3582,CYP2G1P,ENSG00000130612,8937
3583,CYP2G1P,ENSG00000290611,21532
3584,CYP2J2,ENSG00000134716,33466
3585,CYP2R1,ENSG00000186104,14792
3586,CYP2S1,ENSG00000167600,14330
3587,CYP2U1,ENSG00000155016,21913
3588,CYP2W1,ENSG00000073067,6460
3589,CYP39A1,ENSG00000146233,103251
3590,CYP3A4,ENSG00000160868,27289
3591,CYP3A43,ENSG00000021461,38081
3592,CYP3A7,ENSG00000160870,30161
3593,CYP46A1,ENSG00000036530,43004
3594,CYP4A11,ENSG00000187048,12308
3595,CYP4A22,ENSG00000162365,12293
3596,CYP4B1,ENSG00000142973,61576
3597,CYP4F11,ENSG00000171903,22501
3598,CYP4F12,ENSG00000186204,24157
3599,CYP4F2,ENSG00000186115,20055
3600,CYP4F22,ENSG00000171954,43793
3601,CYP4F3,ENSG00000186529,21929
3602,CYP4F35P,ENSG00000265787,820
3603,CYP4F35P,ENSG00000290461,117302
3604,CYP4F8,ENSG00000186526,15422
3605,CYP4V2,ENSG00000145476,21897
3606,CYP4X1,ENSG00000186377,27083
3607,CYP4Z1,ENSG00000186160,51088
3608,CYP4Z2P,ENSG00000290456,57343
3609,CYP4Z2P,ENSG00000154198,57257
3610,CYP51A1,ENSG00000001630,49817
3611,CYP7A1,ENSG00000167910,9986
3612,CYP7B1,ENSG00000172817,210975
3613,CYP8B1,ENSG00000180432,19894
3614,CYS1,ENSG00000205795,24472
3615,CYSLTR1,ENSG00000173198,56224
3616,CYSLTR2,ENSG00000152207,57516
3617,CYTH1,ENSG00000108669,108250
3618,CYTH2,ENSG00000105443,13107
3619,CYTH3,ENSG00000008256,110866
3620,CYTH4,ENSG00000100055,33315
3621,CYTIP,ENSG00000115165,81734
3622,CYTL1,ENSG00000170891,4873
3623,CYYR1,ENSG00000166265,107078
3624,D2HGDH,ENSG00000180902,34215
3625,NSG1,ENSG00000168824,70919
3626,DAAM1,ENSG00000100592,182760
3627,DAAM2,ENSG00000146122,112580
3628,DAB1,ENSG00000173406,1551957
3629,DAB2,ENSG00000153071,90626
3630,DAB2IP,ENSG00000136848,218474
3631,DACH1,ENSG00000276644,429239
3632,DACH2,ENSG00000126733,684154
3633,DACT1,ENSG00000165617,14355
3634,DACT2,ENSG00000164488,26948
3635,DACT3,ENSG00000197380,13632
3636,DAD1,ENSG00000129562,24318
3637,DAG1,ENSG00000173402,66906
3638,DAGLA,ENSG00000134780,66611
3639,DAGLB,ENSG00000164535,75065
3640,DALRD3,ENSG00000178149,6806
3641,DAND5,ENSG00000179284,9602
3642,DAO,ENSG00000110887,42112
3643,DAOA,ENSG00000182346,25168
3644,DAP,ENSG00000112977,82005
3645,DAP3,ENSG00000132676,51051
3646,DAPK1,ENSG00000196730,211407
3647,DAPK2,ENSG00000035664,164998
3648,DAPK3,ENSG00000167657,12671
3649,DAPL1,ENSG00000163331,67465
3650,DAPP1,ENSG00000070190,53364
3651,DARS2,ENSG00000117593,34156
3652,DAXX,ENSG00000204209,4459
3653,DAZ2,ENSG00000205944,71910
3654,DAZ4,ENSG00000205916,73198
3655,DAZAP1,ENSG00000071626,28119
3656,DAZAP2,ENSG00000183283,32639
3657,DAZL,ENSG00000092345,83515
3658,DBF4,ENSG00000006634,33338
3659,DBF4B,ENSG00000161692,43657
3660,DBH,ENSG00000123454,22967
3661,DBI,ENSG00000155368,5627
3662,DBIL5P,ENSG00000231784,250
3663,DBIL5P,ENSG00000293440,3508
3664,DBIL5P2,ENSG00000242412,253
3665,DBIL5P2,ENSG00000293077,1692
3666,DBN1,ENSG00000113758,17794
3667,DBNDD1,ENSG00000003249,15020
3668,DBNDD2,ENSG00000244274,4554
3669,DBNL,ENSG00000136279,24817
3670,DBP,ENSG00000105516,7350
3671,DBR1,ENSG00000138231,13962
3672,DBT,ENSG00000137992,62916
3673,DBX1,ENSG00000109851,4321
3674,DBX2,ENSG00000185610,36428
3675,DCAF10,ENSG00000122741,67113
3676,DCAF11,ENSG00000100897,11048
3677,DCAF12,ENSG00000198876,41013
3678,DCAF12L1,ENSG00000198889,3432
3679,DCAF12L2,ENSG00000198354,2791
3680,DCAF13,ENSG00000164934,28740
3681,DCAF15,ENSG00000132017,8941
3682,DCAF16,ENSG00000163257,10104
3683,DCAF17,ENSG00000115827,50836
3684,DCAF4,ENSG00000119599,33327
3685,DCAF4L1,ENSG00000182308,4710
3686,DCAF4L2,ENSG00000176566,3269
3687,DCAF5,ENSG00000139990,102270
3688,DCAF6,ENSG00000143164,140061
3689,DCAF7,ENSG00000136485,44065
3690,DCAF8,ENSG00000132716,46835
3691,DCAF8L2,ENSG00000189186,159599
3692,DCAKD,ENSG00000172992,37794
3693,DCBLD1,ENSG00000164465,116042
3694,DCBLD2,ENSG00000057019,105755
3695,DCC,ENSG00000187323,1195703
3696,DCD,ENSG00000161634,3905
3697,DCDC1,ENSG00000170959,539442
3698,DCDC2,ENSG00000146038,186305
3699,DCDC2B,ENSG00000222046,7104
3700,DCHS1,ENSG00000166341,34480
3701,DCHS2,ENSG00000197410,260058
3702,DCK,ENSG00000156136,38377
3703,DCLK1,ENSG00000133083,362731
3704,DCLK2,ENSG00000170390,178994
3705,DCLK3,ENSG00000163673,52133
3706,DCLRE1A,ENSG00000198924,19659
3707,DCLRE1B,ENSG00000118655,9468
3708,DCLRE1C,ENSG00000152457,57074
3709,DCN,ENSG00000011465,42734
3710,DCP1A,ENSG00000272886,64158
3711,DCP1B,ENSG00000151065,58483
3712,DCP2,ENSG00000172795,45494
3713,DCPS,ENSG00000110063,45946
3714,DCST1,ENSG00000163357,17107
3715,DCST2,ENSG00000163354,15262
3716,DCT,ENSG00000080166,42872
3717,DCTD,ENSG00000129187,27877
3718,DCTN1,ENSG00000204843,30934
3719,DCTN2,ENSG00000175203,17592
3720,DCTN3,ENSG00000137100,6979
3721,DCTN4,ENSG00000132912,52256
3722,DCTN5,ENSG00000166847,36007
3723,DCTN6,ENSG00000104671,27321
3724,DCTPP1,ENSG00000179958,6416
3725,DCUN1D1,ENSG00000043093,47880
3726,DCUN1D2,ENSG00000150401,35133
3727,DCUN1D3,ENSG00000188215,45434
3728,DCUN1D4,ENSG00000109184,73838
3729,DCUN1D5,ENSG00000137692,41509
3730,DCX,ENSG00000077279,118651
3731,DCXR,ENSG00000169738,2574
3732,DDA1,ENSG00000130311,13781
3733,DDAH1,ENSG00000153904,259883
3734,DDAH2,ENSG00000213722,3580
3735,DDB1,ENSG00000167986,43146
3736,DDB2,ENSG00000134574,24753
3737,DDC,ENSG00000132437,106970
3738,DDHD1,ENSG00000100523,116579
3739,DDHD2,ENSG00000085788,50341
3740,DDI1,ENSG00000170967,2557
3741,DDI2,ENSG00000197312,51587
3742,DDIT3,ENSG00000175197,5150
3743,DDIT4,ENSG00000168209,2118
3744,DDIT4L,ENSG00000145358,4913
3745,DDN,ENSG00000181418,4227
3746,DDO,ENSG00000203797,23805
3747,DDOST,ENSG00000244038,9778
3748,DDR1,ENSG00000204580,23736
3749,DDR2,ENSG00000162733,156033
3750,DDRGK1,ENSG00000198171,14336
3751,DDT,ENSG00000099977,9984
3752,DDTL,ENSG00000099974,5669
3753,DDX1,ENSG00000079785,43169
3754,DDX10,ENSG00000178105,275942
3755,DDX11,ENSG00000013573,30940
3756,DDX11L9,ENSG00000248472,1498
3757,DDX17,ENSG00000100201,24223
3758,DDX18,ENSG00000088205,17687
3759,DDX19B,ENSG00000157349,45643
3760,DDX20,ENSG00000064703,20771
3761,DDX21,ENSG00000165732,28934
3762,DDX23,ENSG00000174243,23087
3763,DDX24,ENSG00000089737,32916
3764,DDX25,ENSG00000109832,40355
3765,DDX27,ENSG00000124228,24731
3766,DDX28,ENSG00000182810,2317
3767,DDX31,ENSG00000125485,77405
3768,DDX39A,ENSG00000123136,10586
3769,DDX39B,ENSG00000198563,12230
3770,DDX3X,ENSG00000215301,31125
3771,DDX3Y,ENSG00000067048,16371
3772,DDX4,ENSG00000152670,79141
3773,DDX41,ENSG00000183258,5385
3774,DDX42,ENSG00000198231,45715
3775,DDX43,ENSG00000080007,22739
3776,DDX46,ENSG00000145833,96363
3777,DDX47,ENSG00000213782,16666
3778,DDX49,ENSG00000105671,9485
3779,DDX5,ENSG00000108654,9946
3780,DDX50,ENSG00000107625,45562
3781,DDX51,ENSG00000185163,7726
3782,DDX52,ENSG00000278053,33708
3783,DDX53,ENSG00000184735,3630
3784,DDX54,ENSG00000123064,28307
3785,DDX55,ENSG00000111364,18867
3786,DDX56,ENSG00000136271,9248
3787,DDX59,ENSG00000118197,46012
3788,DDX6,ENSG00000110367,43402
3789,DDX60,ENSG00000137628,102593
3790,DDX60L,ENSG00000181381,181052
3791,DEAF1,ENSG00000177030,62886
3792,DECR1,ENSG00000104325,52229
3793,DECR2,ENSG00000242612,10630
3794,DEDD,ENSG00000158796,11715
3795,DEDD2,ENSG00000160570,21543
3796,DEF6,ENSG00000023892,23954
3797,DEF8,ENSG00000140995,19364
3798,DEFA10P,ENSG00000233531,973
3799,DEFA4,ENSG00000164821,2487
3800,DEFA5,ENSG00000164816,1436
3801,DEFA6,ENSG00000164822,1380
3802,DEFB1,ENSG00000164825,7345
3803,DEFB110,ENSG00000203970,12857
3804,DEFB112,ENSG00000180872,7831
3805,DEFB113,ENSG00000214642,949
3806,DEFB114,ENSG00000177684,3916
3807,DEFB115,ENSG00000215547,1969
3808,DEFB116,ENSG00000215545,5374
3809,DEFB118,ENSG00000131068,5323
3810,DEFB119,ENSG00000180483,13427
3811,DEFB121,ENSG00000204548,7994
3812,DEFB123,ENSG00000180424,9626
3813,DEFB124,ENSG00000180383,11287
3814,DEFB125,ENSG00000178591,9845
3815,DEFB126,ENSG00000125788,3162
3816,DEFB127,ENSG00000088782,1710
3817,DEFB128,ENSG00000185982,1859
3818,DEFB129,ENSG00000125903,2629
3819,DEFB132,ENSG00000186458,3373
3820,DEFB133,ENSG00000214643,3344
3821,DEFB134,ENSG00000205882,7579
3822,DEFB135,ENSG00000205883,2335
3823,DEFB136,ENSG00000205884,663
3824,DEFB4A,ENSG00000171711,2040
3825,DEFB4B,ENSG00000177257,2009
3826,DEGS1,ENSG00000143753,17686
3827,DEGS2,ENSG00000168350,15689
3828,DEK,ENSG00000124795,40689
3829,DENND1A,ENSG00000119522,550499
3830,DENND1B,ENSG00000213047,270949
3831,DENND1C,ENSG00000205744,15351
3832,DENND2A,ENSG00000146966,155574
3833,DENND2C,ENSG00000175984,87575
3834,DENND2D,ENSG00000162777,18567
3835,DENND3,ENSG00000105339,78531
3836,DENND4A,ENSG00000174485,134248
3837,DENND4B,ENSG00000198837,17218
3838,DENND4C,ENSG00000137145,143847
3839,DENND5A,ENSG00000184014,127135
3840,DENND5B,ENSG00000170456,208911
3841,DENR,ENSG00000139726,18241
3842,DEPDC1,ENSG00000024526,23070
3843,DEPDC1B,ENSG00000035499,103279
3844,DEPDC4,ENSG00000166153,63411
3845,DEPDC5,ENSG00000100150,154167
3846,DEPDC7,ENSG00000121690,17707
3847,DEPTOR,ENSG00000155792,177202
3848,DERA,ENSG00000023697,126080
3849,DERL1,ENSG00000136986,29133
3850,DERL2,ENSG00000072849,15558
3851,DERL3,ENSG00000099958,4626
3852,DES,ENSG00000175084,8359
3853,DET1,ENSG00000140543,52242
3854,DEXI,ENSG00000182108,13578
3855,DFFA,ENSG00000160049,16008
3856,DFFB,ENSG00000169598,28163
3857,DGAT1,ENSG00000185000,12327
3858,DGAT2,ENSG00000062282,42024
3859,DGAT2L6,ENSG00000184210,28222
3860,DGCR11,ENSG00000273311,2214
3861,DGCR2,ENSG00000070413,86173
3862,DGCR6,ENSG00000183628,8211
3863,DGCR6L,ENSG00000128185,5843
3864,DGCR8,ENSG00000128191,31657
3865,DGKA,ENSG00000065357,26709
3866,DGKB,ENSG00000136267,829729
3867,DGKD,ENSG00000077044,117611
3868,DGKE,ENSG00000153933,35461
3869,DGKG,ENSG00000058866,256567
3870,DGKH,ENSG00000102780,216543
3871,DGKI,ENSG00000157680,466056
3872,DGKK,ENSG00000274588,105417
3873,DGKQ,ENSG00000145214,28009
3874,DGKZ,ENSG00000149091,47650
3875,DGUOK,ENSG00000114956,32136
3876,DHCR24,ENSG00000116133,37569
3877,DHCR7,ENSG00000172893,24676
3878,DHDDS,ENSG00000117682,39025
3879,DHDH,ENSG00000104808,11271
3880,DHFR,ENSG00000228716,28758
3881,DHH,ENSG00000139549,8146
3882,DHODH,ENSG00000102967,19077
3883,DHPS,ENSG00000095059,6164
3884,DHRS1,ENSG00000157379,9183
3885,DHRS11,ENSG00000278535,8926
3886,DHRS12,ENSG00000102796,36171
3887,DHRS13,ENSG00000167536,5299
3888,DHRS2,ENSG00000100867,15525
3889,DHRS3,ENSG00000162496,52225
3890,DHRS4,ENSG00000157326,15546
3891,DHRS7,ENSG00000100612,25738
3892,DHRS7B,ENSG00000109016,69902
3893,DHRS7C,ENSG00000184544,20159
3894,DHRS9,ENSG00000073737,31379
3895,DHRSX,ENSG00000169084,283300
3896,DHRSX,ENSG00000292338,283300
3897,DHTKD1,ENSG00000181192,54268
3898,DHX15,ENSG00000109606,67114
3899,DHX16,ENSG00000204560,19888
3900,DHX29,ENSG00000067248,51640
3901,DHX30,ENSG00000132153,47287
3902,DHX32,ENSG00000089876,60100
3903,DHX33,ENSG00000005100,28066
3904,DHX34,ENSG00000134815,33936
3905,DHX35,ENSG00000101452,77425
3906,DHX36,ENSG00000174953,51942
3907,DHX37,ENSG00000150990,42307
3908,DHX38,ENSG00000140829,19300
3909,DHX40,ENSG00000108406,42788
3910,DHX57,ENSG00000163214,78206
3911,DHX58,ENSG00000108771,11311
3912,DHX8,ENSG00000067596,126474
3913,DHX9,ENSG00000135829,48636
3914,DIABLO,ENSG00000184047,18395
3915,DIAPH1,ENSG00000131504,104040
3916,DIAPH2,ENSG00000147202,920286
3917,DIAPH3,ENSG00000139734,498346
3918,DICER1,ENSG00000100697,71783
3919,DIDO1,ENSG00000101191,60215
3920,DIMT1,ENSG00000086189,56660
3921,DIO1,ENSG00000211452,19848
3922,DIO2,ENSG00000211448,190232
3923,DIO3,ENSG00000197406,3314
3924,DIP2A,ENSG00000160305,113853
3925,DIP2B,ENSG00000066084,243673
3926,DIP2C,ENSG00000151240,415468
3927,DIRAS2,ENSG00000165023,33031
3928,DIRAS3,ENSG00000162595,5832
3929,DIRC1,ENSG00000174325,55950
3930,DIRC3,ENSG00000231672,472638
3931,DIS3,ENSG00000083520,29928
3932,DIS3L,ENSG00000166938,40682
3933,DIS3L2,ENSG00000144535,383106
3934,DISC1,ENSG00000162946,414483
3935,DISP1,ENSG00000154309,190974
3936,DISP2,ENSG00000140323,20403
3937,DIXDC1,ENSG00000150764,95510
3938,DKC1,ENSG00000130826,14948
3939,DKFZP434A062,ENSG00000262075,5340
3940,AP5B1,ENSG00000254470,7079
3941,DKK1,ENSG00000107984,3762
3942,DKK2,ENSG00000155011,362005
3943,DKK3,ENSG00000050165,53563
3944,DKK4,ENSG00000104371,3167
3945,DKKL1,ENSG00000104901,13334
3946,DLAT,ENSG00000150768,39372
3947,DLC1,ENSG00000164741,521250
3948,DLD,ENSG00000091140,40569
3949,DLEC1,ENSG00000008226,84821
3950,DLEU2,ENSG00000231607,169450
3951,DLEU2L,ENSG00000116652,3555
3952,DLEU7,ENSG00000186047,324576
3953,DLG1,ENSG00000075711,256771
3954,DLG2,ENSG00000150672,2173324
3955,DLG3,ENSG00000082458,60656
3956,DLG4,ENSG00000132535,32650
3957,DLG5,ENSG00000151208,135965
3958,DLGAP1,ENSG00000170579,959276
3959,DLGAP2,ENSG00000198010,970849
3960,DLGAP3,ENSG00000116544,64215
3961,DLGAP4,ENSG00000080845,222302
3962,DLGAP5,ENSG00000126787,43497
3963,DLK1,ENSG00000185559,12520
3964,DLK2,ENSG00000171462,6281
3965,DLL1,ENSG00000198719,24360
3966,DLL3,ENSG00000090932,9587
3967,DLL4,ENSG00000128917,9734
3968,DLST,ENSG00000119689,21853
3969,DLX1,ENSG00000144355,4938
3970,DLX2,ENSG00000115844,3463
3971,DLX3,ENSG00000064195,5220
3972,DLX4,ENSG00000108813,6372
3973,DLX5,ENSG00000105880,4555
3974,DLX6,ENSG00000006377,5488
3975,DMAP1,ENSG00000178028,7227
3976,DMBT1,ENSG00000187908,83072
3977,DMBX1,ENSG00000197587,26381
3978,DMC1,ENSG00000100206,51257
3979,DMD,ENSG00000198947,2241933
3980,DMGDH,ENSG00000132837,238475
3981,DMKN,ENSG00000161249,16439
3982,DMP1,ENSG00000152592,14082
3983,DMPK,ENSG00000104936,12844
3984,DMRT1,ENSG00000137090,127401
3985,DMRT2,ENSG00000173253,7695
3986,DMRTA1,ENSG00000176399,8917
3987,DMRTA2,ENSG00000142700,5894
3988,DMRTB1,ENSG00000143006,8090
3989,DMRTC2,ENSG00000142025,7591
3990,DMTF1,ENSG00000135164,43929
3991,DMWD,ENSG00000185800,9899
3992,DMXL1,ENSG00000172869,211367
3993,DMXL2,ENSG00000104093,175123
3994,DNA2,ENSG00000138346,58058
3995,DNAAF1,ENSG00000154099,33481
3996,DNAAF2,ENSG00000165506,10071
3997,DNAH1,ENSG00000114841,84174
3998,DNAH10,ENSG00000197653,173533
3999,DNAH11,ENSG00000105877,358801
4000,DNAH12,ENSG00000174844,250646
4001,DNAH14,ENSG00000185842,503031
4002,DNAH17,ENSG00000187775,153700
4003,DNAH2,ENSG00000183914,115999
4004,DNAH3,ENSG00000158486,226331
4005,DNAH5,ENSG00000039139,321491
4006,DNAH6,ENSG00000115423,303135
4007,DNAH7,ENSG00000118997,331135
4008,DNAH8,ENSG00000124721,315482
4009,DNAH9,ENSG00000007174,371279
4010,DNAI1,ENSG00000122735,63575
4011,DNAI2,ENSG00000171595,40651
4012,DNAJA1,ENSG00000086061,14635
4013,DNAJA2,ENSG00000069345,18313
4014,DNAJA3,ENSG00000103423,30971
4015,DNAJA4,ENSG00000140403,18111
4016,DNAJB1,ENSG00000132002,46603
4017,DNAJB11,ENSG00000090520,18398
4018,DNAJB12,ENSG00000148719,22320
4019,DNAJB13,ENSG00000187726,19341
4020,DNAJB14,ENSG00000164031,50371
4021,DNAJB2,ENSG00000135924,7557
4022,DNAJB3,ENSG00000227802,729
4023,DNAJB3,ENSG00000293135,1266
4024,DNAJB4,ENSG00000162616,38790
4025,DNAJB5,ENSG00000137094,9260
4026,DNAJB6,ENSG00000105993,82059
4027,DNAJB7,ENSG00000172404,2565
4028,DNAJB8,ENSG00000179407,4532
4029,DNAJB9,ENSG00000128590,4984
4030,DNAJC1,ENSG00000136770,247222
4031,DNAJC10,ENSG00000077232,78210
4032,DNAJC11,ENSG00000007923,67757
4033,DNAJC12,ENSG00000108176,41520
4034,DNAJC13,ENSG00000138246,121531
4035,DNAJC15,ENSG00000120675,91011
4036,DNAJC16,ENSG00000116138,65567
4037,DNAJC17,ENSG00000104129,42318
4038,DNAJC18,ENSG00000170464,35904
4039,DNAJC19,ENSG00000205981,6078
4040,DNAJC2,ENSG00000105821,32542
4041,DNAJC21,ENSG00000168724,29406
4042,DNAJC22,ENSG00000178401,10659
4043,DNAJC24,ENSG00000170946,62996
4044,DNAJC25,ENSG00000059769,23018
4045,DNAJC27,ENSG00000115137,28459
4046,DNAJC28,ENSG00000177692,3662
4047,DNAJC3,ENSG00000102580,117850
4048,DNAJC30,ENSG00000176410,2536
4049,DNAJC4,ENSG00000110011,4009
4050,DNAJC5,ENSG00000101152,40906
4051,DNAJC5B,ENSG00000147570,79693
4052,DNAJC5G,ENSG00000163793,6067
4053,DNAJC6,ENSG00000116675,167653
4054,DNAJC7,ENSG00000168259,44956
4055,DNAJC8,ENSG00000126698,33574
4056,DNAJC9,ENSG00000213551,63894
4057,DNAL1,ENSG00000119661,58858
4058,DNAL4,ENSG00000100246,15691
4059,DNALI1,ENSG00000163879,9939
4060,DNASE1,ENSG00000213918,68416
4061,DNASE1L1,ENSG00000013563,10877
4062,DNASE1L2,ENSG00000167968,2896
4063,DNASE1L3,ENSG00000163687,22441
4064,DNASE2,ENSG00000105612,6387
4065,DNASE2B,ENSG00000137976,16535
4066,DND1,ENSG00000256453,2783
4067,DNER,ENSG00000187957,356927
4068,DNHD1,ENSG00000179532,96499
4069,DNLZ,ENSG00000213221,4265
4070,DNM1,ENSG00000106976,63594
4071,DNM1L,ENSG00000087470,66451
4072,DNM1P46,ENSG00000182397,3057
4073,DNM2,ENSG00000079805,115434
4074,DNM3,ENSG00000197959,600580
4075,DNM3OS,ENSG00000230630,6444
4076,DNMBP,ENSG00000107554,134371
4077,DNMT1,ENSG00000130816,97945
4078,DNMT3A,ENSG00000119772,114736
4079,DNMT3B,ENSG00000088305,46975
4080,DNMT3L,ENSG00000142182,15878
4081,DNPEP,ENSG00000123992,27994
4082,DNTT,ENSG00000107447,34156
4083,DNTTIP1,ENSG00000101457,19474
4084,DNTTIP2,ENSG00000067334,13635
4085,DOC2A,ENSG00000149927,17757
4086,DOC2B,ENSG00000272636,38862
4087,DOCK1,ENSG00000150760,547109
4088,DOCK10,ENSG00000135905,277379
4089,DOCK11,ENSG00000147251,190349
4090,DOCK2,ENSG00000134516,446115
4091,DOCK3,ENSG00000088538,709272
4092,DOCK4,ENSG00000128512,480298
4093,DOCK5,ENSG00000147459,233394
4094,DOCK6,ENSG00000130158,63230
4095,DOCK7,ENSG00000116641,234089
4096,DOCK8,ENSG00000107099,250406
4097,DOCK9,ENSG00000088387,293197
4098,DOHH,ENSG00000129932,9854
4099,DOK1,ENSG00000115325,8526
4100,DOK2,ENSG00000147443,4818
4101,DOK3,ENSG00000146094,9371
4102,DOK4,ENSG00000125170,15406
4103,DOK5,ENSG00000101134,175577
4104,DOK6,ENSG00000206052,448200
4105,DOK7,ENSG00000175920,38168
4106,DOLK,ENSG00000175283,2074
4107,DOLPP1,ENSG00000167130,9328
4108,DONSON,ENSG00000159147,29165
4109,DOT1L,ENSG00000104885,68646
4110,DPAGT1,ENSG00000172269,12307
4111,DPCD,ENSG00000166171,39103
4112,DPEP1,ENSG00000015413,25149
4113,DPEP2,ENSG00000167261,13193
4114,DPEP3,ENSG00000141096,4887
4115,DPF1,ENSG00000011332,18709
4116,DPF2,ENSG00000133884,20420
4117,DPF3,ENSG00000205683,285068
4118,DPH1,ENSG00000108963,13762
4119,DPH2,ENSG00000132768,3370
4120,DPH3,ENSG00000154813,7909
4121,DPH3P1,ENSG00000233838,249
4122,DPH5,ENSG00000117543,36466
4123,DPM1,ENSG00000000419,24274
4124,DPM2,ENSG00000136908,2756
4125,DPM3,ENSG00000179085,705
4126,DPP10,ENSG00000175497,1403482
4127,DPP3,ENSG00000254986,29645
4128,DPP4,ENSG00000197635,82150
4129,DPP6,ENSG00000130226,1146153
4130,DPP7,ENSG00000176978,7768
4131,DPP8,ENSG00000074603,75242
4132,DPP9,ENSG00000142002,50333
4133,DPPA2,ENSG00000163530,22730
4134,DPPA3,ENSG00000187569,6127
4135,DPPA4,ENSG00000121570,11403
4136,DPPA5,ENSG00000203909,1214
4137,DPRX,ENSG00000204595,36238
4138,DPT,ENSG00000143196,33739
4139,DPY19L1,ENSG00000173852,110980
4140,DPY19L2,ENSG00000177990,110027
4141,DPY19L2P4,ENSG00000235436,4625
4142,DPY19L3,ENSG00000178904,80353
4143,DPY19L4,ENSG00000156162,74134
4144,DPY30,ENSG00000162961,171997
4145,DPYD,ENSG00000188641,917258
4146,DPYS,ENSG00000147647,136732
4147,DPYSL2,ENSG00000092964,144148
4148,DPYSL3,ENSG00000113657,119261
4149,DPYSL4,ENSG00000151640,18812
4150,DPYSL5,ENSG00000157851,102605
4151,DQX1,ENSG00000144045,8151
4152,DR1,ENSG00000117505,23587
4153,DRAM1,ENSG00000136048,134551
4154,DRAM2,ENSG00000156171,23041
4155,DRAP1,ENSG00000175550,2290
4156,DRD1,ENSG00000184845,4147
4157,DRD2,ENSG00000149295,66087
4158,DRD3,ENSG00000151577,71828
4159,DRD4,ENSG00000069696,3438
4160,DRD5,ENSG00000169676,2376
4161,DRG1,ENSG00000185721,129137
4162,DRG2,ENSG00000108591,20079
4163,DRGX,ENSG00000165606,32024
4164,DROSHA,ENSG00000113360,131703
4165,DRP2,ENSG00000102385,44734
4166,DSC1,ENSG00000134765,33621
4167,DSC2,ENSG00000134755,44056
4168,DSC3,ENSG00000134762,53451
4169,DSCAM,ENSG00000171587,836160
4170,DSCAML1,ENSG00000177103,389754
4171,DSCC1,ENSG00000136982,21919
4172,DSCR10,ENSG00000233316,2489
4173,DSCR4,ENSG00000184029,169936
4174,DSE,ENSG00000111817,190689
4175,DSEL,ENSG00000171451,10134
4176,DSG1,ENSG00000134760,41087
4177,DSG2,ENSG00000046604,53728
4178,DSG3,ENSG00000134757,30962
4179,DSG4,ENSG00000175065,38136
4180,DSN1,ENSG00000149636,22028
4181,DSP,ENSG00000096696,45392
4182,DSPP,ENSG00000152591,8345
4183,DST,ENSG00000151914,496844
4184,DSTN,ENSG00000125868,39845
4185,DSTYK,ENSG00000133059,69198
4186,DTD1,ENSG00000125821,178703
4187,DTHD1,ENSG00000197057,65896
4188,DTL,ENSG00000143476,71848
4189,DTNA,ENSG00000134769,398554
4190,DTNB,ENSG00000138101,296450
4191,DTNBP1,ENSG00000047579,140252
4192,DTWD1,ENSG00000104047,35196
4193,DTWD2,ENSG00000169570,152474
4194,DTX1,ENSG00000135144,41299
4195,DTX2,ENSG00000091073,44320
4196,DTX3,ENSG00000178498,5183
4197,DTX3L,ENSG00000163840,10866
4198,DTX4,ENSG00000110042,37159
4199,DTYMK,ENSG00000168393,11198
4200,DUOX1,ENSG00000137857,35644
4201,DUOX2,ENSG00000140279,21523
4202,DUOXA1,ENSG00000140254,12573
4203,DUOXA2,ENSG00000140274,4096
4204,DUS1L,ENSG00000169718,8382
4205,DUS3L,ENSG00000141994,6394
4206,DUS4L,ENSG00000105865,15040
4207,DUSP1,ENSG00000120129,3100
4208,DUSP10,ENSG00000143507,40666
4209,DUSP11,ENSG00000144048,18392
4210,DUSP12,ENSG00000081721,7481
4211,DUSP14,ENSG00000276023,23611
4212,DUSP15,ENSG00000149599,23028
4213,DUSP16,ENSG00000111266,89582
4214,DUSP18,ENSG00000167065,15837
4215,DUSP19,ENSG00000162999,21450
4216,DUSP2,ENSG00000158050,2275
4217,DUSP21,ENSG00000189037,868
4218,DUSP22,ENSG00000112679,59726
4219,DUSP23,ENSG00000158716,1612
4220,DUSP26,ENSG00000133878,8694
4221,DUSP28,ENSG00000188542,5203
4222,DUSP3,ENSG00000108861,12853
4223,DUSP4,ENSG00000120875,17621
4224,DUSP5,ENSG00000138166,13627
4225,DUSP6,ENSG00000139318,5267
4226,DUSP7,ENSG00000164086,7653
4227,DUSP8,ENSG00000184545,18221
4228,DUSP9,ENSG00000130829,8835
4229,DUT,ENSG00000128951,12363
4230,DUX4L4,ENSG00000258834,1269
4231,DUXA,ENSG00000258873,13465
4232,DVL1,ENSG00000107404,14143
4233,DVL2,ENSG00000004975,9176
4234,DVL3,ENSG00000161202,18238
4235,DYDC1,ENSG00000170788,20651
4236,DYDC2,ENSG00000133665,23329
4237,DYM,ENSG00000141627,424961
4238,DYNC1H1,ENSG00000197102,91871
4239,DYNC1I1,ENSG00000158560,337817
4240,DYNC1I2,ENSG00000077380,62750
4241,DYNC1LI1,ENSG00000144635,44885
4242,DYNC1LI2,ENSG00000135720,30717
4243,DYNC2H1,ENSG00000187240,370454
4244,DYNC2LI1,ENSG00000138036,35972
4245,DYNLL1,ENSG00000088986,28644
4246,DYNLL2,ENSG00000264364,12124
4247,DYNLRB1,ENSG00000125971,24564
4248,DYNLRB2,ENSG00000168589,10078
4249,DYNLT1,ENSG00000146425,8270
4250,DYNLT3,ENSG00000165169,10815
4251,DYRK1A,ENSG00000157540,160786
4252,DYRK1B,ENSG00000105204,8852
4253,DYRK2,ENSG00000127334,17069
4254,DYRK3,ENSG00000143479,48884
4255,DYRK4,ENSG00000010219,53095
4256,DYSF,ENSG00000135636,233203
4257,DYTN,ENSG00000232125,69950
4258,DZANK1,ENSG00000089091,83915
4259,DZIP1,ENSG00000134874,66505
4260,DZIP1L,ENSG00000158163,53829
4261,DZIP3,ENSG00000198919,105136
4262,E2F1,ENSG00000101412,10909
4263,E2F2,ENSG00000007968,24796
4264,E2F3,ENSG00000112242,91836
4265,E2F4,ENSG00000205250,6764
4266,E2F5,ENSG00000133740,40005
4267,E2F6,ENSG00000169016,21803
4268,E2F7,ENSG00000165891,44322
4269,E2F8,ENSG00000129173,17558
4270,E4F1,ENSG00000167967,12163
4271,EAF1,ENSG00000144597,23038
4272,EAF2,ENSG00000145088,51344
4273,EAPP,ENSG00000129518,23767
4274,EARS2,ENSG00000103356,36978
4275,EBAG9,ENSG00000147654,30362
4276,EBF1,ENSG00000164330,403997
4277,EBF2,ENSG00000221818,203689
4278,EBF3,ENSG00000108001,137821
4279,EBF4,ENSG00000088881,67329
4280,EBI3,ENSG00000105246,8006
4281,EBLN1,ENSG00000223601,9541
4282,EBLN2,ENSG00000255423,1679
4283,EBNA1BP2,ENSG00000117395,106762
4284,EBP,ENSG00000147155,6918
4285,EBPL,ENSG00000123179,30813
4286,ECD,ENSG00000122882,38901
4287,ECE1,ENSG00000117298,128326
4288,ECE2,ENSG00000145194,17021
4289,ECEL1,ENSG00000171551,8008
4290,ECEL1P2,ENSG00000244280,757
4291,ECEL1P2,ENSG00000224516,16337
4292,ECHDC1,ENSG00000093144,54898
4293,ECHDC2,ENSG00000121310,31303
4294,ECHDC3,ENSG00000134463,21705
4295,ECHS1,ENSG00000127884,10870
4296,ECI1,ENSG00000167969,12899
4297,ECI2,ENSG00000198721,19905
4298,ECM1,ENSG00000143369,5728
4299,ECM2,ENSG00000106823,43102
4300,ECSCR,ENSG00000249751,14184
4301,ECSIT,ENSG00000130159,23244
4302,ECT2,ENSG00000114346,70793
4303,ECT2L,ENSG00000203734,108160
4304,EDA,ENSG00000158813,423406
4305,EDA2R,ENSG00000131080,43662
4306,EDAR,ENSG00000135960,94902
4307,EDARADD,ENSG00000186197,154659
4308,EDC3,ENSG00000179151,65735
4309,EDC4,ENSG00000038358,11448
4310,EDDM3A,ENSG00000181562,2494
4311,EDDM3B,ENSG00000181552,2545
4312,EDEM1,ENSG00000134109,32313
4313,EDEM2,ENSG00000088298,31973
4314,EDEM3,ENSG00000116406,64671
4315,EDF1,ENSG00000107223,4190
4316,EDIL3,ENSG00000164176,444327
4317,EDN1,ENSG00000078401,6834
4318,EDN2,ENSG00000127129,5909
4319,EDN3,ENSG00000124205,25550
4320,EDNRA,ENSG00000151617,64038
4321,EDNRB,ENSG00000136160,80049
4322,EEA1,ENSG00000102189,158695
4323,EED,ENSG00000074266,78596
4324,EEF1A1,ENSG00000156508,36280
4325,EEF1A2,ENSG00000101210,11227
4326,EEF1B2,ENSG00000114942,3344
4327,EEF1D,ENSG00000104529,19845
4328,EEF1E1,ENSG00000124802,29200
4329,EEF1G,ENSG00000254772,14491
4330,EEF2,ENSG00000167658,9408
4331,EEF2K,ENSG00000103319,82461
4332,EEFSEC,ENSG00000132394,255166
4333,EEPD1,ENSG00000122547,148285
4334,EFCAB11,ENSG00000140025,160109
4335,EFCAB2,ENSG00000203666,157483
4336,EFCAB3,ENSG00000172421,72540
4337,EFCAB5,ENSG00000176927,179253
4338,EFCAB6,ENSG00000186976,283594
4339,EFCAB7,ENSG00000203965,49322
4340,EFCAB9,ENSG00000214360,9283
4341,EFEMP1,ENSG00000115380,58173
4342,EFEMP2,ENSG00000172638,7152
4343,EFHB,ENSG00000163576,67554
4344,EFHC1,ENSG00000096093,167764
4345,EFHC2,ENSG00000183690,195801
4346,EFHD1,ENSG00000115468,76720
4347,EFHD2,ENSG00000142634,20452
4348,EFNA1,ENSG00000169242,7024
4349,EFNA2,ENSG00000099617,15559
4350,EFNA3,ENSG00000143590,8702
4351,EFNA5,ENSG00000184349,294044
4352,EFNB1,ENSG00000090776,13140
4353,EFNB2,ENSG00000125266,45918
4354,EFNB3,ENSG00000108947,6171
4355,EFR3A,ENSG00000132294,109550
4356,EFR3B,ENSG00000084710,117060
4357,EFS,ENSG00000100842,9350
4358,EFTUD2,ENSG00000108883,49498
4359,EGF,ENSG00000138798,100884
4360,EGFL6,ENSG00000198759,63975
4361,EGFL7,ENSG00000172889,13823
4362,EGFL8,ENSG00000241404,3687
4363,EGFLAM,ENSG00000164318,207072
4364,EGFR,ENSG00000146648,192612
4365,EGLN1,ENSG00000135766,58537
4366,EGLN2,ENSG00000269858,9439
4367,EGLN3,ENSG00000129521,538548
4368,EGR1,ENSG00000120738,3825
4369,EGR2,ENSG00000122877,7172
4370,EGR3,ENSG00000179388,5822
4371,EGR4,ENSG00000135625,2773
4372,EHBP1,ENSG00000115504,372637
4373,EHBP1L1,ENSG00000173442,16605
4374,EHD1,ENSG00000110047,36655
4375,EHD2,ENSG00000024422,29713
4376,EHD3,ENSG00000013016,35300
4377,EHD4,ENSG00000103966,76625
4378,EHF,ENSG00000135373,42196
4379,EHHADH,ENSG00000113790,91367
4380,EHMT1,ENSG00000181090,251025
4381,EHMT2,ENSG00000204371,17940
4382,EI24,ENSG00000149547,15405
4383,EID1,ENSG00000255302,2040
4384,EID2,ENSG00000176396,1455
4385,EID2B,ENSG00000176401,1866
4386,EID3,ENSG00000255150,1467
4387,EIF1,ENSG00000173812,3784
4388,EIF1AD,ENSG00000175376,5632
4389,EIF1AX,ENSG00000173674,17314
4390,EIF1AY,ENSG00000198692,17379
4391,EIF1B,ENSG00000114784,2718
4392,EIF2A,ENSG00000144895,39339
4393,EIF2AK1,ENSG00000086232,36929
4394,EIF2AK2,ENSG00000055332,58313
4395,EIF2AK3,ENSG00000172071,134778
4396,EIF2AK4,ENSG00000128829,101477
4397,EIF2B1,ENSG00000111361,13361
4398,EIF2B2,ENSG00000119718,9446
4399,EIF2B3,ENSG00000070785,136201
4400,EIF2B4,ENSG00000115211,5987
4401,EIF2B5,ENSG00000145191,11090
4402,EIF2D,ENSG00000143486,41174
4403,EIF2S1,ENSG00000134001,26189
4404,EIF2S2,ENSG00000125977,23935
4405,EIF2S3,ENSG00000130741,23865
4406,EIF3A,ENSG00000107581,47148
4407,EIF3B,ENSG00000106263,26660
4408,EIF3C,ENSG00000184110,47170
4409,EIF3D,ENSG00000100353,18330
4410,EIF3E,ENSG00000104408,280710
4411,EIF3F,ENSG00000175390,31612
4412,EIF3G,ENSG00000130811,4905
4413,EIF3H,ENSG00000147677,124796
4414,EIF3I,ENSG00000084623,24321
4415,EIF3IP1,ENSG00000237064,967
4416,EIF3J,ENSG00000104131,25905
4417,EIF3K,ENSG00000178982,17874
4418,EIF3L,ENSG00000100129,40540
4419,EIF3M,ENSG00000149100,22467
4420,EIF4A1,ENSG00000161960,6183
4421,EIF4A2,ENSG00000156976,6693
4422,EIF4A3,ENSG00000141543,12783
4423,EIF4B,ENSG00000063046,35934
4424,EIF4E,ENSG00000151247,49858
4425,EIF4E1B,ENSG00000175766,16027
4426,EIF4E2,ENSG00000135930,32986
4427,EIF4E3,ENSG00000163412,79360
4428,EIF4EBP1,ENSG00000187840,29832
4429,EIF4EBP2,ENSG00000148730,24474
4430,EIF4EBP3,ENSG00000243056,1915
4431,EIF4ENIF1,ENSG00000184708,59132
4432,EIF4G1,ENSG00000114867,20864
4433,EIF4G2,ENSG00000110321,11891
4434,EIF4G3,ENSG00000075151,370994
4435,EIF4H,ENSG00000106682,22892
4436,EIF5,ENSG00000100664,11482
4437,EIF5A,ENSG00000132507,5465
4438,EIF5A2,ENSG00000163577,20227
4439,EIF5AL1,ENSG00000253626,3908
4440,EIF5B,ENSG00000158417,63938
4441,EIF6,ENSG00000242372,6079
4442,ELAC1,ENSG00000141642,20131
4443,ELAC2,ENSG00000006744,26454
4444,ELANE,ENSG00000197561,5234
4445,ELAVL1,ENSG00000066044,47087
4446,ELAVL2,ENSG00000107105,136234
4447,ELAVL3,ENSG00000196361,29721
4448,ELAVL4,ENSG00000162374,179744
4449,ELF1,ENSG00000120690,129522
4450,ELF2,ENSG00000109381,149107
4451,ELF3,ENSG00000163435,9239
4452,ELF4,ENSG00000102034,46762
4453,ELF5,ENSG00000135374,46403
4454,ELFN1,ENSG00000225968,82202
4455,ELFN2,ENSG00000166897,59520
4456,ELFN2,ENSG00000243902,87881
4457,ELK1,ENSG00000126767,15085
4458,ELK3,ENSG00000111145,75450
4459,ELL,ENSG00000105656,79454
4460,ELL2,ENSG00000118985,76754
4461,ELL3,ENSG00000128886,4711
4462,ELMO1,ENSG00000155849,596318
4463,ELMO2,ENSG00000062598,66936
4464,ELMO3,ENSG00000102890,4919
4465,ELMOD1,ENSG00000110675,75689
4466,ELMOD2,ENSG00000179387,29603
4467,ELMOD3,ENSG00000115459,37359
4468,ELN,ENSG00000049540,42119
4469,ELOF1,ENSG00000130165,8084
4470,ELOVL1,ENSG00000066322,4677
4471,ELOVL2,ENSG00000197977,63547
4472,ELOVL3,ENSG00000119915,3291
4473,ELOVL4,ENSG00000118402,32740
4474,ELOVL5,ENSG00000012660,81782
4475,ELOVL6,ENSG00000170522,153354
4476,ELOVL7,ENSG00000164181,92484
4477,ELP2,ENSG00000134759,51114
4478,ELP3,ENSG00000134014,101484
4479,ELP4,ENSG00000109911,280570
4480,ELSPBP1,ENSG00000169393,30523
4481,EMB,ENSG00000170571,47057
4482,EMCN,ENSG00000164035,484786
4483,EMD,ENSG00000102119,2302
4484,EME1,ENSG00000154920,8264
4485,EMG1,ENSG00000126749,9024
4486,EMID1,ENSG00000186998,53702
4487,EMILIN1,ENSG00000138080,7789
4488,EMILIN2,ENSG00000132205,68998
4489,EMILIN3,ENSG00000183798,6857
4490,EML1,ENSG00000066629,204368
4491,EML2,ENSG00000125746,38609
4492,EML3,ENSG00000149499,10558
4493,EML4,ENSG00000143924,163196
4494,EML5,ENSG00000165521,180523
4495,EML6,ENSG00000214595,248527
4496,EMP1,ENSG00000134531,23219
4497,EMP2,ENSG00000213853,52211
4498,EMP3,ENSG00000142227,9250
4499,EMX1,ENSG00000135638,19812
4500,EMX2,ENSG00000170370,7102
4501,EMX2OS,ENSG00000229847,71856
4502,EN1,ENSG00000163064,5478
4503,EN2,ENSG00000164778,6703
4504,ENAH,ENSG00000154380,166378
4505,ENAM,ENSG00000132464,18081
4506,ENC1,ENSG00000171617,14019
4507,ENDOD1,ENSG00000149218,42800
4508,ENDOG,ENSG00000167136,4177
4509,ENDOU,ENSG00000111405,15834
4510,ENDOV,ENSG00000173818,22922
4511,ENG,ENSG00000106991,43644
4512,ENGASE,ENSG00000167280,13776
4513,ENHO,ENSG00000168913,1948
4514,ENKUR,ENSG00000151023,80301
4515,ENO1,ENSG00000074800,18191
4516,ENO2,ENSG00000111674,9954
4517,ENO3,ENSG00000108515,9040
4518,ENO4,ENSG00000188316,62290
4519,ENOPH1,ENSG00000145293,30588
4520,ENOSF1,ENSG00000132199,42345
4521,ENOX1,ENSG00000120658,573843
4522,ENOX2,ENSG00000165675,280910
4523,ENPEP,ENSG00000138792,199553
4524,ENPP1,ENSG00000197594,87140
4525,ENPP2,ENSG00000136960,116368
4526,ENPP3,ENSG00000154269,118977
4527,ENPP4,ENSG00000001561,16700
4528,ENPP5,ENSG00000112796,11796
4529,ENPP6,ENSG00000164303,132525
4530,ENPP7,ENSG00000182156,11277
4531,ENSA,ENSG00000143420,28762
4532,ENTHD1,ENSG00000176177,150821
4533,ENTPD1,ENSG00000138185,165488
4534,ENTPD2,ENSG00000054179,5955
4535,ENTPD3,ENSG00000168032,41561
4536,ENTPD4,ENSG00000197217,71913
4537,ENTPD5,ENSG00000187097,61390
4538,ENTPD6,ENSG00000197586,32383
4539,ENTPD7,ENSG00000198018,51733
4540,ENTPD8,ENSG00000188833,7453
4541,ENY2,ENSG00000120533,11631
4542,EOMES,ENSG00000163508,6763
4543,EP300,ENSG00000100393,87568
4544,EP400,ENSG00000183495,130519
4545,EPAS1,ENSG00000116016,93031
4546,EPB41,ENSG00000159023,232956
4547,EPB41L1,ENSG00000088367,141296
4548,EPB41L2,ENSG00000079819,223976
4549,EPB41L3,ENSG00000082397,238320
4550,EPB41L4A,ENSG00000129595,276873
4551,EPB41L4B,ENSG00000095203,149086
4552,EPB41L5,ENSG00000115109,166043
4553,EPB42,ENSG00000166947,23792
4554,EPC1,ENSG00000120616,111048
4555,EPC2,ENSG00000135999,144056
4556,EPCAM,ENSG00000119888,42444
4557,EPDR1,ENSG00000086289,31297
4558,EPG5,ENSG00000152223,166749
4559,EPHA1,ENSG00000146904,18568
4560,EPHA10,ENSG00000183317,51254
4561,EPHA2,ENSG00000142627,31733
4562,EPHA3,ENSG00000044524,374514
4563,EPHA4,ENSG00000116106,156176
4564,EPHA5,ENSG00000145242,350933
4565,EPHA6,ENSG00000080224,946952
4566,EPHA7,ENSG00000135333,179668
4567,EPHA8,ENSG00000070886,40107
4568,EPHB1,ENSG00000154928,465208
4569,EPHB2,ENSG00000133216,210662
4570,EPHB3,ENSG00000182580,20624
4571,EPHB4,ENSG00000196411,24959
4572,EPHB6,ENSG00000106123,16034
4573,EPHX1,ENSG00000143819,35440
4574,EPHX2,ENSG00000120915,54784
4575,EPHX3,ENSG00000105131,6517
4576,EPHX4,ENSG00000172031,33554
4577,EPM2A,ENSG00000112425,353489
4578,EPM2AIP1,ENSG00000178567,8089
4579,EPN1,ENSG00000063245,34633
4580,EPN2,ENSG00000072134,121101
4581,EPN3,ENSG00000049283,11069
4582,EPO,ENSG00000130427,3233
4583,EPOR,ENSG00000187266,7136
4584,EPS15,ENSG00000085832,165066
4585,EPS15L1,ENSG00000127527,116861
4586,EPS8,ENSG00000151491,262196
4587,EPS8L1,ENSG00000131037,15904
4588,EPS8L2,ENSG00000177106,33290
4589,EPS8L3,ENSG00000198758,13948
4590,EPSTI1,ENSG00000133106,105884
4591,EPX,ENSG00000121053,12449
4592,EPYC,ENSG00000083782,41345
4593,ERAL1,ENSG00000132591,6052
4594,ERAP1,ENSG00000164307,47291
4595,ERAP2,ENSG00000164308,43718
4596,ERAS,ENSG00000187682,3626
4597,ERBB2,ENSG00000141736,42513
4598,ERBB3,ENSG00000065361,26707
4599,ERBB4,ENSG00000178568,1163125
4600,ERC1,ENSG00000082805,505425
4601,ERC2,ENSG00000187672,960785
4602,ERCC1,ENSG00000012061,71495
4603,ERCC2,ENSG00000104884,21082
4604,ERCC3,ENSG00000163161,36877
4605,ERCC4,ENSG00000175595,32211
4606,ERCC6,ENSG00000225830,85371
4607,ERCC6L,ENSG00000186871,34371
4608,ERCC8,ENSG00000049167,78620
4609,EREG,ENSG00000124882,23605
4610,ERF,ENSG00000105722,7560
4611,ERG,ENSG00000157554,281754
4612,ERGIC1,ENSG00000113719,118542
4613,ERGIC2,ENSG00000087502,43838
4614,ERGIC3,ENSG00000125991,15597
4615,ERH,ENSG00000100632,18172
4616,ERI1,ENSG00000104626,114600
4617,ERI2,ENSG00000196678,120157
4618,ERI3,ENSG00000117419,134191
4619,ERICH1,ENSG00000104714,123361
4620,ERLEC1,ENSG00000068912,46030
4621,ERLIN1,ENSG00000107566,35940
4622,ERLIN2,ENSG00000147475,21822
4623,ERMAP,ENSG00000164010,27870
4624,ERMN,ENSG00000136541,9083
4625,ERMP1,ENSG00000099219,129706
4626,ERN1,ENSG00000178607,91740
4627,ERN2,ENSG00000134398,22917
4628,ERP27,ENSG00000139055,24499
4629,ERP29,ENSG00000089248,10102
4630,ERP44,ENSG00000023318,119868
4631,ERRFI1,ENSG00000116285,21906
4632,ERV3-1,ENSG00000213462,16388
4633,ERVFRD-1,ENSG00000244476,9522
4634,ERVK13-1,ENSG00000260565,74020
4635,ERVMER34-1,ENSG00000226887,28969
4636,ERVV-1,ENSG00000269526,2203
4637,ERVV-2,ENSG00000268964,6941
4638,ESAM,ENSG00000149564,9708
4639,ESCO1,ENSG00000141446,71604
4640,ESCO2,ENSG00000171320,40692
4641,ESD,ENSG00000139684,26165
4642,ESF1,ENSG00000089048,70598
4643,ESM1,ENSG00000164283,44805
4644,ESPL1,ENSG00000135476,25340
4645,ESPN,ENSG00000187017,36592
4646,ESPNL,ENSG00000144488,32948
4647,ESPNP,ENSG00000268869,28944
4648,ESR1,ENSG00000091831,472929
4649,ESR2,ENSG00000140009,253881
4650,ESRG,ENSG00000265992,24894
4651,ESRP1,ENSG00000104413,66393
4652,ESRP2,ENSG00000103067,9070
4653,ESRRA,ENSG00000173153,11247
4654,ESRRB,ENSG00000119715,191126
4655,ESRRG,ENSG00000196482,634510
4656,ESX1,ENSG00000123576,4896
4657,ESYT1,ENSG00000139641,26425
4658,ESYT2,ENSG00000117868,99259
4659,ESYT3,ENSG00000158220,47101
4660,ETAA1,ENSG00000143971,14768
4661,ETF1,ENSG00000120705,37142
4662,ETFA,ENSG00000140374,123176
4663,ETFB,ENSG00000105379,21220
4664,ETFDH,ENSG00000171503,38775
4665,ETHE1,ENSG00000105755,20512
4666,ETNK1,ENSG00000139163,65591
4667,ETNK2,ENSG00000143845,20983
4668,ETS1,ENSG00000134954,128798
4669,ETS2,ENSG00000157557,19773
4670,ETV1,ENSG00000006468,100197
4671,ETV2,ENSG00000105672,3127
4672,ETV3,ENSG00000117036,17284
4673,ETV3L,ENSG00000253831,20370
4674,ETV4,ENSG00000175832,51777
4675,ETV5,ENSG00000244405,64005
4676,ETV6,ENSG00000139083,245704
4677,ETV7,ENSG00000010030,33710
4678,EVC,ENSG00000072840,103105
4679,EVC2,ENSG00000173040,166777
4680,EVI2A,ENSG00000126860,5340
4681,EVI2B,ENSG00000185862,10336
4682,EVI5,ENSG00000067208,283709
4683,EVI5L,ENSG00000142459,34759
4684,EVL,ENSG00000196405,172788
4685,EVPL,ENSG00000167880,22805
4686,EVPLL,ENSG00000214860,11870
4687,EVX1,ENSG00000106038,7794
4688,EVX2,ENSG00000174279,6491
4689,EWSR1,ENSG00000182944,32517
4690,EXD1,ENSG00000178997,48033
4691,EXD2,ENSG00000081177,52523
4692,EXD3,ENSG00000187609,116316
4693,EXO1,ENSG00000174371,47182
4694,EXOC1,ENSG00000090989,51439
4695,EXOC2,ENSG00000112685,207986
4696,EXOC3,ENSG00000180104,28763
4697,EXOC3L1,ENSG00000179044,5807
4698,EXOC3L2,ENSG00000283632,33038
4699,EXOC3L4,ENSG00000205436,15835
4700,EXOC4,ENSG00000131558,814066
4701,EXOC5,ENSG00000070367,68399
4702,EXOC6,ENSG00000138190,232663
4703,EXOC6B,ENSG00000144036,650058
4704,EXOC7,ENSG00000182473,40561
4705,EXOC8,ENSG00000116903,5100
4706,EXOG,ENSG00000157036,46035
4707,EXOSC1,ENSG00000171311,10109
4708,EXOSC10,ENSG00000171824,33252
4709,EXOSC2,ENSG00000130713,13568
4710,EXOSC3,ENSG00000107371,72884
4711,EXOSC4,ENSG00000178896,2001
4712,EXOSC5,ENSG00000077348,10992
4713,EXOSC7,ENSG00000075914,60826
4714,EXOSC8,ENSG00000120699,27066
4715,EXOSC9,ENSG00000123737,15704
4716,EXPH5,ENSG00000110723,88334
4717,EXT1,ENSG00000182197,317337
4718,EXT2,ENSG00000151348,156315
4719,EXTL1,ENSG00000158008,16581
4720,EXTL2,ENSG00000162694,22808
4721,EXTL3,ENSG00000012232,156093
4722,EYA1,ENSG00000104313,394593
4723,EYA2,ENSG00000064655,294221
4724,EYA3,ENSG00000158161,118294
4725,EYA4,ENSG00000112319,291615
4726,EYS,ENSG00000188107,1987247
4727,EZH1,ENSG00000108799,44775
4728,EZH2,ENSG00000106462,77065
4729,EZR,ENSG00000092820,53628
4730,F10,ENSG00000126218,26731
4731,F11,ENSG00000088926,23493
4732,F11R,ENSG00000158769,25965
4733,F12,ENSG00000131187,14451
4734,F13A1,ENSG00000124491,176930
4735,F13B,ENSG00000143278,28520
4736,F2,ENSG00000180210,20311
4737,F2R,ENSG00000181104,19645
4738,F2RL1,ENSG00000164251,16383
4739,F2RL2,ENSG00000164220,7932
4740,F2RL3,ENSG00000127533,3608
4741,F3,ENSG00000117525,12587
4742,F5,ENSG00000198734,74638
4743,F7,ENSG00000057593,14898
4744,F8,ENSG00000185010,191153
4745,F9,ENSG00000101981,32721
4746,FA2H,ENSG00000103089,61877
4747,FAAH,ENSG00000117480,19532
4748,FAAH2,ENSG00000165591,202488
4749,FABP1,ENSG00000163586,5081
4750,FABP12,ENSG00000197416,65159
4751,FABP2,ENSG00000145384,4889
4752,FABP3,ENSG00000121769,11598
4753,FABP4,ENSG00000170323,4818
4754,FABP5,ENSG00000164687,4242
4755,FABP6,ENSG00000170231,51369
4756,FABP7,ENSG00000164434,4359
4757,FABP9,ENSG00000205186,3327
4758,FADD,ENSG00000168040,4095
4759,FADS1,ENSG00000149485,29692
4760,FADS2,ENSG00000134824,74375
4761,FADS3,ENSG00000221968,18533
4762,FADS6,ENSG00000172782,16480
4763,FAF1,ENSG00000185104,523240
4764,FAF2,ENSG00000113194,62447
4765,FAH,ENSG00000103876,34457
4766,FAHD1,ENSG00000180185,13241
4767,FAHD2A,ENSG00000115042,13909
4768,FAHD2B,ENSG00000144199,12859
4769,FAIM,ENSG00000158234,24771
4770,FAIM2,ENSG00000135472,37322
4771,FAM106A,ENSG00000273018,114461
4772,FAM107A,ENSG00000168309,63494
4773,FAM107B,ENSG00000065809,256341
4774,FAM110A,ENSG00000125898,23749
4775,FAM110B,ENSG00000169122,209757
4776,FAM110C,ENSG00000184731,8057
4777,FAM110D,ENSG00000197245,4884
4778,FAM111A,ENSG00000166801,12292
4779,FAM111B,ENSG00000189057,20228
4780,PCED1A,ENSG00000132635,5877
4781,PCED1B,ENSG00000179715,157060
4782,FAM114A1,ENSG00000197712,78063
4783,FAM114A2,ENSG00000055147,48789
4784,DENND6A,ENSG00000174839,67624
4785,DENND6B,ENSG00000205593,17983
4786,FAM117A,ENSG00000121104,78849
4787,FAM117B,ENSG00000138439,134789
4788,FAM118A,ENSG00000100376,32988
4789,FAM118B,ENSG00000197798,51261
4790,FAM120A,ENSG00000048828,114428
4791,FAM120AOS,ENSG00000188938,22141
4792,FAM120B,ENSG00000112584,116365
4793,FAM120C,ENSG00000184083,114958
4794,FAM124A,ENSG00000150510,61906
4795,FAM124B,ENSG00000124019,23410
4796,FAM131A,ENSG00000175182,12496
4797,FAM131B,ENSG00000159784,9371
4798,FAM131C,ENSG00000185519,15883
4799,FAM133A,ENSG00000179083,38262
4800,FAM133B,ENSG00000234545,29636
4801,FAM135A,ENSG00000082269,148234
4802,FAM135B,ENSG00000147724,367239
4803,FAM136A,ENSG00000035141,6092
4804,FAM138B,ENSG00000226516,37335
4805,FAM138C,ENSG00000218839,2887
4806,FAM138D,ENSG00000249054,1532
4807,FAM138E,ENSG00000248893,2993
4808,FAM13A,ENSG00000138640,385444
4809,FAM13B,ENSG00000031003,114002
4810,FAM13C,ENSG00000148541,117052
4811,FAM149A,ENSG00000109794,70919
4812,FAM149B1,ENSG00000138286,76386
4813,FAM151A,ENSG00000162391,14376
4814,FAM151B,ENSG00000152380,54595
4815,FAM156A,ENSG00000268350,69071
4816,FAM156B,ENSG00000179304,17255
4817,FAM157A,ENSG00000236438,9611
4818,FAM157B,ENSG00000233013,9598
4819,EMC9,ENSG00000100908,2633
4820,FAM161A,ENSG00000170264,29296
4821,FAM161B,ENSG00000156050,18914
4822,FAM162A,ENSG00000114023,28174
4823,FAM162B,ENSG00000183807,13523
4824,FAM163A,ENSG00000143340,72908
4825,FAM163B,ENSG00000196990,32309
4826,ZC2HC1A,ENSG00000104427,53716
4827,ZC2HC1C,ENSG00000119703,55394
4828,FAM167A,ENSG00000154319,54433
4829,FAM167B,ENSG00000183615,1635
4830,FAM168A,ENSG00000054965,197703
4831,FAM168B,ENSG00000152102,45585
4832,FAM169A,ENSG00000198780,89393
4833,FAM170A,ENSG00000164334,6265
4834,FAM170B,ENSG00000172538,2868
4835,FAM171A1,ENSG00000148468,159647
4836,FAM171A2,ENSG00000161682,10639
4837,FAM171B,ENSG00000144369,71900
4838,FAM174A,ENSG00000174132,51404
4839,FAM174B,ENSG00000185442,192437
4840,FAM177A1,ENSG00000151327,71514
4841,FAM177B,ENSG00000197520,13803
4842,FAM178B,ENSG00000168754,110699
4843,FAM180A,ENSG00000189320,20466
4844,FAM180B,ENSG00000196666,2517
4845,FAM181A,ENSG00000140067,10715
4846,FAM181B,ENSG00000182103,3925
4847,FAM182A,ENSG00000125804,115253
4848,FAM182B,ENSG00000175170,112365
4849,FAM184A,ENSG00000111879,189625
4850,FAM184B,ENSG00000047662,152316
4851,FAM185A,ENSG00000222011,60255
4852,FAM186A,ENSG00000185958,70393
4853,FAM186B,ENSG00000135436,22755
4854,FAM187B,ENSG00000177558,3940
4855,FAM193A,ENSG00000125386,195927
4856,FAM193B,ENSG00000146067,34798
4857,FAM199X,ENSG00000123575,29450
4858,FAM200A,ENSG00000221909,12237
4859,FAM200B,ENSG00000237765,8786
4860,FAM204A,ENSG00000165669,44404
4861,FAM209B,ENSG00000213714,3275
4862,FAM20A,ENSG00000108950,66255
4863,FAM20B,ENSG00000116199,50764
4864,FAM20C,ENSG00000177706,68202
4865,FAM210A,ENSG00000177150,63317
4866,FAM210B,ENSG00000124098,9690
4867,FAM215A,ENSG00000267496,3849
4868,FAM24A,ENSG00000203795,2502
4869,FAM24B,ENSG00000213185,30564
4870,FAM32A,ENSG00000105058,6667
4871,COX20,ENSG00000203667,9442
4872,FAM3A,ENSG00000071889,10084
4873,FAM3B,ENSG00000183844,53516
4874,FAM3C,ENSG00000196937,47487
4875,FAM3D,ENSG00000198643,32889
4876,FAM41C,ENSG00000230368,8981
4877,FAM43A,ENSG00000185112,3155
4878,FAM43B,ENSG00000183114,2448
4879,FAM47A,ENSG00000185448,2563
4880,FAM47B,ENSG00000189132,2120
4881,FAM47E,ENSG00000189157,69744
4882,FAM50A,ENSG00000071859,6514
4883,FAM50B,ENSG00000145945,1948
4884,FAM53A,ENSG00000174137,66399
4885,FAM53B,ENSG00000189319,125087
4886,FAM53C,ENSG00000120709,17795
4887,NXPE1,ENSG00000095110,40948
4888,NXPE2,ENSG00000204361,28543
4889,NXPE3,ENSG00000144815,64567
4890,NXPE4,ENSG00000137634,25196
4891,FAM66C,ENSG00000226711,46075
4892,FAM72A,ENSG00000196550,18236
4893,FAM72B,ENSG00000188610,17894
4894,FAM72D,ENSG00000215784,16723
4895,FAM74A4,ENSG00000274583,469
4896,FAM74A4,ENSG00000293075,9515
4897,SPATA31A5,ENSG00000276581,6247
4898,SPATA31A6,ENSG00000185775,6229
4899,SPATA31A7,ENSG00000276040,6245
4900,SPATA31C1,ENSG00000230246,9170
4901,SPATA31C2,ENSG00000177910,9171
4902,SPATA31D1,ENSG00000214929,6482
4903,SPATA31D5P,ENSG00000240632,6411
4904,SPATA31D5P,ENSG00000291172,6490
4905,FAM76A,ENSG00000009780,37156
4906,FAM76B,ENSG00000077458,21457
4907,FAM78A,ENSG00000126882,19290
4908,FAM78B,ENSG00000188859,109576
4909,FAM81A,ENSG00000157470,150863
4910,FAM81B,ENSG00000153347,59089
4911,FAM83A,ENSG00000147689,31120
4912,FAM83B,ENSG00000168143,98329
4913,FAM83C,ENSG00000125998,6695
4914,FAM83D,ENSG00000101447,26795
4915,FAM83E,ENSG00000105523,15116
4916,FAM83F,ENSG00000133477,48581
4917,FAM83G,ENSG00000188522,35976
4918,FAM83H,ENSG00000180921,14302
4919,FAM86B1,ENSG00000186523,12038
4920,FAM86B2,ENSG00000145002,11996
4921,FAM86C2P,ENSG00000160172,12118
4922,FAM86DP,ENSG00000244026,12150
4923,FAM86DP,ENSG00000291223,21834
4924,FAM86EP,ENSG00000251669,12146
4925,FAM86EP,ENSG00000290374,15310
4926,FAM86FP,ENSG00000164845,10437
4927,FAM86FP,ENSG00000290940,12907
4928,FAM86HP,ENSG00000253540,12215
4929,FAM89A,ENSG00000182118,21297
4930,FAM89B,ENSG00000176973,1850
4931,FAM8A1,ENSG00000137414,11418
4932,FAM90A1,ENSG00000171847,6359
4933,FAM91A1,ENSG00000176853,47014
4934,FAM98A,ENSG00000119812,66604
4935,FAM98B,ENSG00000171262,33584
4936,FAM98C,ENSG00000130244,5996
4937,FAM99A,ENSG00000205866,3587
4938,FAM9A,ENSG00000183304,10589
4939,FAM9B,ENSG00000177138,271451
4940,FAM9C,ENSG00000187268,9066
4941,FAN1,ENSG00000198690,52550
4942,FANCA,ENSG00000187741,90295
4943,FANCB,ENSG00000181544,182868
4944,FANCC,ENSG00000158169,327743
4945,FANCD2,ENSG00000144554,75563
4946,FANCE,ENSG00000112039,14767
4947,FANCF,ENSG00000183161,3291
4948,FANCG,ENSG00000221829,6170
4949,FANCI,ENSG00000140525,73317
4950,FANCL,ENSG00000115392,82168
4951,FANCM,ENSG00000187790,64961
4952,FANK1,ENSG00000203780,113029
4953,FAP,ENSG00000078098,74468
4954,FAR1,ENSG00000197601,63688
4955,FAR2,ENSG00000064763,192106
4956,FARP1,ENSG00000152767,312615
4957,FARP2,ENSG00000006607,138557
4958,FARS2,ENSG00000145982,568149
4959,FARSA,ENSG00000179115,11559
4960,FARSB,ENSG00000116120,89194
4961,FAS,ENSG00000026103,75793
4962,FASLG,ENSG00000117560,7774
4963,FASN,ENSG00000169710,19957
4964,FASTK,ENSG00000164896,4243
4965,FASTKD1,ENSG00000138399,45368
4966,FASTKD2,ENSG00000118246,30833
4967,FASTKD3,ENSG00000124279,9879
4968,FASTKD5,ENSG00000215251,13347
4969,FAT1,ENSG00000083857,138929
4970,FAT2,ENSG00000086570,87240
4971,FAT3,ENSG00000165323,671656
4972,FAT4,ENSG00000196159,178015
4973,FATE1,ENSG00000147378,7160
4974,FAU,ENSG00000149806,1548
4975,FBF1,ENSG00000188878,31567
4976,FBL,ENSG00000105202,11922
4977,FBLIM1,ENSG00000162458,29988
4978,FBLL1,ENSG00000188573,1330
4979,FBLN1,ENSG00000077942,98898
4980,FBLN2,ENSG00000163520,89298
4981,FBLN5,ENSG00000140092,78577
4982,FBLN7,ENSG00000144152,49834
4983,FBN1,ENSG00000166147,237409
4984,FBN2,ENSG00000138829,401277
4985,FBN3,ENSG00000142449,84191
4986,FBP1,ENSG00000165140,37117
4987,FBP2,ENSG00000130957,35105
4988,FBRS,ENSG00000156860,12380
4989,FBRSL1,ENSG00000112787,95638
4990,FBXL12,ENSG00000127452,17550
4991,FBXL13,ENSG00000161040,263651
4992,FBXL14,ENSG00000171823,28589
4993,FBXL15,ENSG00000107872,3948
4994,FBXL16,ENSG00000127585,13304
4995,FBXL17,ENSG00000145743,523064
4996,FBXL18,ENSG00000155034,82475
4997,FBXL19,ENSG00000099364,25729
4998,FBXL2,ENSG00000153558,126638
4999,FBXL20,ENSG00000108306,149861
5000,FBXL22,ENSG00000197361,5076
5001,FBXL3,ENSG00000005812,34598
5002,FBXL4,ENSG00000112234,79472
5003,FBXL5,ENSG00000118564,77299
5004,FBXL6,ENSG00000182325,3946
5005,FBXL7,ENSG00000183580,439616
5006,FBXL8,ENSG00000135722,4639
5007,FBXO10,ENSG00000147912,65489
5008,FBXO11,ENSG00000138081,117183
5009,FBXO15,ENSG00000141665,74491
5010,FBXO16,ENSG00000214050,141992
5011,FBXO2,ENSG00000116661,18768
5012,FBXO21,ENSG00000135108,48480
5013,FBXO22,ENSG00000167196,38636
5014,FBXO24,ENSG00000106336,17136
5015,FBXO25,ENSG00000147364,71540
5016,FBXO27,ENSG00000161243,42072
5017,FBXO28,ENSG00000143756,47937
5018,FBXO3,ENSG00000110429,33605
5019,FBXO30,ENSG00000118496,21294
5020,FBXO31,ENSG00000103264,65156
5021,FBXO32,ENSG00000156804,43318
5022,FBXO33,ENSG00000165355,34783
5023,FBXO34,ENSG00000178974,98710
5024,FBXO36,ENSG00000153832,90818
5025,FBXO38,ENSG00000145868,58902
5026,FBXO39,ENSG00000177294,20887
5027,FBXO4,ENSG00000151876,16490
5028,FBXO40,ENSG00000163833,36917
5029,FBXO41,ENSG00000163013,29797
5030,FBXO42,ENSG00000037637,105641
5031,FBXO43,ENSG00000156509,12467
5032,FBXO44,ENSG00000132879,8953
5033,FBXO45,ENSG00000174013,20449
5034,FBXO46,ENSG00000177051,20268
5035,FBXO47,ENSG00000204952,30972
5036,FBXO48,ENSG00000204923,7873
5037,FBXO5,ENSG00000112029,13061
5038,FBXO6,ENSG00000116663,10155
5039,FBXO7,ENSG00000100225,24154
5040,FBXO8,ENSG00000164117,47010
5041,FBXO9,ENSG00000112146,48883
5042,FBXW11,ENSG00000072803,145325
5043,FBXW12,ENSG00000164049,29041
5044,FBXW2,ENSG00000119402,41439
5045,FBXW4,ENSG00000107829,84632
5046,FBXW5,ENSG00000159069,4304
5047,FBXW7,ENSG00000109670,215549
5048,FBXW8,ENSG00000174989,121549
5049,FBXW9,ENSG00000132004,8579
5050,FCAMR,ENSG00000162897,12661
5051,FCAR,ENSG00000186431,17186
5052,FCER1A,ENSG00000179639,18511
5053,FCER1G,ENSG00000158869,5466
5054,FCER2,ENSG00000104921,13389
5055,FCF1,ENSG00000119616,25477
5056,FCGBP,ENSG00000275395,71304
5057,FCGR1A,ENSG00000150337,9005
5058,FCGR2A,ENSG00000143226,18584
5059,FCGR2B,ENSG00000072694,15512
5060,FCGR2C,ENSG00000244682,24324
5061,FCGR3A,ENSG00000203747,9210
5062,FCGRT,ENSG00000104870,19613
5063,FCHO1,ENSG00000130475,40851
5064,FCHO2,ENSG00000157107,134482
5065,FCHSD1,ENSG00000197948,12117
5066,FCHSD2,ENSG00000137478,305574
5067,FCN1,ENSG00000085265,14681
5068,FCN2,ENSG00000160339,6714
5069,FCN3,ENSG00000142748,5715
5070,FCRL1,ENSG00000163534,27872
5071,FCRL2,ENSG00000132704,31400
5072,FCRL3,ENSG00000160856,26449
5073,FCRL4,ENSG00000163518,24339
5074,FCRL5,ENSG00000143297,39139
5075,FCRL6,ENSG00000181036,15747
5076,FCRLA,ENSG00000132185,7381
5077,FCRLB,ENSG00000162746,6600
5078,FDCSP,ENSG00000181617,9129
5079,FDFT1,ENSG00000079459,43823
5080,FDPS,ENSG00000160752,11919
5081,FDX1,ENSG00000137714,34937
5082,FDXACB1,ENSG00000255561,7188
5083,FDXR,ENSG00000161513,10535
5084,FECH,ENSG00000066926,42356
5085,FEM1A,ENSG00000141965,9540
5086,FEM1B,ENSG00000169018,18118
5087,FEM1C,ENSG00000145780,23868
5088,FEN1,ENSG00000168496,4328
5089,FER,ENSG00000151422,449001
5090,FER1L5,ENSG00000249715,62151
5091,FER1L6,ENSG00000214814,268075
5092,FERD3L,ENSG00000146618,640
5093,FERMT1,ENSG00000101311,48370
5094,FERMT2,ENSG00000073712,95168
5095,FERMT3,ENSG00000149781,17971
5096,FES,ENSG00000182511,12082
5097,FETUB,ENSG00000090512,17173
5098,FEZ1,ENSG00000149557,149688
5099,FEZ2,ENSG00000171055,114283
5100,FEZF1,ENSG00000128610,9389
5101,FEZF2,ENSG00000153266,4644
5102,FFAR1,ENSG00000126266,5963
5103,FFAR2,ENSG00000126262,7861
5104,FFAR3,ENSG00000185897,2030
5105,FGA,ENSG00000171560,7617
5106,FGB,ENSG00000171564,9797
5107,FGD1,ENSG00000102302,50781
5108,FGD2,ENSG00000146192,23654
5109,FGD3,ENSG00000127084,88714
5110,FGD4,ENSG00000139132,246493
5111,FGD5,ENSG00000154783,123719
5112,FGD6,ENSG00000180263,140734
5113,FGF1,ENSG00000113578,105893
5114,FGF10,ENSG00000070193,89460
5115,FGF11,ENSG00000161958,6665
5116,FGF12,ENSG00000114279,628375
5117,FGF13,ENSG00000129682,608051
5118,FGF14,ENSG00000102466,691654
5119,FGF16,ENSG00000196468,9890
5120,FGF17,ENSG00000158815,6412
5121,FGF18,ENSG00000156427,37980
5122,FGF19,ENSG00000162344,5785
5123,FGF2,ENSG00000138685,71555
5124,FGF20,ENSG00000078579,10165
5125,FGF21,ENSG00000105550,2810
5126,FGF22,ENSG00000070388,4495
5127,FGF23,ENSG00000118972,11486
5128,FGF3,ENSG00000186895,9449
5129,FGF4,ENSG00000075388,4320
5130,FGF5,ENSG00000138675,70042
5131,FGF6,ENSG00000111241,17661
5132,FGF7,ENSG00000140285,65539
5133,FGF8,ENSG00000107831,10263
5134,FGF9,ENSG00000102678,33426
5135,FGFBP1,ENSG00000137440,3164
5136,FGFBP2,ENSG00000137441,9065
5137,FGFBP3,ENSG00000174721,2903
5138,FGFR1,ENSG00000077782,68620
5139,FGFR1OP2,ENSG00000111790,28181
5140,FGFR2,ENSG00000066468,120127
5141,FGFR3,ENSG00000068078,15580
5142,FGFR4,ENSG00000160867,11240
5143,FGFRL1,ENSG00000127418,16963
5144,FGG,ENSG00000171557,8834
5145,FGGY,ENSG00000172456,514010
5146,FGL1,ENSG00000104760,45986
5147,FGL2,ENSG00000127951,6480
5148,FGR,ENSG00000000938,23122
5149,FH,ENSG00000091483,22289
5150,FHAD1,ENSG00000142621,163763
5151,FHDC1,ENSG00000137460,43349
5152,FHIT,ENSG00000189283,1504183
5153,FHL1,ENSG00000022267,64658
5154,FHL2,ENSG00000115641,80802
5155,FHL3,ENSG00000183386,8843
5156,FHL5,ENSG00000112214,56079
5157,FHOD1,ENSG00000135723,18095
5158,FHOD3,ENSG00000134775,482508
5159,FIBCD1,ENSG00000130720,36849
5160,FIBIN,ENSG00000176971,2976
5161,FIBP,ENSG00000172500,4792
5162,FICD,ENSG00000198855,10561
5163,FIG4,ENSG00000112367,187490
5164,FIGLA,ENSG00000183733,13334
5165,FIGN,ENSG00000182263,142617
5166,FIGNL1,ENSG00000132436,6263
5167,FIGNL2,ENSG00000261308,30820
5168,FILIP1,ENSG00000118407,201942
5169,FILIP1L,ENSG00000168386,285703
5170,FIP1L1,ENSG00000145216,86814
5171,FIS1,ENSG00000214253,12859
5172,FITM1,ENSG00000139914,2191
5173,FITM2,ENSG00000197296,8363
5174,FIZ1,ENSG00000179943,10595
5175,FJX1,ENSG00000179431,2406
5176,FKBP10,ENSG00000141756,10534
5177,FKBP11,ENSG00000134285,4957
5178,FKBP14,ENSG00000106080,16116
5179,FKBP15,ENSG00000119321,60453
5180,FKBP1A,ENSG00000088832,24188
5181,FKBP1B,ENSG00000119782,13981
5182,FKBP2,ENSG00000173486,3130
5183,FKBP3,ENSG00000100442,19721
5184,FKBP4,ENSG00000004478,10454
5185,FKBP5,ENSG00000096060,154999
5186,FKBP6,ENSG00000077800,30477
5187,FKBP7,ENSG00000079150,14937
5188,FKBP8,ENSG00000105701,12327
5189,FKBP9,ENSG00000122642,49527
5190,FKBPL,ENSG00000204315,1582
5191,FKRP,ENSG00000181027,30943
5192,FKTN,ENSG00000106692,95699
5193,FLAD1,ENSG00000160688,9774
5194,FLCN,ENSG00000154803,24977
5195,FLG,ENSG00000143631,23075
5196,FLG2,ENSG00000143520,11272
5197,FLI1,ENSG00000151702,126733
5198,FLII,ENSG00000177731,13924
5199,FAM86B3P,ENSG00000173295,8671
5200,FAM86B3P,ENSG00000291049,17200
5201,FLJ12825,ENSG00000249388,64096
5202,FLJ13224,ENSG00000177340,1514
5203,FLJ16779,ENSG00000275620,7638
5204,FLJ30679,ENSG00000280278,1980
5205,SATB2-AS1,ENSG00000225953,19365
5206,LINC00547,ENSG00000275226,16597
5207,KCNJ2-AS1,ENSG00000267365,2444
5208,FLJ40194,ENSG00000177369,93343
5209,SLC25A3P1,ENSG00000236253,931
5210,SLC25A3P1,ENSG00000293595,2986
5211,FLJ42393,ENSG00000279891,2270
5212,LRRC37A11P,ENSG00000214553,18071
5213,LRRC37A11P,ENSG00000290925,25949
5214,FLNA,ENSG00000196924,26111
5215,FLNB,ENSG00000136068,163854
5216,FLNC,ENSG00000128591,28869
5217,FLOT1,ENSG00000137312,15024
5218,FLOT2,ENSG00000132589,18399
5219,FLRT2,ENSG00000185070,124285
5220,FLRT3,ENSG00000125848,14630
5221,FLT1,ENSG00000102755,194800
5222,FLT3,ENSG00000122025,97319
5223,FLT3LG,ENSG00000090554,12025
5224,FLT4,ENSG00000037280,48119
5225,FLVCR1,ENSG00000162769,41089
5226,FLVCR2,ENSG00000119686,84595
5227,FLYWCH1,ENSG00000059122,39278
5228,FLYWCH2,ENSG00000162076,16170
5229,FMN1,ENSG00000248905,429171
5230,FMN2,ENSG00000155816,460840
5231,FMNL1,ENSG00000184922,25876
5232,FMNL2,ENSG00000157827,314653
5233,FMNL3,ENSG00000161791,71667
5234,FMO1,ENSG00000010932,37508
5235,FMO2,ENSG00000094963,27438
5236,FMO3,ENSG00000007933,26919
5237,FMO4,ENSG00000076258,27902
5238,FMO5,ENSG00000131781,67700
5239,FMO6P,ENSG00000293458,23829
5240,FMO6P,ENSG00000117507,23185
5241,FMOD,ENSG00000122176,11131
5242,FMR1,ENSG00000102081,39207
5243,FMR1NB,ENSG00000176988,45329
5244,FN1,ENSG00000115414,75634
5245,FN3K,ENSG00000167363,15582
5246,FN3KRP,ENSG00000141560,13623
5247,FNBP1,ENSG00000187239,156003
5248,FNBP1L,ENSG00000137942,106544
5249,FNBP4,ENSG00000109920,50950
5250,FNDC1,ENSG00000164694,102709
5251,FNDC3A,ENSG00000102531,233868
5252,FNDC3B,ENSG00000075420,362092
5253,FNDC4,ENSG00000115226,3318
5254,FNDC5,ENSG00000160097,10215
5255,FNDC7,ENSG00000143107,29842
5256,FNDC8,ENSG00000073598,9118
5257,FNDC9,ENSG00000172568,4080
5258,FNIP2,ENSG00000052795,139025
5259,FNTA,ENSG00000168522,51595
5260,FOLH1,ENSG00000086205,63547
5261,FOLH1B,ENSG00000134612,59363
5262,FOLH1B,ENSG00000290503,39426
5263,FOLR1,ENSG00000110195,6766
5264,FOLR2,ENSG00000165457,5350
5265,FOLR3,ENSG00000110203,25024
5266,FOS,ENSG00000170345,4365
5267,FOSB,ENSG00000125740,7185
5268,FOSL1,ENSG00000175592,8525
5269,FOSL2,ENSG00000075426,24870
5270,FOXA1,ENSG00000129514,6508
5271,FOXA2,ENSG00000125798,4458
5272,FOXA3,ENSG00000170608,9809
5273,FOXB1,ENSG00000171956,57497
5274,FOXB2,ENSG00000204612,1299
5275,FOXC1,ENSG00000054598,3983
5276,FOXC2,ENSG00000176692,2900
5277,FOXD1,ENSG00000251493,3951
5278,FOXD2,ENSG00000186564,2648
5279,FOXD3,ENSG00000187140,2562
5280,FOXD4,ENSG00000170122,2187
5281,FOXD4L1,ENSG00000184492,2486
5282,FOXD4L3,ENSG00000187559,2218
5283,FOXD4L5,ENSG00000204779,3109
5284,FOXD4L6,ENSG00000273514,2247
5285,FOXE1,ENSG00000178919,3492
5286,FOXE3,ENSG00000186790,1768
5287,FOXF1,ENSG00000103241,4896
5288,FOXF2,ENSG00000137273,6028
5289,FOXG1,ENSG00000176165,5949
5290,FOXH1,ENSG00000160973,2438
5291,FOXI1,ENSG00000168269,3838
5292,FOXI2,ENSG00000186766,3999
5293,FOXI3,ENSG00000214336,5907
5294,FOXJ1,ENSG00000129654,4913
5295,FOXJ2,ENSG00000065970,22802
5296,FOXJ3,ENSG00000198815,159339
5297,FOXK1,ENSG00000164916,89148
5298,FOXK2,ENSG00000141568,124950
5299,FOXL1,ENSG00000176678,7111
5300,FOXL2,ENSG00000183770,2914
5301,FOXM1,ENSG00000111206,19495
5302,FOXN1,ENSG00000109101,32658
5303,FOXN2,ENSG00000170802,64659
5304,FOXN3,ENSG00000053254,494279
5305,FOXN4,ENSG00000139445,31307
5306,FOXO1,ENSG00000150907,110975
5307,FOXO3,ENSG00000118689,124940
5308,FOXO4,ENSG00000184481,7685
5309,FOXP2,ENSG00000128573,607446
5310,FOXP3,ENSG00000049768,14363
5311,FOXP4,ENSG00000137166,56004
5312,FOXQ1,ENSG00000164379,2661
5313,FOXR1,ENSG00000176302,9576
5314,FOXR2,ENSG00000189299,2793
5315,FOXRED1,ENSG00000110074,9108
5316,FOXRED2,ENSG00000100350,20032
5317,FOXS1,ENSG00000179772,1302
5318,FPGS,ENSG00000136877,19898
5319,FPR1,ENSG00000171051,58944
5320,FPR2,ENSG00000171049,18506
5321,FPR3,ENSG00000187474,31034
5322,FRA10AC1,ENSG00000148690,34710
5323,FRAS1,ENSG00000138759,486947
5324,FRAT1,ENSG00000165879,2645
5325,FRAT2,ENSG00000181274,2233
5326,FREM1,ENSG00000164946,173844
5327,FREM2,ENSG00000150893,200055
5328,FREM3,ENSG00000183090,123374
5329,FRG1,ENSG00000109536,22348
5330,FRG2B,ENSG00000225899,2901
5331,FRG2C,ENSG00000172969,2893
5332,FRK,ENSG00000111816,129743
5333,FRMD1,ENSG00000153303,48417
5334,FRMD3,ENSG00000172159,295557
5335,FRMD4A,ENSG00000151474,818437
5336,FRMD4B,ENSG00000114541,373802
5337,FRMD5,ENSG00000171877,324511
5338,FRMD6,ENSG00000139926,241628
5339,FRMD7,ENSG00000165694,51031
5340,FRMD8,ENSG00000126391,26905
5341,FRMD8P1,ENSG00000227942,1524
5342,FRMPD1,ENSG00000070601,95951
5343,FRMPD2,ENSG00000170324,121609
5344,FRMPD4,ENSG00000169933,902101
5345,FRRS1,ENSG00000156869,62666
5346,FRS2,ENSG00000166225,109445
5347,FRS3,ENSG00000137218,16367
5348,FRY,ENSG00000073910,452413
5349,FRYL,ENSG00000075539,282966
5350,FRZB,ENSG00000162998,33363
5351,FSCB,ENSG00000189139,3135
5352,FSCN1,ENSG00000075618,13840
5353,FSCN2,ENSG00000186765,8754
5354,FSCN3,ENSG00000106328,10736
5355,FSD1,ENSG00000105255,19246
5356,FSD1L,ENSG00000106701,104638
5357,FSD2,ENSG00000186628,50709
5358,FSHB,ENSG00000131808,4248
5359,FSHR,ENSG00000170820,192371
5360,FSIP1,ENSG00000150667,194485
5361,FSIP2,ENSG00000188738,94487
5362,FST,ENSG00000134363,6509
5363,FSTL1,ENSG00000163430,58724
5364,FSTL3,ENSG00000070404,7001
5365,FSTL4,ENSG00000053108,416087
5366,FSTL5,ENSG00000168843,780108
5367,FTCD,ENSG00000160282,19420
5368,FTH1,ENSG00000167996,7917
5369,FTH1P3,ENSG00000213453,584
5370,FTHL17,ENSG00000132446,809
5371,FTL,ENSG00000087086,2588
5372,FTLP10,ENSG00000250426,471
5373,FTLP10,ENSG00000293344,30179
5374,FTMT,ENSG00000181867,952
5375,FTO,ENSG00000140718,456821
5376,FTSJ1,ENSG00000068438,10344
5377,FTSJ3,ENSG00000108592,10580
5378,FTX,ENSG00000230590,353140
5379,FUBP1,ENSG00000162613,35056
5380,FUBP3,ENSG00000107164,59388
5381,FUCA1,ENSG00000179163,23214
5382,FUCA2,ENSG00000001036,16909
5383,FUNDC1,ENSG00000069509,19221
5384,FUNDC2,ENSG00000165775,34325
5385,FUNDC2P2,ENSG00000182814,493
5386,FURIN,ENSG00000140564,14977
5387,FUS,ENSG00000089280,16826
5388,FUT1,ENSG00000174951,7380
5389,FUT10,ENSG00000172728,102323
5390,FUT11,ENSG00000196968,7976
5391,FUT2,ENSG00000176920,9981
5392,FUT4,ENSG00000196371,5975
5393,FUT6,ENSG00000156413,9315
5394,FUT8,ENSG00000033170,333530
5395,FUT9,ENSG00000172461,199639
5396,FUZ,ENSG00000010361,10511
5397,FXN,ENSG00000165060,43326
5398,FXR1,ENSG00000114416,114613
5399,FXR2,ENSG00000129245,23668
5400,FXYD1,ENSG00000266964,4286
5401,FXYD3,ENSG00000089356,8502
5402,FXYD5,ENSG00000089327,17062
5403,FXYD7,ENSG00000221946,11053
5404,FYCO1,ENSG00000163820,77922
5405,FYN,ENSG00000010810,213121
5406,FYTTD1,ENSG00000122068,50418
5407,FZD1,ENSG00000157240,6894
5408,FZD10,ENSG00000111432,3282
5409,FZD2,ENSG00000180340,3779
5410,FZD3,ENSG00000104290,80063
5411,FZD4,ENSG00000174804,9717
5412,FZD5,ENSG00000163251,7309
5413,FZD6,ENSG00000164930,34434
5414,FZD7,ENSG00000155760,4587
5415,FZD8,ENSG00000177283,4050
5416,FZD9,ENSG00000188763,2343
5417,FZR1,ENSG00000105325,32024
5418,G0S2,ENSG00000123689,979
5419,G2E3,ENSG00000092140,60907
5420,G3BP1,ENSG00000145907,41867
5421,G3BP2,ENSG00000138757,82741
5422,G6PC2,ENSG00000152254,8710
5423,G6PC3,ENSG00000141349,11532
5424,G6PD,ENSG00000160211,29748
5425,GAA,ENSG00000171298,18349
5426,GAB1,ENSG00000109458,137690
5427,GAB2,ENSG00000033327,203056
5428,GAB3,ENSG00000160219,76335
5429,GAB4,ENSG00000215568,46287
5430,GABARAP,ENSG00000170296,2442
5431,GABARAPL1,ENSG00000139112,10671
5432,GABARAPL2,ENSG00000034713,11507
5433,GABBR1,ENSG00000204681,78348
5434,GABBR2,ENSG00000136928,420827
5435,GABPA,ENSG00000154727,37891
5436,GABPB1,ENSG00000104064,80020
5437,GABPB2,ENSG00000143458,54965
5438,GABRA1,ENSG00000022355,52919
5439,GABRA2,ENSG00000151834,231683
5440,GABRA3,ENSG00000011677,285082
5441,GABRA4,ENSG00000109158,74682
5442,GABRA5,ENSG00000186297,82298
5443,GABRA6,ENSG00000145863,155531
5444,GABRB1,ENSG00000163288,432725
5445,GABRB2,ENSG00000145864,260616
5446,GABRB3,ENSG00000166206,395988
5447,GABRD,ENSG00000187730,11430
5448,GABRE,ENSG00000102287,21557
5449,GABRG1,ENSG00000163285,88286
5450,GABRG2,ENSG00000113327,162921
5451,GABRG3,ENSG00000182256,570804
5452,GABRP,ENSG00000094755,50698
5453,GABRQ,ENSG00000268089,19648
5454,GABRR1,ENSG00000146276,53775
5455,GABRR2,ENSG00000111886,60836
5456,GAD1,ENSG00000128683,47939
5457,GAD2,ENSG00000136750,87894
5458,GADD45A,ENSG00000116717,3134
5459,GADD45B,ENSG00000099860,2684
5460,GADD45G,ENSG00000130222,1544
5461,GADD45GIP1,ENSG00000179271,4105
5462,GADL1,ENSG00000144644,168465
5463,GAGE1,ENSG00000205777,9519
5464,GAGE10,ENSG00000215274,16196
5465,GAK,ENSG00000178950,83098
5466,GAL,ENSG00000069482,7397
5467,GAL3ST1,ENSG00000128242,20031
5468,GAL3ST2,ENSG00000154252,27466
5469,GAL3ST3,ENSG00000175229,8397
5470,GAL3ST4,ENSG00000197093,9374
5471,GALC,ENSG00000054983,155846
5472,GALE,ENSG00000117308,5183
5473,GALK1,ENSG00000108479,13643
5474,GALK2,ENSG00000156958,212214
5475,GALM,ENSG00000143891,75157
5476,GALNS,ENSG00000141012,43237
5477,GALNT1,ENSG00000141429,130718
5478,GALNT10,ENSG00000164574,230255
5479,GALNT11,ENSG00000178234,96667
5480,GALNT12,ENSG00000119514,42412
5481,GALNT13,ENSG00000144278,582058
5482,GALNT14,ENSG00000158089,244736
5483,GALNT2,ENSG00000143641,224133
5484,GALNT3,ENSG00000115339,98614
5485,GALNT4,ENSG00000257594,5385
5486,GALNT5,ENSG00000136542,60787
5487,GALNT6,ENSG00000139629,41621
5488,GALNT7,ENSG00000109586,155157
5489,GALNT8,ENSG00000130035,131528
5490,GALNT9,ENSG00000182870,133218
5491,GALNTL5,ENSG00000106648,63551
5492,GALNTL6,ENSG00000174473,1229306
5493,GALP,ENSG00000197487,9768
5494,GALR1,ENSG00000166573,28053
5495,GALR2,ENSG00000182687,2757
5496,GALT,ENSG00000213930,12903
5497,GAMT,ENSG00000130005,4545
5498,GAN,ENSG00000261609,75941
5499,GANAB,ENSG00000089597,21901
5500,GANC,ENSG00000214013,80466
5501,GAP43,ENSG00000172020,97981
5502,GAPDH,ENSG00000111640,3863
5503,GAPDHS,ENSG00000105679,11865
5504,GAPT,ENSG00000175857,5656
5505,GAPVD1,ENSG00000165219,105414
5506,GAR1,ENSG00000109534,9231
5507,GARNL3,ENSG00000136895,169396
5508,GART,ENSG00000159131,39561
5509,GAS1,ENSG00000180447,3145
5510,GAS2,ENSG00000148935,187493
5511,GAS2L1,ENSG00000185340,6170
5512,GAS2L2,ENSG00000270765,8729
5513,GAS2L3,ENSG00000139354,54606
5514,GAS5,ENSG00000234741,17517
5515,GAS6,ENSG00000183087,43528
5516,GAS7,ENSG00000007237,288001
5517,GAS8,ENSG00000141013,25347
5518,GAST,ENSG00000184502,3639
5519,GATA1,ENSG00000102145,7772
5520,GATA2,ENSG00000179348,13775
5521,GATA3,ENSG00000107485,29821
5522,GATA4,ENSG00000136574,83044
5523,GATA5,ENSG00000130700,12499
5524,GATA6,ENSG00000141448,32940
5525,GATAD1,ENSG00000157259,12594
5526,GATAD2A,ENSG00000167491,123107
5527,GATAD2B,ENSG00000143614,134331
5528,GATC,ENSG00000257218,17306
5529,GATM,ENSG00000171766,41204
5530,GBA2,ENSG00000070610,12363
5531,GBA3,ENSG00000249948,126662
5532,GBE1,ENSG00000114480,271943
5533,GBF1,ENSG00000107862,137529
5534,GBP1,ENSG00000117228,13479
5535,GBP1P1,ENSG00000225492,15925
5536,GBP1P1,ENSG00000290525,19694
5537,GBP2,ENSG00000162645,44325
5538,GBP3,ENSG00000117226,16229
5539,GBP4,ENSG00000162654,17799
5540,GBP5,ENSG00000154451,16672
5541,GBP6,ENSG00000183347,24102
5542,GBP7,ENSG00000213512,44268
5543,GBX1,ENSG00000164900,26737
5544,GBX2,ENSG00000168505,3151
5545,GC,ENSG00000145321,62346
5546,GCA,ENSG00000115271,52756
5547,GCAT,ENSG00000100116,9272
5548,GCC1,ENSG00000179562,12984
5549,GCC2,ENSG00000135968,60309
5550,GCDH,ENSG00000105607,23999
5551,GCSAM,ENSG00000174500,12432
5552,GCFC2,ENSG00000005436,58986
5553,GCG,ENSG00000115263,9523
5554,GCGR,ENSG00000215644,9877
5555,GCH1,ENSG00000131979,60819
5556,GCHFR,ENSG00000137880,3641
5557,GCK,ENSG00000106633,54958
5558,GCKR,ENSG00000084734,26846
5559,GCLC,ENSG00000001084,119630
5560,GCLM,ENSG00000023909,24258
5561,GCM1,ENSG00000137270,21881
5562,GCM2,ENSG00000124827,8819
5563,GCNT1,ENSG00000187210,231354
5564,GCNT2,ENSG00000111846,137146
5565,GCNT3,ENSG00000140297,45365
5566,GCNT4,ENSG00000176928,27213
5567,GCNT7,ENSG00000124091,34434
5568,GCOM1,ENSG00000137878,122838
5569,GCSH,ENSG00000140905,14451
5570,GDA,ENSG00000119125,142599
5571,GDAP1,ENSG00000104381,197395
5572,GDAP1L1,ENSG00000124194,33849
5573,GDAP2,ENSG00000196505,66137
5574,GDE1,ENSG00000006007,20431
5575,GDF10,ENSG00000266524,13381
5576,GDF11,ENSG00000135414,14143
5577,GDF15,ENSG00000130513,14446
5578,GDF2,ENSG00000263761,5135
5579,GDF3,ENSG00000184344,5992
5580,GDF5,ENSG00000125965,21400
5581,GDF6,ENSG00000156466,18474
5582,GDF7,ENSG00000143869,12100
5583,GDF9,ENSG00000164404,5704
5584,GDI1,ENSG00000203879,6555
5585,GDI2,ENSG00000057608,76911
5586,GDNF,ENSG00000168621,27365
5587,GDPD1,ENSG00000153982,55504
5588,GDPD2,ENSG00000130055,10360
5589,GDPD3,ENSG00000102886,8728
5590,GDPD4,ENSG00000178795,85130
5591,GDPD5,ENSG00000158555,91302
5592,GEM,ENSG00000164949,13098
5593,GEMIN2,ENSG00000092208,22689
5594,GEMIN4,ENSG00000179409,9579
5595,GEMIN5,ENSG00000082516,50801
5596,GEMIN6,ENSG00000152147,33469
5597,GEMIN7,ENSG00000142252,12324
5598,GEMIN8,ENSG00000046647,27420
5599,GEMIN8P4,ENSG00000228175,729
5600,GEN1,ENSG00000178295,35089
5601,GET4,ENSG00000239857,19883
5602,GFAP,ENSG00000131095,13779
5603,GFER,ENSG00000127554,3557
5604,GFI1,ENSG00000162676,13883
5605,GFI1B,ENSG00000165702,47688
5606,GFM1,ENSG00000168827,51055
5607,GFM2,ENSG00000164347,45942
5608,GFOD1,ENSG00000145990,129833
5609,GFOD2,ENSG00000141098,44809
5610,GFPT2,ENSG00000131459,52639
5611,GFRA1,ENSG00000151892,219879
5612,GFRA2,ENSG00000168546,121960
5613,GFRA3,ENSG00000146013,22242
5614,GFRA4,ENSG00000125861,4152
5615,GFRAL,ENSG00000187871,75025
5616,GGA1,ENSG00000100083,25091
5617,GGA2,ENSG00000103365,59783
5618,GGA3,ENSG00000125447,25765
5619,GGCT,ENSG00000006625,8221
5620,GGCX,ENSG00000115486,16813
5621,GGH,ENSG00000137563,24527
5622,GGN,ENSG00000179168,3816
5623,GGNBP1,ENSG00000204188,5328
5624,GGNBP2,ENSG00000278311,44937
5625,GGPS1,ENSG00000152904,17183
5626,GGT1,ENSG00000100031,34195
5627,GGT5,ENSG00000099998,25455
5628,GGT6,ENSG00000167741,3892
5629,GGT7,ENSG00000131067,28137
5630,GGT8P,ENSG00000236969,5226
5631,GGTLC1,ENSG00000149435,3730
5632,GGTLC2,ENSG00000100121,3285
5633,GH1,ENSG00000259384,1640
5634,GH2,ENSG00000136487,1730
5635,GHDC,ENSG00000167925,5715
5636,GHITM,ENSG00000165678,15360
5637,GHR,ENSG00000112964,298440
5638,GHRH,ENSG00000118702,10734
5639,GHRHR,ENSG00000106128,54586
5640,GHRL,ENSG00000157017,7282
5641,GHSR,ENSG00000121853,5166
5642,GIGYF1,ENSG00000146830,14744
5643,GIGYF2,ENSG00000204120,163307
5644,GIMAP2,ENSG00000106560,7945
5645,GIMAP4,ENSG00000133574,6585
5646,GIMAP7,ENSG00000179144,6202
5647,GIMAP8,ENSG00000171115,28764
5648,GIN1,ENSG00000145723,34139
5649,GINS1,ENSG00000101003,61693
5650,GINS2,ENSG00000131153,13876
5651,GINS3,ENSG00000181938,111068
5652,GINS4,ENSG00000147536,15813
5653,GIP,ENSG00000159224,10043
5654,GIPC1,ENSG00000123159,18390
5655,GIPC2,ENSG00000137960,158903
5656,GIPC3,ENSG00000179855,8064
5657,GIPR,ENSG00000010310,15502
5658,GIT1,ENSG00000108262,20580
5659,GIT2,ENSG00000139436,66586
5660,GJA1,ENSG00000152661,14133
5661,GJA10,ENSG00000135355,27292
5662,GJA3,ENSG00000121743,22798
5663,GJA4,ENSG00000187513,2749
5664,GJA5,ENSG00000265107,17164
5665,GJA8,ENSG00000121634,6475
5666,GJA9,ENSG00000131233,7519
5667,GJB1,ENSG00000169562,12706
5668,GJB3,ENSG00000188910,5156
5669,GJB4,ENSG00000189433,2588
5670,GJB5,ENSG00000189280,3466
5671,GJB6,ENSG00000121742,10404
5672,GJB7,ENSG00000164411,46299
5673,GJC1,ENSG00000182963,32369
5674,GJC2,ENSG00000198835,9897
5675,GJC3,ENSG00000176402,6355
5676,GJD3,ENSG00000183153,4086
5677,GJD4,ENSG00000177291,3595
5678,GK,ENSG00000198814,78104
5679,GK2,ENSG00000196475,1868
5680,GK5,ENSG00000175066,68066
5681,GKAP1,ENSG00000165113,90092
5682,GKN1,ENSG00000169605,6408
5683,GKN2,ENSG00000183607,7662
5684,GLA,ENSG00000102393,14740
5685,GLB1,ENSG00000170266,100594
5686,GLB1L,ENSG00000163521,8881
5687,GLB1L2,ENSG00000149328,46354
5688,GLB1L3,ENSG00000166105,45320
5689,GLCCI1,ENSG00000106415,125477
5690,GLCE,ENSG00000138604,111634
5691,GLDC,ENSG00000178445,113263
5692,GLDN,ENSG00000186417,66351
5693,GLE1,ENSG00000119392,39220
5694,GLG1,ENSG00000090863,159718
5695,GLI1,ENSG00000111087,12484
5696,GLI2,ENSG00000074047,257031
5697,GLI3,ENSG00000106571,303152
5698,GLI4,ENSG00000250571,9499
5699,GLIPR1,ENSG00000139278,23111
5700,GLIPR1L1,ENSG00000173401,35891
5701,GLIPR1L2,ENSG00000180481,41600
5702,GLIPR2,ENSG00000122694,27378
5703,GLIS1,ENSG00000174332,232928
5704,GLIS2,ENSG00000126603,24837
5705,GLIS3,ENSG00000107249,524266
5706,GLMN,ENSG00000174842,52586
5707,GLO1,ENSG00000124767,27221
5708,GLOD4,ENSG00000167699,25198
5709,GLOD5,ENSG00000171433,11902
5710,GLP1R,ENSG00000112164,42523
5711,GLP2R,ENSG00000065325,69894
5712,GLRA1,ENSG00000145888,102339
5713,GLRA2,ENSG00000101958,202515
5714,GLRA3,ENSG00000145451,192328
5715,GLRA4,ENSG00000188828,20980
5716,GLRB,ENSG00000109738,95966
5717,GLRX2,ENSG00000023572,15249
5718,GLRX3,ENSG00000108010,48131
5719,GLRX5,ENSG00000182512,11222
5720,GLS,ENSG00000115419,84732
5721,GLS2,ENSG00000135423,17471
5722,GLT1D1,ENSG00000151948,131542
5723,GLT6D1,ENSG00000204007,15893
5724,GLT8D1,ENSG00000016864,11547
5725,GLT8D2,ENSG00000120820,75197
5726,GLTP,ENSG00000139433,29597
5727,GLTPD2,ENSG00000182327,1626
5728,GLUD1,ENSG00000148672,44642
5729,GLUD2,ENSG00000182890,2485
5730,GLUL,ENSG00000135821,14109
5731,GLYAT,ENSG00000149124,91549
5732,GLYATL1,ENSG00000166840,138130
5733,GLYATL2,ENSG00000156689,70151
5734,GLYATL3,ENSG00000203972,28156
5735,GLYCAM1,ENSG00000293392,2276
5736,GLYCAM1,ENSG00000257780,2133
5737,GLYCTK,ENSG00000168237,8169
5738,GLYR1,ENSG00000140632,44086
5739,GM2A,ENSG00000196743,58291
5740,GMCL1,ENSG00000087338,51725
5741,GMDS,ENSG00000112699,621800
5742,GMEB1,ENSG00000162419,50576
5743,GMEB2,ENSG00000101216,39500
5744,GMFB,ENSG00000197045,14542
5745,GMFG,ENSG00000130755,14020
5746,GMIP,ENSG00000089639,14182
5747,GML,ENSG00000104499,82260
5748,GMNC,ENSG00000205835,39693
5749,GMPPA,ENSG00000144591,15034
5750,GMPPB,ENSG00000173540,7130
5751,GMPR,ENSG00000137198,56963
5752,GMPR2,ENSG00000100938,6821
5753,GMPS,ENSG00000163655,73371
5754,GNA11,ENSG00000088256,29638
5755,GNA12,ENSG00000146535,148965
5756,GNA13,ENSG00000120063,47452
5757,GNA14,ENSG00000156049,225244
5758,GNA15,ENSG00000060558,27717
5759,GNAI1,ENSG00000127955,458154
5760,GNAI2,ENSG00000114353,33071
5761,GNAI3,ENSG00000065135,51581
5762,GNAL,ENSG00000141404,196422
5763,GNAO1,ENSG00000087258,167785
5764,GNAQ,ENSG00000156052,315715
5765,GNAS,ENSG00000087460,71475
5766,GNAT1,ENSG00000114349,6087
5767,GNAT2,ENSG00000134183,16839
5768,GNAT3,ENSG00000214415,53430
5769,GNAZ,ENSG00000128266,54514
5770,GNB1,ENSG00000078369,107008
5771,GNB1L,ENSG00000185838,71717
5772,GNB2,ENSG00000172354,5608
5773,GNB3,ENSG00000111664,7440
5774,GNB4,ENSG00000114450,55389
5775,GNB5,ENSG00000069966,76293
5776,GNE,ENSG00000159921,62602
5777,GNG11,ENSG00000127920,6876
5778,GNG12,ENSG00000172380,131993
5779,GNG13,ENSG00000127588,2694
5780,GNG3,ENSG00000162188,1526
5781,GNG4,ENSG00000168243,103070
5782,GNG5,ENSG00000174021,8259
5783,GNG7,ENSG00000176533,191476
5784,GNG8,ENSG00000167414,2589
5785,GNGT1,ENSG00000127928,319693
5786,GNGT2,ENSG00000167083,7784
5787,GNL1,ENSG00000204590,15109
5788,GNL2,ENSG00000134697,29122
5789,GNL3,ENSG00000163938,13342
5790,GNL3L,ENSG00000130119,91339
5791,GNLY,ENSG00000115523,13678
5792,GNMT,ENSG00000124713,3127
5793,GNPAT,ENSG00000116906,36767
5794,GNPDA1,ENSG00000113552,21293
5795,GNPDA2,ENSG00000163281,44389
5796,GNPNAT1,ENSG00000100522,16476
5797,GNPTAB,ENSG00000111670,85461
5798,GNPTG,ENSG00000090581,13807
5799,GNRH1,ENSG00000147437,5397
5800,GNRH2,ENSG00000125787,2126
5801,GNRHR,ENSG00000109163,17271
5802,GNRHR2,ENSG00000211451,5890
5803,GNRHR2,ENSG00000293505,6329
5804,GNS,ENSG00000135677,45987
5805,GOLGA1,ENSG00000136935,70218
5806,GOLGA2,ENSG00000167110,20198
5807,GOLGA2P5,ENSG00000238105,16539
5808,GOLGA3,ENSG00000090615,60242
5809,GOLGA4,ENSG00000144674,123689
5810,GOLGA5,ENSG00000066455,45643
5811,GOLGA6A,ENSG00000159289,12694
5812,GOLGA6B,ENSG00000215186,14903
5813,GOLGA6C,ENSG00000167195,15122
5814,GOLGA6D,ENSG00000140478,12696
5815,GOLGA6L1,ENSG00000273976,9757
5816,GOLGA6L10,ENSG00000278662,9483
5817,GOLGA6L6,ENSG00000277322,9945
5818,GOLGA6L9,ENSG00000197978,9338
5819,GOLGA7,ENSG00000147533,22896
5820,GOLGA7B,ENSG00000155265,21738
5821,GOLGA8B,ENSG00000215252,63409
5822,GOLGA8CP,ENSG00000181984,13322
5823,GOLGA8EP,ENSG00000185182,10269
5824,GOLGB1,ENSG00000173230,86768
5825,GOLIM4,ENSG00000173905,87236
5826,GOLM1,ENSG00000135052,74028
5827,GOLPH3,ENSG00000113384,49604
5828,GOLPH3L,ENSG00000143457,50925
5829,GOLT1A,ENSG00000174567,15826
5830,GOLT1B,ENSG00000111711,16628
5831,GON4L,ENSG00000116580,109742
5832,GORAB,ENSG00000120370,22016
5833,GORASP1,ENSG00000114745,13148
5834,GORASP2,ENSG00000115806,38667
5835,GOSR1,ENSG00000108587,50231
5836,GOSR2,ENSG00000108433,52450
5837,GOT1,ENSG00000120053,33755
5838,GOT1L1,ENSG00000169154,5844
5839,GOT2,ENSG00000125166,27212
5840,GP1BA,ENSG00000185245,2747
5841,GP2,ENSG00000169347,18235
5842,GP5,ENSG00000178732,4446
5843,GP6,ENSG00000088053,24560
5844,GP9,ENSG00000169704,1628
5845,GPA33,ENSG00000143167,113644
5846,GPAA1,ENSG00000197858,10813
5847,GPANK1,ENSG00000204438,5056
5848,GPAT2,ENSG00000186281,17506
5849,GPATCH1,ENSG00000076650,49644
5850,GPATCH2,ENSG00000092978,204099
5851,GPATCH3,ENSG00000198746,9980
5852,GPATCH4,ENSG00000160818,7196
5853,GPATCH8,ENSG00000186566,108150
5854,GPBAR1,ENSG00000179921,4366
5855,GPBP1,ENSG00000062194,90732
5856,GPBP1L1,ENSG00000159592,60810
5857,GPC1,ENSG00000063660,32414
5858,GPC2,ENSG00000213420,7776
5859,GPC3,ENSG00000147257,451356
5860,GPC4,ENSG00000076716,115387
5861,GPC5,ENSG00000179399,1475062
5862,GPC6,ENSG00000183098,1181214
5863,GPCPD1,ENSG00000125772,66603
5864,GPD1,ENSG00000167588,7332
5865,GPD1L,ENSG00000152642,63021
5866,GPD2,ENSG00000115159,178446
5867,GPHA2,ENSG00000149735,1423
5868,GPHB5,ENSG00000179600,6101
5869,GPHN,ENSG00000171723,674397
5870,GPI,ENSG00000105220,42934
5871,GPIHBP1,ENSG00000277494,3953
5872,GPKOW,ENSG00000068394,10329
5873,GPLD1,ENSG00000112293,70641
5874,GPM6A,ENSG00000150625,369731
5875,GPM6B,ENSG00000046653,167700
5876,GPN1,ENSG00000198522,23265
5877,GPN2,ENSG00000142751,14152
5878,GPN3,ENSG00000111231,16783
5879,GPNMB,ENSG00000136235,39142
5880,GPR101,ENSG00000165370,10067
5881,GPR107,ENSG00000148358,86744
5882,GPR108,ENSG00000125734,7667
5883,GPR119,ENSG00000147262,6226
5884,GPR12,ENSG00000132975,5587
5885,GPR132,ENSG00000183484,16051
5886,GPR135,ENSG00000181619,36359
5887,GPR137,ENSG00000173264,19433
5888,GPR137B,ENSG00000077585,79361
5889,GPR137C,ENSG00000180998,84878
5890,GPR139,ENSG00000180269,45652
5891,GPR141,ENSG00000187037,150023
5892,GPR142,ENSG00000257008,5143
5893,GPR143,ENSG00000101850,60952
5894,GPR146,ENSG00000164849,14716
5895,GPR148,ENSG00000173302,1267
5896,GPR149,ENSG00000174948,95248
5897,GPR15,ENSG00000154165,2704
5898,GPR150,ENSG00000178015,2056
5899,GPR151,ENSG00000173250,3047
5900,GPR152,ENSG00000175514,1429
5901,GPR153,ENSG00000158292,13746
5902,GPR155,ENSG00000163328,55524
5903,GPR156,ENSG00000175697,120578
5904,GPR157,ENSG00000180758,28798
5905,GPR158,ENSG00000151025,427428
5906,GPR160,ENSG00000173890,47398
5907,GPR161,ENSG00000143147,58126
5908,GPR162,ENSG00000250510,8349
5909,GPR17,ENSG00000144230,6776
5910,GPR171,ENSG00000174946,5385
5911,SLC52A2,ENSG00000185803,27330
5912,SLC52A1,ENSG00000132517,19410
5913,GPR173,ENSG00000184194,31827
5914,GPR174,ENSG00000147138,30631
5915,GPR176,ENSG00000166073,121929
5916,GPR179,ENSG00000277399,19386
5917,GPR18,ENSG00000125245,7013
5918,GPR180,ENSG00000152749,32805
5919,GPR182,ENSG00000166856,3956
5920,GPR183,ENSG00000169508,12861
5921,GPR19,ENSG00000183150,35318
5922,GPR20,ENSG00000204882,10817
5923,GPR21,ENSG00000188394,1999
5924,GPR22,ENSG00000172209,5667
5925,GPR25,ENSG00000170128,1198
5926,GPR26,ENSG00000154478,31045
5927,GPR27,ENSG00000170837,2642
5928,GPR31,ENSG00000120436,2734
5929,GPR32,ENSG00000142511,1269
5930,GPR34,ENSG00000171659,8303
5931,GPR35,ENSG00000178623,27730
5932,GPR37,ENSG00000170775,21908
5933,GPR37L1,ENSG00000170075,10707
5934,GPR39,ENSG00000183840,229778
5935,GPR45,ENSG00000135973,1725
5936,GPR50,ENSG00000102195,4882
5937,GPR52,ENSG00000203737,1582
5938,GPR55,ENSG00000135898,53749
5939,GPR6,ENSG00000146360,2465
5940,GPR61,ENSG00000156097,8535
5941,GPR62,ENSG00000180929,2119
5942,GPR63,ENSG00000112218,43353
5943,GPR65,ENSG00000140030,9677
5944,GPR68,ENSG00000119714,21394
5945,GPR75,ENSG00000119737,7056
5946,GPR78,ENSG00000155269,61037
5947,GPR82,ENSG00000171657,5950
5948,GPR83,ENSG00000123901,24104
5949,GPR84,ENSG00000139572,2043
5950,GPR85,ENSG00000164604,9448
5951,GPR87,ENSG00000138271,22735
5952,GPR88,ENSG00000181656,3883
5953,GPR89A,ENSG00000117262,62663
5954,GPRASP1,ENSG00000198932,7992
5955,GPRC5A,ENSG00000013588,27156
5956,GPRC5B,ENSG00000167191,29477
5957,GPRC5C,ENSG00000170412,26803
5958,GPRC5D,ENSG00000111291,11596
5959,GPRC6A,ENSG00000173612,36999
5960,GPRIN2,ENSG00000204175,14923
5961,GPRIN3,ENSG00000185477,71555
5962,GPS1,ENSG00000169727,6780
5963,GPS2,ENSG00000132522,4241
5964,GPSM1,ENSG00000160360,32130
5965,GPSM2,ENSG00000121957,59196
5966,GPSM3,ENSG00000213654,4758
5967,GPT,ENSG00000167701,4202
5968,GPT2,ENSG00000166123,46928
5969,GPX1,ENSG00000233276,1432
5970,GPX2,ENSG00000176153,3595
5971,GPX3,ENSG00000211445,8398
5972,GPX4,ENSG00000167468,2810
5973,GPX5,ENSG00000224586,9075
5974,GPX6,ENSG00000198704,24920
5975,GPX7,ENSG00000116157,6681
5976,GPX8,ENSG00000164294,7131
5977,GRAMD1A,ENSG00000089351,31688
5978,GRAMD1B,ENSG00000023171,269347
5979,GRAMD1C,ENSG00000178075,118993
5980,GRAMD4,ENSG00000075240,103779
5981,GRAP,ENSG00000154016,26356
5982,GRAP2,ENSG00000100351,72638
5983,GRAPL,ENSG00000189152,34740
5984,GRB10,ENSG00000106070,203400
5985,GRB14,ENSG00000115290,129066
5986,GRB2,ENSG00000177885,87634
5987,GRB7,ENSG00000141738,9365
5988,GREB1,ENSG00000196208,160448
5989,GREB1L,ENSG00000141449,283881
5990,GREM1,ENSG00000166923,27103
5991,GREM2,ENSG00000180875,122583
5992,GRHL1,ENSG00000134317,50585
5993,GRHL2,ENSG00000083307,177288
5994,GRHL3,ENSG00000158055,164925
5995,GRHPR,ENSG00000137106,14325
5996,GRIA1,ENSG00000155511,324255
5997,GRIA2,ENSG00000120251,182965
5998,GRIA3,ENSG00000125675,306763
5999,GRIA4,ENSG00000152578,372556
6000,GRID1,ENSG00000182771,767244
6001,GRID2,ENSG00000152208,1506192
6002,GRID2IP,ENSG00000215045,54684
6003,GRIK1,ENSG00000171189,403101
6004,GRIK2,ENSG00000164418,1118922
6005,GRIK3,ENSG00000163873,238989
6006,GRIK4,ENSG00000149403,477161
6007,GRIK5,ENSG00000105737,71886
6008,GRIN1,ENSG00000176884,30411
6009,GRIN2A,ENSG00000183454,429934
6010,GRIN2B,ENSG00000273079,544061
6011,GRIN2C,ENSG00000161509,19482
6012,GRIN2D,ENSG00000105464,51264
6013,GRIN3A,ENSG00000198785,169296
6014,GRIN3B,ENSG00000116032,9314
6015,GRINA,ENSG00000178719,3360
6016,GRIP1,ENSG00000155974,721732
6017,GRIP2,ENSG00000144596,66969
6018,GRIPAP1,ENSG00000068400,28546
6019,GRK1,ENSG00000185974,70518
6020,GRK4,ENSG00000125388,77190
6021,GRK5,ENSG00000198873,252175
6022,GRK6,ENSG00000198055,39698
6023,GRK7,ENSG00000114124,55945
6024,GRM1,ENSG00000152822,409956
6025,GRM2,ENSG00000164082,11546
6026,GRM3,ENSG00000198822,220971
6027,GRM4,ENSG00000124493,136980
6028,GRM5,ENSG00000168959,561407
6029,GRM6,ENSG00000113262,18620
6030,GRM7,ENSG00000196277,971533
6031,GRM8,ENSG00000179603,814496
6032,GRN,ENSG00000030582,7861
6033,GRP,ENSG00000134443,10617
6034,GRPEL1,ENSG00000109519,9415
6035,GRPEL2,ENSG00000164284,9154
6036,GRPR,ENSG00000126010,29954
6037,GRSF1,ENSG00000132463,24115
6038,GRTP1,ENSG00000139835,39986
6039,GRWD1,ENSG00000105447,11182
6040,GRXCR1,ENSG00000215203,137946
6041,GRXCR2,ENSG00000204928,78606
6042,GSC,ENSG00000133937,1891
6043,GSC2,ENSG00000063515,3300
6044,GSDMA,ENSG00000167914,24506
6045,GSDMB,ENSG00000073605,15260
6046,GSDMC,ENSG00000147697,38429
6047,GSDMD,ENSG00000104518,9856
6048,GSG1,ENSG00000111305,20152
6049,GSG1L,ENSG00000169181,276187
6050,GSK3A,ENSG00000105723,16401
6051,GSK3B,ENSG00000082701,273674
6052,GSN,ENSG00000148180,125050
6053,GSPT1,ENSG00000103342,47955
6054,GSPT2,ENSG00000189369,2791
6055,GSR,ENSG00000104687,49781
6056,GSS,ENSG00000100983,27596
6057,GSTA1,ENSG00000243955,12490
6058,GSTA2,ENSG00000244067,13389
6059,GSTA3,ENSG00000174156,13060
6060,GSTA4,ENSG00000170899,17357
6061,GSTA5,ENSG00000182793,9189
6062,GSTA7P,ENSG00000237674,5067
6063,GSTCD,ENSG00000138780,138948
6064,GSTK1,ENSG00000197448,26762
6065,GSTM1,ENSG00000134184,21226
6066,GSTM2P1,ENSG00000218803,654
6067,GSTM3,ENSG00000134202,7107
6068,GSTM4,ENSG00000168765,9398
6069,GSTM5,ENSG00000134201,63649
6070,GSTO1,ENSG00000148834,32104
6071,GSTO2,ENSG00000065621,36078
6072,GSTP1,ENSG00000084207,2915
6073,GSTT2,ENSG00000099984,3858
6074,GSTZ1,ENSG00000100577,10602
6075,GSX1,ENSG00000169840,2286
6076,GSX2,ENSG00000180613,2976
6077,GTDC1,ENSG00000121964,394501
6078,GTF2A1,ENSG00000165417,45926
6079,GTF2A2,ENSG00000140307,19480
6080,GTF2B,ENSG00000137947,39312
6081,GTF2E1,ENSG00000153767,40433
6082,GTF2E2,ENSG00000197265,79919
6083,GTF2F1,ENSG00000125651,14410
6084,GTF2F2,ENSG00000188342,164384
6085,GTF2H1,ENSG00000110768,44751
6086,GTF2H2,ENSG00000145736,32674
6087,GTF2H2C,ENSG00000183474,35031
6088,GTF2H3,ENSG00000111358,28866
6089,GTF2H4,ENSG00000213780,5900
6090,GTF2H5,ENSG00000272047,30995
6091,GTF2I,ENSG00000263001,110462
6092,GTF2IRD1,ENSG00000006704,148816
6093,GTF2IRD2B,ENSG00000174428,57245
6094,GTF2IRD2P1,ENSG00000214544,36849
6095,GTF3A,ENSG00000122034,11205
6096,GTF3C1,ENSG00000077235,90359
6097,GTF3C2,ENSG00000115207,31151
6098,GTF3C3,ENSG00000119041,36691
6099,GTF3C4,ENSG00000125484,24919
6100,GTF3C5,ENSG00000148308,27829
6101,GTF3C6,ENSG00000155115,9185
6102,GTPBP1,ENSG00000100226,32558
6103,GTPBP10,ENSG00000105793,56231
6104,GTPBP2,ENSG00000172432,23949
6105,GTPBP3,ENSG00000130299,7812
6106,GTPBP4,ENSG00000107937,31499
6107,GTPBP6,ENSG00000178605,15453
6108,GTPBP6,ENSG00000292358,15453
6109,GTPBP8,ENSG00000163607,24077
6110,GTSE1,ENSG00000075218,33941
6111,GTSF1,ENSG00000170627,17653
6112,GTSF1L,ENSG00000124196,839
6113,GUCA1A,ENSG00000048545,7975
6114,GUCA1B,ENSG00000112599,11673
6115,GUCA1C,ENSG00000138472,46088
6116,GUCA2A,ENSG00000197273,2056
6117,GUCA2B,ENSG00000044012,2411
6118,GUCY1A2,ENSG00000152402,344458
6119,GUCY2C,ENSG00000070019,83968
6120,GUCY2D,ENSG00000132518,17728
6121,GUCY2EP,ENSG00000204529,25761
6122,GUCY2F,ENSG00000101890,109181
6123,GUCY2GP,ENSG00000243316,48394
6124,GUF1,ENSG00000151806,22509
6125,GUK1,ENSG00000143774,9023
6126,GULP1,ENSG00000144366,304263
6127,GUSB,ENSG00000169919,21532
6128,GUSBP1,ENSG00000183666,42267
6129,GUSBP1,ENSG00000291102,437712
6130,GUSBP10,ENSG00000224723,2644
6131,GUSBP2,ENSG00000241549,10627
6132,GUSBP5,ENSG00000236296,578
6133,GUSBP5,ENSG00000251600,784598
6134,GXYLT1,ENSG00000151233,63030
6135,GXYLT2,ENSG00000172986,110093
6136,GYG1,ENSG00000163754,40368
6137,GYG2,ENSG00000056998,53997
6138,GYG2P1,ENSG00000206159,13527
6139,GYPA,ENSG00000170180,31449
6140,GYPC,ENSG00000136732,40535
6141,GYPE,ENSG00000197465,34700
6142,GYS1,ENSG00000104812,25181
6143,GYS2,ENSG00000111713,68741
6144,GZF1,ENSG00000125812,10881
6145,GZMA,ENSG00000145649,7607
6146,GZMB,ENSG00000100453,3314
6147,GZMH,ENSG00000100450,3220
6148,GZMK,ENSG00000113088,10315
6149,GZMM,ENSG00000197540,5891
6150,H19,ENSG00000130600,9388
6151,H6PD,ENSG00000049239,36564
6152,HAAO,ENSG00000162882,25505
6153,HABP2,ENSG00000148702,38766
6154,HABP4,ENSG00000130956,41168
6155,HACE1,ENSG00000085382,131826
6156,HACL1,ENSG00000131373,41154
6157,HADH,ENSG00000138796,45528
6158,HADHA,ENSG00000084754,54038
6159,HADHB,ENSG00000138029,47296
6160,HAGH,ENSG00000063854,31538
6161,HAGHL,ENSG00000103253,8590
6162,HAL,ENSG00000084110,23704
6163,HAMP,ENSG00000105697,4428
6164,HAND1,ENSG00000113196,3256
6165,HAND2,ENSG00000164107,5261
6166,HAO1,ENSG00000101323,57474
6167,HAO2,ENSG00000116882,25352
6168,HAP1,ENSG00000173805,16903
6169,HAPLN1,ENSG00000145681,83051
6170,HAPLN2,ENSG00000132702,6395
6171,HAPLN3,ENSG00000140511,18304
6172,HAPLN4,ENSG00000187664,8049
6173,HAR1A,ENSG00000225978,2217
6174,HAR1B,ENSG00000231133,11826
6175,HARBI1,ENSG00000180423,15049
6176,HARS2,ENSG00000112855,7876
6177,HAS1,ENSG00000105509,10880
6178,HAS2,ENSG00000170961,29325
6179,HAS3,ENSG00000103044,13067
6180,HAT1,ENSG00000128708,61239
6181,HAUS1,ENSG00000152240,23956
6182,HAUS2,ENSG00000137814,21167
6183,HAUS3,ENSG00000214367,14670
6184,HAUS4,ENSG00000092036,10934
6185,HAUS5,ENSG00000249115,12621
6186,HAUS6,ENSG00000147874,49764
6187,HAUS7,ENSG00000213397,47849
6188,HAUS8,ENSG00000131351,25897
6189,HAVCR1,ENSG00000113249,42655
6190,HAVCR2,ENSG00000135077,57448
6191,HAX1,ENSG00000143575,3521
6192,HBA2,ENSG00000188536,835
6193,HBB,ENSG00000244734,3932
6194,HBD,ENSG00000223609,10980
6195,HBE1,ENSG00000213931,237308
6196,HBEGF,ENSG00000113070,13761
6197,HBG1,ENSG00000213934,1589
6198,HBM,ENSG00000206177,12873
6199,HBQ1,ENSG00000086506,721
6200,HBS1L,ENSG00000112339,142679
6201,LAMTOR5,ENSG00000134248,6694
6202,HBZ,ENSG00000130656,11776
6203,HCAR1,ENSG00000196917,4769
6204,HCAR2,ENSG00000182782,2065
6205,HCAR3,ENSG00000255398,2056
6206,HCCS,ENSG00000004961,11786
6207,HCFC1,ENSG00000172534,24262
6208,HCFC1R1,ENSG00000103145,1662
6209,HCFC2,ENSG00000111727,41994
6210,HCG22,ENSG00000228789,11919
6211,HCG27,ENSG00000206344,13982
6212,HCG4,ENSG00000176998,998
6213,HCG4B,ENSG00000227262,991
6214,HCK,ENSG00000101336,49660
6215,HCLS1,ENSG00000180353,29529
6216,HCN1,ENSG00000164588,441551
6217,HCN2,ENSG00000099822,27279
6218,HCN3,ENSG00000143630,12386
6219,HCN4,ENSG00000138622,49100
6220,HCRT,ENSG00000161610,1393
6221,HCRTR1,ENSG00000121764,14833
6222,HCRTR2,ENSG00000137252,176158
6223,HCST,ENSG00000126264,1849
6224,HDAC1,ENSG00000116478,41553
6225,HDAC10,ENSG00000100429,6223
6226,HDAC11,ENSG00000163517,26701
6227,HDAC2,ENSG00000196591,78281
6228,HDAC3,ENSG00000171720,15974
6229,HDAC4,ENSG00000068024,353487
6230,HDAC5,ENSG00000108840,46957
6231,HDAC6,ENSG00000094631,23606
6232,HDAC7,ENSG00000061273,50411
6233,HDAC8,ENSG00000147099,243586
6234,HDAC9,ENSG00000048052,915468
6235,HDC,ENSG00000140287,24019
6236,HDDC2,ENSG00000111906,82117
6237,HDDC3,ENSG00000184508,5229
6238,HDGF,ENSG00000143321,24817
6239,HDGFL1,ENSG00000112273,2101
6240,HDHD2,ENSG00000167220,43093
6241,HDHD3,ENSG00000119431,3568
6242,HDLBP,ENSG00000115677,89798
6243,HDX,ENSG00000165259,184606
6244,HEATR1,ENSG00000119285,55512
6245,HEATR3,ENSG00000155393,41306
6246,HEATR4,ENSG00000187105,80464
6247,HEATR5A,ENSG00000129493,128763
6248,HEATR5B,ENSG00000008869,115990
6249,HEATR6,ENSG00000068097,37915
6250,HEBP1,ENSG00000013583,25396
6251,HEBP2,ENSG00000051620,18667
6252,HECA,ENSG00000112406,45723
6253,HECTD1,ENSG00000092148,107688
6254,HECTD2,ENSG00000165338,105550
6255,HECTD3,ENSG00000126107,8785
6256,HECW1,ENSG00000002746,453373
6257,HECW2,ENSG00000138411,404586
6258,HEG1,ENSG00000173706,90288
6259,HELB,ENSG00000127311,41151
6260,HELLS,ENSG00000119969,68577
6261,HELQ,ENSG00000163312,48513
6262,HELT,ENSG00000187821,2464
6263,HELZ,ENSG00000198265,175546
6264,HEMGN,ENSG00000136929,18066
6265,HEMK1,ENSG00000114735,27017
6266,HENMT1,ENSG00000162639,13237
6267,HEPACAM,ENSG00000165478,17208
6268,HEPACAM2,ENSG00000188175,37936
6269,HEPH,ENSG00000089472,106197
6270,HEPHL1,ENSG00000181333,92855
6271,HERC1,ENSG00000103657,225331
6272,HERC2,ENSG00000128731,211140
6273,HERC2P4,ENSG00000230267,34960
6274,HERC2P7,ENSG00000281909,4402
6275,HERC3,ENSG00000287542,184641
6276,HERC3,ENSG00000138641,116106
6277,HERC4,ENSG00000148634,153403
6278,HERC5,ENSG00000138646,49045
6279,HERC6,ENSG00000138642,64359
6280,HERPUD1,ENSG00000051108,12723
6281,HERPUD2,ENSG00000122557,64801
6282,HES1,ENSG00000114315,2585
6283,HES2,ENSG00000069812,12253
6284,HES3,ENSG00000173673,1400
6285,HES4,ENSG00000188290,1211
6286,HES5,ENSG00000197921,1519
6287,HES6,ENSG00000144485,2396
6288,HES7,ENSG00000179111,3515
6289,HESX1,ENSG00000163666,29769
6290,HEXA,ENSG00000213614,35497
6291,HEXB,ENSG00000049860,82625
6292,HEXIM1,ENSG00000186834,3625
6293,HEXIM2,ENSG00000168517,9341
6294,HEY1,ENSG00000164683,5487
6295,HEY2,ENSG00000135547,13606
6296,HEYL,ENSG00000163909,16209
6297,HFE,ENSG00000010704,11118
6298,HFM1,ENSG00000162669,144091
6299,HGD,ENSG00000113924,54098
6300,HGF,ENSG00000019991,71429
6301,HGFAC,ENSG00000109758,7519
6302,HGS,ENSG00000185359,19813
6303,HGSNAT,ENSG00000165102,62392
6304,HHAT,ENSG00000054392,348045
6305,HHATL,ENSG00000010282,10162
6306,HHEX,ENSG00000152804,5693
6307,HHIP,ENSG00000164161,99116
6308,HHIPL1,ENSG00000182218,35441
6309,HHIPL2,ENSG00000143512,25847
6310,HHLA1,ENSG00000132297,49680
6311,HHLA2,ENSG00000114455,81757
6312,HIBADH,ENSG00000106049,137442
6313,HIBCH,ENSG00000198130,154459
6314,HIC1,ENSG00000177374,9088
6315,HIC2,ENSG00000169635,34093
6316,HIF1A,ENSG00000100644,52747
6317,HIF1AN,ENSG00000166135,30927
6318,HIF3A,ENSG00000124440,46392
6319,HIGD1A,ENSG00000181061,21583
6320,HIGD1B,ENSG00000131097,4124
6321,HIGD1C,ENSG00000214511,18070
6322,HIGD2A,ENSG00000146066,1011
6323,HIGD2B,ENSG00000175202,10385
6324,HILPDA,ENSG00000135245,2570
6325,HINFP,ENSG00000172273,14480
6326,HINT1,ENSG00000169567,69086
6327,HINT2,ENSG00000137133,2395
6328,HINT3,ENSG00000111911,23475
6329,HIP1,ENSG00000127946,205665
6330,HIP1R,ENSG00000130787,28509
6331,HIPK1,ENSG00000163349,48546
6332,HIPK2,ENSG00000064393,216429
6333,HIPK3,ENSG00000110422,100352
6334,HIPK4,ENSG00000160396,10911
6335,HIRA,ENSG00000100084,116753
6336,HIRIP3,ENSG00000149929,3745
6337,HIVEP1,ENSG00000095951,156238
6338,HIVEP2,ENSG00000010818,205230
6339,HIVEP3,ENSG00000127124,529561
6340,HJURP,ENSG00000123485,21151
6341,HK1,ENSG00000156515,131901
6342,HK2,ENSG00000159399,59233
6343,HK3,ENSG00000160883,18478
6344,HKDC1,ENSG00000156510,47221
6345,HLA-A,ENSG00000206503,8313
6346,HLA-C,ENSG00000204525,3382
6347,HLA-DMA,ENSG00000204257,20482
6348,HLA-DMB,ENSG00000242574,6400
6349,HLA-DOA,ENSG00000204252,5410
6350,HLA-DPA1,ENSG00000231389,16207
6351,HLA-DPB1,ENSG00000223865,13761
6352,HLA-DQA1,ENSG00000196735,18884
6353,HLA-DQA2,ENSG00000237541,5808
6354,HLA-DQB2,ENSG00000232629,7435
6355,HLA-DRA,ENSG00000204287,5169
6356,HLA-DRB6,ENSG00000229391,5141
6357,HLA-DRB6,ENSG00000290878,8168
6358,HLA-E,ENSG00000204592,4686
6359,HLA-F,ENSG00000204642,15754
6360,HLA-G,ENSG00000204632,4159
6361,HLA-L,ENSG00000243753,2079
6362,HLA-L,ENSG00000291097,33469
6363,HLCS,ENSG00000159267,241611
6364,HLF,ENSG00000108924,60228
6365,HLTF,ENSG00000071794,56428
6366,HLX,ENSG00000136630,5629
6367,HM13,ENSG00000101294,63496
6368,HMBOX1,ENSG00000147421,174370
6369,HMBS,ENSG00000256269,8969
6370,HMCN1,ENSG00000143341,456559
6371,HMG20A,ENSG00000140382,65196
6372,HMG20B,ENSG00000064961,6312
6373,HMGA1,ENSG00000137309,9359
6374,HMGA2,ENSG00000149948,141832
6375,HMGB1,ENSG00000189403,160894
6376,HMGB2,ENSG00000164104,3057
6377,HMGB3,ENSG00000029993,10263
6378,HMGB3P1,ENSG00000225336,888
6379,HMGB4,ENSG00000176256,4317
6380,HMGCL,ENSG00000117305,36736
6381,HMGCLL1,ENSG00000146151,144825
6382,HMGCR,ENSG00000113161,27673
6383,HMGCS1,ENSG00000112972,26043
6384,HMGCS2,ENSG00000134240,20904
6385,HMGN1,ENSG00000205581,7333
6386,HMGN2,ENSG00000198830,5770
6387,HMGN2P46,ENSG00000179362,490
6388,HMGN3,ENSG00000118418,33445
6389,HMGN4,ENSG00000182952,8568
6390,HMGN5,ENSG00000198157,88215
6391,HMGXB3,ENSG00000113716,53097
6392,HMGXB4,ENSG00000100281,38356
6393,HMHB1,ENSG00000158497,8556
6394,HMMR,ENSG00000072571,31739
6395,HMOX1,ENSG00000100292,13854
6396,HMOX2,ENSG00000103415,35658
6397,HMSD,ENSG00000221887,32474
6398,HMX2,ENSG00000188816,2537
6399,HMX3,ENSG00000188620,3454
6400,HNF1A,ENSG00000135100,23970
6401,HNF1B,ENSG00000275410,58629
6402,HNF4A,ENSG00000101076,77147
6403,HNF4G,ENSG00000164749,158921
6404,HNMT,ENSG00000150540,52345
6405,HNRNPA0,ENSG00000177733,8713
6406,HNRNPA1,ENSG00000135486,6896
6407,HNRNPA1L2,ENSG00000139675,1343
6408,HNRNPA2B1,ENSG00000122566,30379
6409,HNRNPA3,ENSG00000170144,13413
6410,HNRNPA3P1,ENSG00000226790,1139
6411,HNRNPAB,ENSG00000197451,6631
6412,HNRNPC,ENSG00000092199,60359
6413,HNRNPD,ENSG00000138668,22006
6414,HNRNPF,ENSG00000169813,23570
6415,HNRNPH1,ENSG00000169045,20607
6416,HNRNPH2,ENSG00000126945,5912
6417,HNRNPH3,ENSG00000096746,12020
6418,HNRNPK,ENSG00000165119,12549
6419,HNRNPKP3,ENSG00000293312,195019
6420,HNRNPL,ENSG00000104824,15978
6421,HNRNPM,ENSG00000099783,44348
6422,HNRNPR,ENSG00000125944,40566
6423,HNRNPU,ENSG00000153187,23923
6424,HNRNPUL1,ENSG00000105323,45292
6425,HNRNPUL2,ENSG00000214753,14828
6426,HOMER1,ENSG00000152413,141499
6427,HOMER2,ENSG00000103942,149208
6428,HOMER3,ENSG00000051128,12061
6429,HOOK1,ENSG00000134709,61537
6430,HOOK2,ENSG00000095066,109738
6431,HOOK3,ENSG00000168172,133590
6432,HOPX,ENSG00000171476,33889
6433,HORMAD1,ENSG00000143452,22836
6434,HORMAD2,ENSG00000176635,96612
6435,HOTAIR,ENSG00000228630,12748
6436,HOXA1,ENSG00000105991,3008
6437,HOXA10,ENSG00000253293,9657
6438,HOXA11,ENSG00000005073,4076
6439,HOXA13,ENSG00000106031,6589
6440,HOXA2,ENSG00000105996,2333
6441,HOXA3,ENSG00000105997,46400
6442,HOXA4,ENSG00000197576,2274
6443,HOXA5,ENSG00000106004,2630
6444,HOXA6,ENSG00000106006,5208
6445,HOXA7,ENSG00000122592,4221
6446,HOXA9,ENSG00000078399,12743
6447,HOXB1,ENSG00000120094,2486
6448,HOXB13,ENSG00000159184,3988
6449,HOXB2,ENSG00000173917,4216
6450,HOXB3,ENSG00000120093,56043
6451,HOXB4,ENSG00000182742,2844
6452,HOXB5,ENSG00000120075,2523
6453,HOXB6,ENSG00000108511,9242
6454,HOXB7,ENSG00000260027,26341
6455,HOXB8,ENSG00000120068,3916
6456,HOXB9,ENSG00000170689,5203
6457,HOXC10,ENSG00000180818,5215
6458,HOXC11,ENSG00000123388,4518
6459,HOXC12,ENSG00000123407,4054
6460,HOXC13,ENSG00000123364,7714
6461,HOXC5,ENSG00000172789,2312
6462,HOXC6,ENSG00000197757,40200
6463,HOXC8,ENSG00000037965,3785
6464,HOXC9,ENSG00000180806,8443
6465,HOXD1,ENSG00000128645,2240
6466,HOXD10,ENSG00000128710,11148
6467,HOXD11,ENSG00000128713,5539
6468,HOXD12,ENSG00000170178,2695
6469,HOXD13,ENSG00000128714,3224
6470,HOXD3,ENSG00000128652,36491
6471,HOXD4,ENSG00000170166,1677
6472,HOXD8,ENSG00000175879,3002
6473,HOXD9,ENSG00000128709,2219
6474,HP,ENSG00000257017,6551
6475,HP1BP3,ENSG00000127483,47058
6476,HPCA,ENSG00000121905,12448
6477,HPCAL1,ENSG00000115756,124729
6478,HPCAL4,ENSG00000116983,12838
6479,HPD,ENSG00000158104,24070
6480,HPDL,ENSG00000186603,1816
6481,HPGD,ENSG00000164120,32980
6482,HPGDS,ENSG00000163106,44342
6483,HPN,ENSG00000105707,26068
6484,HPR,ENSG00000261701,14099
6485,HPRT1,ENSG00000165704,60349
6486,HPS1,ENSG00000107521,36025
6487,HPS3,ENSG00000163755,44095
6488,HPS4,ENSG00000100099,40825
6489,HPS5,ENSG00000110756,43531
6490,HPS6,ENSG00000166189,2688
6491,HPSE,ENSG00000173083,42693
6492,HPSE2,ENSG00000172987,778786
6493,HPX,ENSG00000110169,11569
6494,HPYR1,ENSG00000253521,57285
6495,HR,ENSG00000168453,18966
6496,HRAS,ENSG00000174775,5080
6497,HRC,ENSG00000130528,4199
6498,HRCT1,ENSG00000196196,935
6499,HRG,ENSG00000113905,18019
6500,HRH2,ENSG00000113749,52727
6501,HRH3,ENSG00000101180,5319
6502,HRH4,ENSG00000134489,19325
6503,HRK,ENSG00000135116,25298
6504,HRNR,ENSG00000197915,12118
6505,HS1BP3,ENSG00000118960,90683
6506,HS2ST1,ENSG00000153936,195348
6507,HS3ST1,ENSG00000002587,36415
6508,HS3ST2,ENSG00000122254,102177
6509,HS3ST3A1,ENSG00000153976,107898
6510,HS3ST3B1,ENSG00000125430,48324
6511,HS3ST4,ENSG00000182601,445727
6512,HS3ST5,ENSG00000249853,287428
6513,HS3ST6,ENSG00000162040,6941
6514,HS6ST1,ENSG00000136720,82153
6515,HS6ST2,ENSG00000171004,335381
6516,HS6ST3,ENSG00000185352,749456
6517,HSBP1,ENSG00000230989,100427
6518,HSBP1L1,ENSG00000226742,6241
6519,HSCB,ENSG00000100209,15477
6520,HSD11B1,ENSG00000117594,48772
6521,HSD11B1L,ENSG00000167733,7920
6522,HSD11B2,ENSG00000176387,6902
6523,HSD17B1,ENSG00000108786,2293
6524,HSD17B10,ENSG00000072506,3113
6525,HSD17B11,ENSG00000198189,54674
6526,HSD17B12,ENSG00000149084,175938
6527,HSD17B13,ENSG00000170509,19098
6528,HSD17B14,ENSG00000087076,23493
6529,HSD17B2,ENSG00000086696,63531
6530,HSD17B3,ENSG00000130948,66871
6531,HSD17B4,ENSG00000133835,184735
6532,HSD17B6,ENSG00000025423,35630
6533,HSD17B7,ENSG00000132196,22122
6534,HSD17B8,ENSG00000204228,2177
6535,HSD3B1,ENSG00000203857,7857
6536,HSD3B2,ENSG00000203859,8105
6537,HSD3B7,ENSG00000099377,3941
6538,HSD3BP4,ENSG00000203855,8002
6539,HSDL1,ENSG00000103160,23052
6540,HSDL2,ENSG00000119471,92326
6541,HSF1,ENSG00000185122,23130
6542,HSF2,ENSG00000025156,33569
6543,HSF2BP,ENSG00000160207,130303
6544,HSF4,ENSG00000102878,5265
6545,HSF5,ENSG00000176160,68242
6546,HSFY1P1,ENSG00000229027,1659
6547,HSFY1P1,ENSG00000290408,1934
6548,HSFY2,ENSG00000169953,42296
6549,HSH2D,ENSG00000196684,24548
6550,HSP90AA1,ENSG00000080824,58958
6551,HSP90AA4P,ENSG00000205100,2228
6552,HSP90AA6P,ENSG00000181359,735
6553,HSP90AB1,ENSG00000096384,7723
6554,HSP90AB2P,ENSG00000205940,2176
6555,HSP90AB3P,ENSG00000183199,2173
6556,HSP90AB4P,ENSG00000282100,2020
6557,HSP90B1,ENSG00000166598,23825
6558,HSP90B3P,ENSG00000203914,1567
6559,HSPA12A,ENSG00000165868,179060
6560,HSPA12B,ENSG00000132622,20427
6561,HSPA13,ENSG00000155304,12370
6562,HSPA14,ENSG00000187522,33436
6563,HSPA1A,ENSG00000204389,2404
6564,HSPA1B,ENSG00000204388,2517
6565,HSPA1L,ENSG00000204390,5665
6566,HSPA2,ENSG00000126803,10269
6567,HSPA4,ENSG00000170606,54437
6568,HSPA4L,ENSG00000164070,58913
6569,HSPA5,ENSG00000044574,6530
6570,HSPA6,ENSG00000173110,2355
6571,HSPA7,ENSG00000225217,1927
6572,HSPA8,ENSG00000109971,5742
6573,HSPA9,ENSG00000113013,21920
6574,HSPB1,ENSG00000106211,3141
6575,HSPB2,ENSG00000170276,1360
6576,HSPB3,ENSG00000169271,679
6577,HSPB6,ENSG00000004776,3514
6578,HSPB7,ENSG00000173641,5567
6579,HSPB9,ENSG00000260325,549
6580,HSPBAP1,ENSG00000169087,53833
6581,HSPBP1,ENSG00000133265,18159
6582,LINC00652,ENSG00000179935,8520
6583,HSPD1,ENSG00000144381,30154
6584,HSPG2,ENSG00000142798,115067
6585,HSPH1,ENSG00000120694,27416
6586,HTATIP2,ENSG00000109854,20098
6587,HTATSF1,ENSG00000102241,15268
6588,HTN3,ENSG00000205649,8084
6589,HTR1A,ENSG00000178394,4634
6590,HTR1B,ENSG00000135312,2568
6591,HTR1D,ENSG00000179546,25608
6592,HTR1E,ENSG00000168830,79152
6593,HTR1F,ENSG00000179097,201134
6594,HTR2A,ENSG00000102468,65531
6595,HTR2B,ENSG00000135914,16813
6596,HTR2C,ENSG00000147246,325984
6597,HTR3A,ENSG00000166736,15239
6598,HTR3B,ENSG00000149305,44284
6599,HTR3C,ENSG00000178084,7627
6600,HTR3D,ENSG00000186090,7826
6601,HTR3E,ENSG00000186038,9932
6602,HTR4,ENSG00000164270,231194
6603,HTR5A,ENSG00000157219,17069
6604,HTR6,ENSG00000158748,16092
6605,HTR7,ENSG00000148680,117217
6606,HTR7P1,ENSG00000183935,1336
6607,HTR7P1,ENSG00000293237,4411
6608,HTRA1,ENSG00000166033,56357
6609,HTRA2,ENSG00000115317,3755
6610,HTRA3,ENSG00000170801,37345
6611,HTRA4,ENSG00000169495,14436
6612,HTT,ENSG00000197386,202595
6613,HUNK,ENSG00000142149,171614
6614,HUS1,ENSG00000136273,17734
6615,HUS1B,ENSG00000188996,1162
6616,HUWE1,ENSG00000086758,154657
6617,HVCN1,ENSG00000122986,77110
6618,HYAL1,ENSG00000114378,12492
6619,HYAL2,ENSG00000068001,4993
6620,HYAL3,ENSG00000186792,6575
6621,HYAL4,ENSG00000106302,48499
6622,HYI,ENSG00000178922,3001
6623,HYLS1,ENSG00000198331,17033
6624,HYOU1,ENSG00000149428,13040
6625,IAH1,ENSG00000134330,22886
6626,IAPP,ENSG00000121351,25022
6627,IARS2,ENSG00000067704,53910
6628,IBA57,ENSG00000181873,16454
6629,IBSP,ENSG00000029559,12882
6630,IBTK,ENSG00000005700,77769
6631,ICA1,ENSG00000003147,149504
6632,ICA1L,ENSG00000163596,98617
6633,ICAM1,ENSG00000090339,15523
6634,ICAM2,ENSG00000108622,18041
6635,ICAM3,ENSG00000076662,5886
6636,ICAM4,ENSG00000105371,1568
6637,ICAM5,ENSG00000105376,6827
6638,ICMT,ENSG00000116237,14780
6639,ICOS,ENSG00000163600,24815
6640,ICOSLG,ENSG00000160223,26065
6641,ID1,ENSG00000125968,33502
6642,ID2,ENSG00000115738,5617
6643,ID3,ENSG00000117318,1576
6644,ID4,ENSG00000172201,4828
6645,IDE,ENSG00000119912,122413
6646,IDH1,ENSG00000138413,29846
6647,IDH2,ENSG00000182054,19433
6648,IDH3A,ENSG00000166411,40448
6649,IDH3B,ENSG00000101365,5827
6650,IDH3G,ENSG00000067829,8747
6651,IDI1,ENSG00000067064,9968
6652,IDI2,ENSG00000148377,6950
6653,IDO1,ENSG00000131203,26516
6654,IDO2,ENSG00000188676,81779
6655,IDS,ENSG00000010404,44109
6656,IDUA,ENSG00000127415,17568
6657,IER2,ENSG00000160888,6571
6658,IER3,ENSG00000137331,1350
6659,IER3IP1,ENSG00000134049,23531
6660,IER5,ENSG00000162783,4201
6661,IER5L,ENSG00000188483,2710
6662,IFFO1,ENSG00000010295,17113
6663,IFFO2,ENSG00000169991,52397
6664,IFI16,ENSG00000163565,55188
6665,IFI27L1,ENSG00000165948,22546
6666,IFI27L2,ENSG00000119632,2475
6667,IFI30,ENSG00000216490,4956
6668,IFI35,ENSG00000068079,7717
6669,IFI44,ENSG00000137965,14283
6670,IFI44L,ENSG00000137959,26244
6671,IFI6,ENSG00000126709,6149
6672,IFIH1,ENSG00000115267,51611
6673,IFIT1,ENSG00000185745,13942
6674,IFIT1B,ENSG00000204010,7150
6675,IFIT2,ENSG00000119922,25578
6676,IFIT3,ENSG00000119917,50167
6677,IFIT5,ENSG00000152778,7038
6678,IFITM1,ENSG00000185885,5232
6679,IFITM10,ENSG00000244242,18190
6680,IFITM2,ENSG00000185201,5743
6681,IFITM3,ENSG00000142089,9800
6682,IFITM4P,ENSG00000235821,420
6683,IFITM5,ENSG00000206013,1327
6684,IFNA1,ENSG00000197919,878
6685,IFNA10,ENSG00000186803,963
6686,IFNA13,ENSG00000233816,686
6687,IFNA14,ENSG00000228083,1004
6688,IFNA16,ENSG00000147885,939
6689,IFNA17,ENSG00000234829,980
6690,IFNA2,ENSG00000188379,1144
6691,IFNA21,ENSG00000137080,1024
6692,IFNA22P,ENSG00000224416,570
6693,IFNA4,ENSG00000236637,970
6694,IFNA5,ENSG00000147873,988
6695,IFNA6,ENSG00000120235,704
6696,IFNA7,ENSG00000214042,737
6697,IFNA8,ENSG00000120242,1069
6698,IFNAR1,ENSG00000142166,35478
6699,IFNAR2,ENSG00000159110,60394
6700,IFNB1,ENSG00000171855,839
6701,IFNE,ENSG00000184995,1475
6702,IFNG,ENSG00000111537,4973
6703,IFNGR1,ENSG00000027697,21967
6704,IFNGR2,ENSG00000159128,75936
6705,IFNK,ENSG00000147896,2209
6706,IFNW1,ENSG00000177047,1201
6707,IFRD1,ENSG00000006652,58131
6708,IFRD2,ENSG00000214706,5187
6709,IFT122,ENSG00000163913,90904
6710,IFT140,ENSG00000187535,101646
6711,IFT172,ENSG00000138002,45429
6712,IFT20,ENSG00000109083,7165
6713,IFT27,ENSG00000100360,18055
6714,IFT43,ENSG00000119650,182450
6715,IFT46,ENSG00000118096,28443
6716,IFT52,ENSG00000101052,56363
6717,IFT57,ENSG00000114446,61624
6718,IFT74,ENSG00000096872,119096
6719,IFT80,ENSG00000068885,142895
6720,IFT81,ENSG00000122970,94459
6721,IFT88,ENSG00000032742,124307
6722,IGBP1,ENSG00000089289,32878
6723,IGBP1P1,ENSG00000226677,1009
6724,IGDCC3,ENSG00000174498,50876
6725,IGDCC4,ENSG00000103742,41464
6726,IGF1,ENSG00000017427,85871
6727,IGF1R,ENSG00000140443,315992
6728,IGF2,ENSG00000167244,29280
6729,IGF2BP1,ENSG00000159217,58761
6730,IGF2BP2,ENSG00000073792,181913
6731,IGF2BP3,ENSG00000136231,160283
6732,IGF2R,ENSG00000197081,144426
6733,IGFBP1,ENSG00000146678,5301
6734,IGFBP2,ENSG00000115457,31609
6735,IGFBP3,ENSG00000146674,9630
6736,IGFBP4,ENSG00000141753,14276
6737,IGFBP5,ENSG00000115461,23445
6738,IGFBP6,ENSG00000167779,4910
6739,IGFBP7,ENSG00000163453,79613
6740,IGFBPL1,ENSG00000137142,17927
6741,IGFL1,ENSG00000188293,1502
6742,IGFL2,ENSG00000204866,18193
6743,IGFL3,ENSG00000188624,4622
6744,IGFL4,ENSG00000204869,37937
6745,IGFLR1,ENSG00000126246,3653
6746,IGFN1,ENSG00000163395,38129
6747,IGHMBP2,ENSG00000132740,36740
6748,IGIP,ENSG00000182700,3456
6749,IGLL5,ENSG00000254709,8332
6750,IGLON5,ENSG00000142549,19248
6751,IGSF1,ENSG00000147255,305394
6752,IGSF10,ENSG00000152580,35678
6753,IGSF11,ENSG00000144847,245512
6754,IGSF21,ENSG00000117154,270686
6755,IGSF22,ENSG00000179057,21919
6756,IGSF23,ENSG00000216588,23219
6757,IGSF3,ENSG00000143061,93357
6758,IGSF5,ENSG00000183067,56899
6759,IGSF6,ENSG00000140749,13059
6760,IGSF8,ENSG00000162729,7604
6761,IGSF9,ENSG00000085552,18575
6762,IGSF9B,ENSG00000080854,60531
6763,IHH,ENSG00000163501,6498
6764,IK,ENSG00000113141,15423
6765,IKBIP,ENSG00000166130,31709
6766,IKBKB,ENSG00000104365,61159
6767,IKBKE,ENSG00000263528,26414
6768,IKBKG,ENSG00000269335,23848
6769,IKZF1,ENSG00000185811,101034
6770,IKZF2,ENSG00000030419,152737
6771,IKZF3,ENSG00000161405,106598
6772,IKZF4,ENSG00000123411,30777
6773,IKZF5,ENSG00000095574,18006
6774,IL10,ENSG00000136634,6940
6775,IL10RA,ENSG00000110324,16668
6776,IL11,ENSG00000095752,6082
6777,IL11RA,ENSG00000137070,9741
6778,IL12A,ENSG00000168811,7185
6779,IL12B,ENSG00000113302,16084
6780,IL12RB1,ENSG00000096996,39950
6781,IL12RB2,ENSG00000081985,91361
6782,IL13,ENSG00000169194,4848
6783,IL13RA1,ENSG00000131724,67403
6784,IL13RA2,ENSG00000123496,16003
6785,IL15,ENSG00000164136,97405
6786,IL15RA,ENSG00000134470,34549
6787,IL16,ENSG00000172349,154484
6788,IL17A,ENSG00000112115,4264
6789,IL17B,ENSG00000127743,32879
6790,IL17C,ENSG00000124391,1897
6791,IL17F,ENSG00000112116,9009
6792,IL17RA,ENSG00000177663,30740
6793,IL17RB,ENSG00000056736,19227
6794,IL17RC,ENSG00000163702,16557
6795,IL17RD,ENSG00000144730,80325
6796,IL17RE,ENSG00000163701,13791
6797,IL17REL,ENSG00000188263,20955
6798,IL18,ENSG00000150782,20846
6799,IL18BP,ENSG00000137496,8703
6800,IL18R1,ENSG00000115604,87249
6801,IL18RAP,ENSG00000115607,33877
6802,IL19,ENSG00000142224,72218
6803,IL1A,ENSG00000115008,10569
6804,IL1B,ENSG00000125538,7066
6805,IL1F10,ENSG00000136697,7874
6806,IL1R1,ENSG00000115594,115331
6807,IL1R2,ENSG00000115590,36585
6808,IL1RAP,ENSG00000196083,145700
6809,IL1RAPL1,ENSG00000169306,1369273
6810,IL1RAPL2,ENSG00000189108,1201631
6811,IL1RL1,ENSG00000115602,40536
6812,IL1RL2,ENSG00000115598,52997
6813,IL1RN,ENSG00000136689,34702
6814,IL2,ENSG00000109471,5256
6815,IL20,ENSG00000162891,3601
6816,IL20RA,ENSG00000016402,45210
6817,IL20RB,ENSG00000174564,64856
6818,IL21,ENSG00000138684,10959
6819,IL21R,ENSG00000103522,49869
6820,IL22,ENSG00000127318,5363
6821,IL22RA1,ENSG00000142677,23370
6822,IL22RA2,ENSG00000164485,29829
6823,IL23A,ENSG00000110944,6237
6824,IL23R,ENSG00000162594,121073
6825,IL24,ENSG00000162892,6697
6826,IL25,ENSG00000166090,3595
6827,IL26,ENSG00000111536,24462
6828,IL27,ENSG00000197272,12690
6829,IL27RA,ENSG00000104998,21457
6830,IL2RA,ENSG00000134460,51682
6831,IL2RB,ENSG00000100385,56453
6832,IL2RG,ENSG00000147168,4705
6833,IL3,ENSG00000164399,2550
6834,IL31,ENSG00000204671,2193
6835,IL31RA,ENSG00000164509,71498
6836,IL32,ENSG00000008517,16896
6837,IL33,ENSG00000137033,42198
6838,IL34,ENSG00000157368,80788
6839,IL36A,ENSG00000136694,2586
6840,IL36B,ENSG00000136696,30779
6841,IL36G,ENSG00000136688,12456
6842,IL36RN,ENSG00000136695,6745
6843,IL37,ENSG00000125571,7718
6844,IL3RA,ENSG00000185291,46074
6845,IL3RA,ENSG00000292332,46074
6846,IL4,ENSG00000113520,8693
6847,IL4I1,ENSG00000104951,39886
6848,IL4R,ENSG00000077238,51111
6849,IL5,ENSG00000113525,15394
6850,IL5RA,ENSG00000091181,60290
6851,IL6,ENSG00000136244,6119
6852,IL6R,ENSG00000160712,64258
6853,IL6ST,ENSG00000134352,59928
6854,IL7,ENSG00000104432,129781
6855,IL7R,ENSG00000168685,26909
6856,IL9,ENSG00000145839,3596
6857,IL9R,ENSG00000124334,15322
6858,IL9R,ENSG00000292373,15322
6859,ILDR1,ENSG00000145103,34925
6860,ILDR2,ENSG00000143195,79830
6861,ILF2,ENSG00000143621,9241
6862,ILF3,ENSG00000129351,38097
6863,ILK,ENSG00000166333,7167
6864,ILKAP,ENSG00000132323,33307
6865,ILVBL,ENSG00000105135,10803
6866,IMMP1L,ENSG00000148950,77245
6867,IMMT,ENSG00000132305,51541
6868,IMP3,ENSG00000177971,9622
6869,IMP4,ENSG00000136718,5091
6870,SPPL2C,ENSG00000185294,2187
6871,IMPA1,ENSG00000133731,29418
6872,IMPA2,ENSG00000141401,49853
6873,IMPACT,ENSG00000154059,26898
6874,IMPDH1,ENSG00000106348,17710
6875,IMPDH2,ENSG00000178035,5123
6876,IMPG1,ENSG00000112706,151565
6877,IMPG2,ENSG00000081148,98030
6878,INA,ENSG00000148798,13209
6879,INCA1,ENSG00000196388,9481
6880,INCENP,ENSG00000149503,31477
6881,INF2,ENSG00000203485,41390
6882,ING1,ENSG00000153487,10604
6883,ING2,ENSG00000168556,7372
6884,ING3,ENSG00000071243,26454
6885,ING4,ENSG00000111653,12842
6886,ING5,ENSG00000168395,42394
6887,INGX,ENSG00000243468,846
6888,INGX,ENSG00000293133,768
6889,INHA,ENSG00000123999,6550
6890,INHBA,ENSG00000122641,38667
6891,INHBB,ENSG00000163083,5668
6892,INHBC,ENSG00000175189,17279
6893,INHBE,ENSG00000139269,6958
6894,INMT,ENSG00000241644,59618
6895,INO80,ENSG00000128908,137401
6896,INO80B,ENSG00000115274,2858
6897,INO80C,ENSG00000153391,45750
6898,INO80D,ENSG00000114933,92583
6899,INO80E,ENSG00000169592,10079
6900,INPP1,ENSG00000151689,28096
6901,INPP4A,ENSG00000040933,149539
6902,INPP4B,ENSG00000109452,824273
6903,INPP5A,ENSG00000068383,245694
6904,INPP5B,ENSG00000204084,86357
6905,INPP5D,ENSG00000168918,147937
6906,INPP5E,ENSG00000148384,11227
6907,INPP5F,ENSG00000198825,103106
6908,INPP5J,ENSG00000185133,11967
6909,INPP5K,ENSG00000132376,22166
6910,INPPL1,ENSG00000165458,15447
6911,INSC,ENSG00000188487,134785
6912,INSIG1,ENSG00000186480,12460
6913,INSIG2,ENSG00000125629,22546
6914,INSL3,ENSG00000248099,5063
6915,INSL4,ENSG00000120211,3886
6916,INSL5,ENSG00000172410,3537
6917,INSL6,ENSG00000120210,61768
6918,INSM1,ENSG00000173404,2846
6919,INSM2,ENSG00000168348,2891
6920,INSR,ENSG00000171105,182160
6921,INSRR,ENSG00000027644,19055
6922,INTS1,ENSG00000164880,34113
6923,INTS10,ENSG00000104613,34693
6924,INTS12,ENSG00000138785,213360
6925,INTS2,ENSG00000108506,62650
6926,INTS3,ENSG00000143624,46759
6927,INTS4,ENSG00000149262,120298
6928,INTS6,ENSG00000102786,100188
6929,INTS7,ENSG00000143493,95159
6930,INTS8,ENSG00000164941,68436
6931,INTS9,ENSG00000104299,122582
6932,INTU,ENSG00000164066,103467
6933,INVS,ENSG00000119509,202933
6934,IP6K1,ENSG00000176095,62249
6935,IP6K2,ENSG00000068745,52351
6936,IP6K3,ENSG00000161896,25244
6937,IPMK,ENSG00000151151,76378
6938,IPO11,ENSG00000086200,224611
6939,IPO13,ENSG00000117408,21073
6940,IPO4,ENSG00000196497,8651
6941,IPO5,ENSG00000065150,70639
6942,IPO7,ENSG00000205339,63476
6943,IPO8,ENSG00000133704,66882
6944,IPO9,ENSG00000198700,55143
6945,IPP,ENSG00000197429,56330
6946,IPPK,ENSG00000127080,56949
6947,IQCA1,ENSG00000132321,183389
6948,IQCB1,ENSG00000173226,65319
6949,IQCC,ENSG00000160051,3012
6950,IQCD,ENSG00000166578,25654
6951,IQCE,ENSG00000106012,55762
6952,IQCF1,ENSG00000173389,8478
6953,IQCF2,ENSG00000184345,1810
6954,IQCF3,ENSG00000229972,6507
6955,IQCF5,ENSG00000214681,1881
6956,IQCG,ENSG00000114473,71066
6957,IQCH,ENSG00000103599,247475
6958,IQCK,ENSG00000174628,142012
6959,IQGAP1,ENSG00000140575,113998
6960,IQGAP2,ENSG00000145703,304848
6961,IQGAP3,ENSG00000183856,47200
6962,IQSEC1,ENSG00000144711,386239
6963,IQSEC2,ENSG00000124313,95523
6964,IQSEC3,ENSG00000120645,111689
6965,IQUB,ENSG00000164675,82885
6966,IRAK1,ENSG00000184216,9397
6967,IRAK1BP1,ENSG00000146243,78890
6968,IRAK2,ENSG00000134070,78827
6969,IRAK3,ENSG00000090376,65428
6970,IRAK4,ENSG00000198001,39364
6971,IREB2,ENSG00000136381,64023
6972,IRF1,ENSG00000125347,68280
6973,IRF2,ENSG00000168310,88857
6974,IRF2BP1,ENSG00000170604,2534
6975,IRF2BP2,ENSG00000168264,7879
6976,IRF2BPL,ENSG00000119669,4166
6977,IRF3,ENSG00000126456,6307
6978,IRF4,ENSG00000137265,19705
6979,IRF5,ENSG00000128604,12582
6980,IRF6,ENSG00000117595,20559
6981,IRF7,ENSG00000185507,3431
6982,IRF8,ENSG00000140968,23491
6983,IRF9,ENSG00000213928,6810
6984,IRGC,ENSG00000124449,3946
6985,IRGM,ENSG00000237693,54216
6986,IRGQ,ENSG00000167378,11768
6987,IRS1,ENSG00000169047,68509
6988,IRS2,ENSG00000185950,33889
6989,IRS4,ENSG00000133124,16618
6990,IRX1,ENSG00000170549,5572
6991,IRX2,ENSG00000170561,5833
6992,IRX3,ENSG00000177508,3484
6993,IRX4,ENSG00000113430,9824
6994,IRX5,ENSG00000176842,3621
6995,IRX6,ENSG00000159387,6554
6996,ISCA1,ENSG00000135070,18557
6997,ISCA2,ENSG00000165898,3351
6998,ISCU,ENSG00000136003,6787
6999,ISG15,ENSG00000187608,13403
7000,ISG20,ENSG00000172183,20814
7001,ISG20L2,ENSG00000143319,7971
7002,ISL1,ENSG00000016082,11283
7003,ISL2,ENSG00000159556,5703
7004,ISLR,ENSG00000129009,3163
7005,ISLR2,ENSG00000167178,38230
7006,ISM1,ENSG00000101230,79378
7007,ISM2,ENSG00000100593,24423
7008,ISOC1,ENSG00000066583,19280
7009,ISOC2,ENSG00000063241,9359
7010,IST1,ENSG00000182149,85204
7011,ISX,ENSG00000175329,21252
7012,ISYNA1,ENSG00000105655,3780
7013,ITCH,ENSG00000078747,148539
7014,ITFG1,ENSG00000129636,309763
7015,ITFG2,ENSG00000111203,47170
7016,ITGA1,ENSG00000213949,171294
7017,ITGA10,ENSG00000143127,18904
7018,ITGA11,ENSG00000137809,135632
7019,ITGA2,ENSG00000164171,105440
7020,ITGA2B,ENSG00000005961,17470
7021,ITGA3,ENSG00000005884,34514
7022,ITGA4,ENSG00000115232,81739
7023,ITGA5,ENSG00000161638,24006
7024,ITGA6,ENSG00000091409,272244
7025,ITGA7,ENSG00000135424,31837
7026,ITGA8,ENSG00000077943,205969
7027,ITGA9,ENSG00000144668,371393
7028,ITGAD,ENSG00000156886,33171
7029,ITGAE,ENSG00000083457,86561
7030,ITGAL,ENSG00000005844,50910
7031,ITGAM,ENSG00000169896,72926
7032,ITGAV,ENSG00000138448,90892
7033,ITGAX,ENSG00000140678,27866
7034,ITGB1,ENSG00000150093,118520
7035,ITGB1BP1,ENSG00000119185,20054
7036,ITGB1BP2,ENSG00000147166,3622
7037,NMRK2,ENSG00000077009,9348
7038,ITGB2,ENSG00000160255,46037
7039,ITGB3,ENSG00000259207,59917
7040,ITGB3BP,ENSG00000142856,272838
7041,ITGB4,ENSG00000132470,36491
7042,ITGB5,ENSG00000082781,139471
7043,ITGB6,ENSG00000115221,172222
7044,ITGB7,ENSG00000139626,15960
7045,ITGB8,ENSG00000105855,85053
7046,ITGBL1,ENSG00000198542,268264
7047,ITIH1,ENSG00000055957,14474
7048,ITIH2,ENSG00000151655,46205
7049,ITIH3,ENSG00000162267,14032
7050,ITIH4,ENSG00000055955,17727
7051,ITIH5,ENSG00000123243,107729
7052,ITIH6,ENSG00000102313,49338
7053,ITK,ENSG00000113263,112253
7054,ITLN1,ENSG00000179914,8641
7055,ITLN2,ENSG00000158764,9785
7056,ITM2A,ENSG00000078596,7284
7057,ITM2B,ENSG00000136156,37746
7058,ITM2C,ENSG00000135916,14610
7059,ITPA,ENSG00000125877,15003
7060,ITPK1,ENSG00000100605,179407
7061,ITPKA,ENSG00000137825,10159
7062,ITPKB,ENSG00000143772,107634
7063,ITPKC,ENSG00000086544,23749
7064,ITPR1,ENSG00000150995,354162
7065,ITPR2,ENSG00000123104,497843
7066,ITPR3,ENSG00000096433,76210
7067,ITPRIP,ENSG00000148841,28768
7068,ITPRIPL1,ENSG00000198885,5201
7069,ITPRIPL2,ENSG00000205730,7698
7070,ITSN1,ENSG00000205726,257462
7071,ITSN2,ENSG00000198399,157673
7072,IVD,ENSG00000128928,30463
7073,IVL,ENSG00000163207,3341
7074,IVNS1ABP,ENSG00000116679,24343
7075,IWS1,ENSG00000163166,90680
7076,IYD,ENSG00000009765,37078
7077,IZUMO1,ENSG00000182264,6058
7078,IZUMO2,ENSG00000161652,10734
7079,IZUMO4,ENSG00000099840,3165
7080,JAG1,ENSG00000101384,36316
7081,JAG2,ENSG00000184916,27843
7082,JAGN1,ENSG00000171135,3776
7083,JAK1,ENSG00000162434,234532
7084,JAK2,ENSG00000096968,145559
7085,JAK3,ENSG00000105639,23292
7086,JAKMIP1,ENSG00000152969,174393
7087,JAKMIP2,ENSG00000176049,197338
7088,JAKMIP3,ENSG00000188385,148523
7089,JAM2,ENSG00000154721,78305
7090,JAM3,ENSG00000166086,82931
7091,JARID2,ENSG00000008083,275974
7092,JAZF1,ENSG00000153814,350223
7093,JDP2,ENSG00000140044,46396
7094,JKAMP,ENSG00000050130,20968
7095,JMJD1C,ENSG00000171988,354630
7096,JMJD4,ENSG00000081692,4987
7097,KDM8,ENSG00000155666,18261
7098,JMJD6,ENSG00000070495,13968
7099,JMJD8,ENSG00000161999,2859
7100,JMY,ENSG00000152409,91081
7101,JOSD1,ENSG00000100221,16014
7102,JOSD2,ENSG00000161677,5223
7103,JPH1,ENSG00000104369,86841
7104,JPH2,ENSG00000149596,80599
7105,JPH3,ENSG00000154118,96322
7106,JPH4,ENSG00000092051,10753
7107,JRK,ENSG00000234616,24509
7108,JRKL,ENSG00000183340,117586
7109,JSRP1,ENSG00000167476,17508
7110,JTB,ENSG00000143543,3406
7111,JUN,ENSG00000177606,7204
7112,JUNB,ENSG00000171223,1830
7113,JUND,ENSG00000130522,1929
7114,JUP,ENSG00000173801,32328
7115,KAAG1,ENSG00000146049,1383
7116,KALRN,ENSG00000160145,692957
7117,KANK1,ENSG00000107104,275815
7118,KANK2,ENSG00000197256,33522
7119,KANK3,ENSG00000186994,20679
7120,KANK4,ENSG00000132854,83270
7121,KANSL2,ENSG00000139620,29028
7122,KANSL3,ENSG00000114982,49618
7123,KAT2A,ENSG00000108773,8257
7124,KAT2B,ENSG00000114166,113959
7125,KAT5,ENSG00000172977,7609
7126,KAT6A,ENSG00000083168,122516
7127,KAT6B,ENSG00000156650,207698
7128,KAT7,ENSG00000136504,46403
7129,KAT8,ENSG00000103510,16905
7130,KATNA1,ENSG00000186625,54100
7131,KATNAL1,ENSG00000102781,104922
7132,KATNAL2,ENSG00000167216,185987
7133,KATNB1,ENSG00000140854,21506
7134,KAZALD1,ENSG00000107821,6143
7135,KAZN,ENSG00000189337,1225252
7136,KBTBD12,ENSG00000187715,72440
7137,KBTBD13,ENSG00000234438,3203
7138,KBTBD2,ENSG00000170852,25960
7139,KBTBD3,ENSG00000182359,26362
7140,KBTBD4,ENSG00000123444,6780
7141,KBTBD7,ENSG00000120696,4736
7142,KBTBD8,ENSG00000163376,12904
7143,KCMF1,ENSG00000176407,88380
7144,KCNA1,ENSG00000111262,8352
7145,KCNA10,ENSG00000143105,1959
7146,KCNA2,ENSG00000177301,111638
7147,KCNA3,ENSG00000177272,21381
7148,KCNA4,ENSG00000182255,7301
7149,KCNA5,ENSG00000130037,2910
7150,KCNA6,ENSG00000151079,3985
7151,KCNA7,ENSG00000104848,5303
7152,KCNAB1,ENSG00000169282,501056
7153,KCNAB2,ENSG00000069424,110267
7154,KCNAB3,ENSG00000170049,7998
7155,KCNB1,ENSG00000158445,190904
7156,KCNB2,ENSG00000182674,401125
7157,KCNC1,ENSG00000129159,122031
7158,KCNC2,ENSG00000166006,169763
7159,KCNC3,ENSG00000131398,21579
7160,KCNC4,ENSG00000116396,72787
7161,KCND1,ENSG00000102057,10863
7162,KCND2,ENSG00000184408,477163
7163,KCND3,ENSG00000171385,219007
7164,KCNE1,ENSG00000180509,65527
7165,KCNE2,ENSG00000159197,190653
7166,KCNE3,ENSG00000175538,12889
7167,KCNE4,ENSG00000152049,146210
7168,KCNF1,ENSG00000162975,2292
7169,KCNG1,ENSG00000026559,19452
7170,KCNG2,ENSG00000178342,102247
7171,KCNG3,ENSG00000171126,51966
7172,KCNG4,ENSG00000168418,21356
7173,KCNH1,ENSG00000143473,457343
7174,KCNH2,ENSG00000055118,33361
7175,KCNH3,ENSG00000135519,19308
7176,KCNH4,ENSG00000089558,24252
7177,KCNH5,ENSG00000140015,402574
7178,KCNH6,ENSG00000173826,25644
7179,KCNH7,ENSG00000184611,467361
7180,KCNH8,ENSG00000183960,387133
7181,KCNIP1,ENSG00000182132,383146
7182,KCNIP2,ENSG00000120049,17947
7183,KCNIP3,ENSG00000115041,88751
7184,KCNIP4,ENSG00000185774,1220167
7185,KCNJ1,ENSG00000151704,31059
7186,KCNJ10,ENSG00000177807,71833
7187,KCNJ11,ENSG00000187486,24160
7188,KCNJ13,ENSG00000115474,10764
7189,KCNJ14,ENSG00000182324,11407
7190,KCNJ15,ENSG00000157551,151809
7191,KCNJ16,ENSG00000153822,82180
7192,KCNJ2,ENSG00000123700,11372
7193,KCNJ3,ENSG00000162989,160500
7194,KCNJ5,ENSG00000120457,29808
7195,KCNJ6,ENSG00000157542,513973
7196,KCNJ8,ENSG00000121361,10646
7197,KCNJ9,ENSG00000162728,9026
7198,KCNK1,ENSG00000135750,58409
7199,KCNK10,ENSG00000100433,146805
7200,KCNK12,ENSG00000184261,61696
7201,KCNK13,ENSG00000152315,123860
7202,KCNK15,ENSG00000124249,6449
7203,KCNK16,ENSG00000095981,8271
7204,KCNK17,ENSG00000124780,15461
7205,KCNK18,ENSG00000186795,12811
7206,KCNK2,ENSG00000082482,231316
7207,KCNK3,ENSG00000171303,40699
7208,KCNK4,ENSG00000182450,8730
7209,KCNK5,ENSG00000164626,40505
7210,KCNK6,ENSG00000099337,12232
7211,KCNK7,ENSG00000173338,3161
7212,KCNK9,ENSG00000169427,103272
7213,KCNMA1,ENSG00000156113,768769
7214,KCNMB1,ENSG00000145936,14964
7215,KCNMB2,ENSG00000197584,571498
7216,KCNMB3,ENSG00000171121,30312
7217,KCNMB4,ENSG00000135643,68003
7218,KCNN1,ENSG00000105642,48793
7219,KCNN2,ENSG00000080709,440575
7220,KCNN3,ENSG00000143603,172827
7221,KCNN4,ENSG00000104783,14444
7222,KCNQ1,ENSG00000053918,404452
7223,KCNQ1OT1,ENSG00000269821,102696
7224,KCNQ2,ENSG00000075043,72470
7225,KCNQ3,ENSG00000184156,360235
7226,KCNQ4,ENSG00000117013,56666
7227,KCNQ5,ENSG00000185760,577062
7228,KCNRG,ENSG00000198553,5669
7229,KCNS1,ENSG00000124134,9914
7230,KCNS3,ENSG00000170745,483770
7231,KCNT1,ENSG00000107147,93324
7232,KCNT2,ENSG00000162687,383447
7233,KCNU1,ENSG00000215262,151802
7234,KCNV1,ENSG00000164794,12136
7235,KCNV2,ENSG00000168263,12528
7236,KCP,ENSG00000135253,48678
7237,KCTD1,ENSG00000134504,202492
7238,KCTD10,ENSG00000110906,28705
7239,KCTD11,ENSG00000213859,3056
7240,KCTD12,ENSG00000178695,6231
7241,KCTD13,ENSG00000174943,21225
7242,KCTD14,ENSG00000151364,30477
7243,KCTD15,ENSG00000153885,19831
7244,KCTD16,ENSG00000183775,314814
7245,KCTD17,ENSG00000100379,11652
7246,KCTD18,ENSG00000155729,30827
7247,KCTD19,ENSG00000168676,37333
7248,KCTD2,ENSG00000180901,33315
7249,KCTD20,ENSG00000112078,48377
7250,KCTD21,ENSG00000188997,17378
7251,KCTD3,ENSG00000136636,54504
7252,KCTD4,ENSG00000180332,8193
7253,KCTD5,ENSG00000167977,26508
7254,KCTD6,ENSG00000168301,10265
7255,KCTD7,ENSG00000243335,20187
7256,KCTD8,ENSG00000183783,274907
7257,KCTD9,ENSG00000104756,30630
7258,KDELR1,ENSG00000105438,8977
7259,KDELR2,ENSG00000136240,38238
7260,KDELR3,ENSG00000100196,15370
7261,KDM1A,ENSG00000004487,64247
7262,KDM1B,ENSG00000165097,68526
7263,KDM2A,ENSG00000173120,138820
7264,KDM2B,ENSG00000089094,153184
7265,KDM3A,ENSG00000115548,52070
7266,KDM3B,ENSG00000120733,84344
7267,KDM4A,ENSG00000066135,55370
7268,KDM4B,ENSG00000127663,184499
7269,KDM4C,ENSG00000107077,454786
7270,KDM4D,ENSG00000186280,25811
7271,KDM4E,ENSG00000235268,2339
7272,KDM5A,ENSG00000073614,109264
7273,KDM5B,ENSG00000117139,83993
7274,KDM5C,ENSG00000126012,49146
7275,KDM5D,ENSG00000012817,41075
7276,KDM6A,ENSG00000147050,239592
7277,KDM6B,ENSG00000132510,20580
7278,KDR,ENSG00000128052,47115
7279,KDSR,ENSG00000119537,39503
7280,KEAP1,ENSG00000079999,17434
7281,KEL,ENSG00000197993,21250
7282,KERA,ENSG00000139330,7534
7283,KHDC1,ENSG00000135314,69052
7284,KHDC1L,ENSG00000256980,2227
7285,KHDRBS1,ENSG00000121774,46983
7286,KHDRBS2,ENSG00000112232,655992
7287,KHDRBS3,ENSG00000131773,199267
7288,KHK,ENSG00000138030,13991
7289,KHNYN,ENSG00000100441,12558
7290,KHSRP,ENSG00000088247,11710
7291,KIAA0040,ENSG00000235750,36014
7292,KIAA0087,ENSG00000122548,5739
7293,EMC1,ENSG00000127463,35893
7294,GSE1,ENSG00000131149,506680
7295,KIAA0232,ENSG00000170871,102796
7296,KIAA0319,ENSG00000137261,102088
7297,KIAA0319L,ENSG00000142687,164068
7298,KIAA0408,ENSG00000189367,20984
7299,AP5Z1,ENSG00000242802,18783
7300,KIAA0513,ENSG00000135709,66449
7301,VWA8,ENSG00000102763,394286
7302,TESPA1,ENSG00000135426,36748
7303,KIAA0753,ENSG00000198920,62565
7304,KIAA0825,ENSG00000185261,467754
7305,KIAA0930,ENSG00000100364,48651
7306,KIAA1143,ENSG00000163807,23959
7307,KIAA1191,ENSG00000122203,15746
7308,KIAA1210,ENSG00000250423,71945
7309,KIAA1217,ENSG00000120549,853103
7310,KANSL1,ENSG00000120071,195474
7311,PALD1,ENSG00000107719,189988
7312,KIAA1328,ENSG00000150477,403067
7313,UVSSA,ENSG00000163945,50299
7314,KIAA1549,ENSG00000122778,150009
7315,KIAA1586,ENSG00000168116,12510
7316,KIAA1614,ENSG00000135835,38718
7317,KIAA1671,ENSG00000197077,244733
7318,KIAA1755,ENSG00000149633,50270
7319,FOCAD,ENSG00000188352,337647
7320,MSANTD4,ENSG00000170903,26781
7321,KIAA1958,ENSG00000165185,182571
7322,KIAA2013,ENSG00000116685,6838
7323,KIDINS220,ENSG00000134313,116550
7324,KIF11,ENSG00000138160,81291
7325,KIF12,ENSG00000136883,13167
7326,KIF13A,ENSG00000137177,228453
7327,KIF13B,ENSG00000197892,195847
7328,KIF14,ENSG00000118193,69255
7329,KIF15,ENSG00000163808,111656
7330,KIF16B,ENSG00000089177,301345
7331,KIF17,ENSG00000117245,54004
7332,KIF18A,ENSG00000121621,87538
7333,KIF19,ENSG00000196169,29611
7334,KIF1B,ENSG00000054523,171034
7335,KIF1C,ENSG00000129250,30452
7336,KIF20A,ENSG00000112984,9005
7337,KIF20B,ENSG00000138182,73350
7338,KIF21A,ENSG00000139116,150163
7339,KIF22,ENSG00000079616,14659
7340,KIF23,ENSG00000137807,34182
7341,KIF24,ENSG00000186638,76889
7342,KIF25,ENSG00000125337,48851
7343,KIF26A,ENSG00000066735,44441
7344,KIF26B,ENSG00000162849,554448
7345,KIF27,ENSG00000165115,87367
7346,KIF2A,ENSG00000068796,84864
7347,KIF2B,ENSG00000141200,2267
7348,KIF2C,ENSG00000142945,27950
7349,KIF3A,ENSG00000131437,45011
7350,KIF3B,ENSG00000101350,57361
7351,KIF3C,ENSG00000084731,56152
7352,KIF4A,ENSG00000090889,130783
7353,KIF4B,ENSG00000226650,4387
7354,KIF5A,ENSG00000155980,40608
7355,KIF5B,ENSG00000170759,47411
7356,KIF5C,ENSG00000168280,151533
7357,KIF6,ENSG00000164627,395419
7358,KIF7,ENSG00000166813,54298
7359,KIF9,ENSG00000088727,55454
7360,KIFAP3,ENSG00000075945,163883
7361,KIFC1,ENSG00000237649,18074
7362,KIFC2,ENSG00000167702,8160
7363,KIFC3,ENSG00000140859,104837
7364,KIN,ENSG00000151657,37032
7365,KIR2DL1,ENSG00000125498,14530
7366,KIR3DL2,ENSG00000240403,16767
7367,KIR3DL3,ENSG00000242019,12191
7368,KIRREL2,ENSG00000126259,11276
7369,KIRREL3,ENSG00000149571,580103
7370,KISS1,ENSG00000170498,6151
7371,KISS1R,ENSG00000116014,3719
7372,KIT,ENSG00000157404,83517
7373,KITLG,ENSG00000049130,88059
7374,KL,ENSG00000133116,49721
7375,KLB,ENSG00000134962,44604
7376,KLC1,ENSG00000126214,152354
7377,KLC2,ENSG00000174996,10567
7378,KLC3,ENSG00000104892,18087
7379,KLC4,ENSG00000137171,34319
7380,KLF1,ENSG00000105610,2780
7381,KLF10,ENSG00000155090,6942
7382,KLF11,ENSG00000172059,11988
7383,KLF12,ENSG00000118922,448316
7384,KLF13,ENSG00000169926,108831
7385,KLF14,ENSG00000266265,3511
7386,KLF15,ENSG00000163884,14774
7387,KLF16,ENSG00000129911,11181
7388,KLF17,ENSG00000171872,16320
7389,KLF2,ENSG00000127528,3860
7390,KLF3,ENSG00000109787,37321
7391,KLF4,ENSG00000136826,5631
7392,KLF5,ENSG00000102554,22566
7393,KLF6,ENSG00000067082,9286
7394,KLF7,ENSG00000118263,99720
7395,KLF8,ENSG00000102349,59176
7396,KLF9,ENSG00000119138,30054
7397,KLHDC1,ENSG00000197776,60046
7398,KLHDC10,ENSG00000128607,65172
7399,KLHDC2,ENSG00000165516,18256
7400,KLHDC4,ENSG00000104731,69508
7401,KLHDC7A,ENSG00000179023,5045
7402,KLHDC7B,ENSG00000130487,5125
7403,KLHDC8A,ENSG00000162873,21030
7404,KLHDC8B,ENSG00000185909,4889
7405,KLHDC9,ENSG00000162755,1986
7406,KLHL1,ENSG00000150361,407900
7407,KLHL10,ENSG00000161594,12700
7408,KLHL11,ENSG00000178502,16906
7409,KLHL12,ENSG00000117153,37521
7410,KLHL13,ENSG00000003096,219528
7411,KLHL14,ENSG00000197705,100351
7412,KLHL15,ENSG00000174010,43471
7413,KLHL17,ENSG00000187961,5136
7414,KLHL18,ENSG00000114648,63900
7415,KLHL2,ENSG00000109466,115596
7416,KLHL20,ENSG00000076321,71752
7417,KLHL21,ENSG00000162413,23884
7418,KLHL22,ENSG00000099910,54326
7419,KLHL23,ENSG00000213160,82502
7420,KLHL24,ENSG00000114796,48910
7421,KLHL25,ENSG00000183655,35600
7422,KLHL26,ENSG00000167487,34697
7423,KLHL28,ENSG00000179454,117999
7424,KLHL29,ENSG00000119771,323433
7425,KLHL3,ENSG00000146021,118590
7426,KLHL30,ENSG00000168427,14280
7427,KLHL31,ENSG00000124743,17841
7428,KLHL32,ENSG00000186231,216135
7429,KLHL33,ENSG00000185271,10315
7430,KLHL34,ENSG00000185915,3641
7431,KLHL35,ENSG00000149243,10810
7432,KLHL36,ENSG00000135686,19176
7433,KLHL38,ENSG00000175946,9360
7434,KLHL4,ENSG00000102271,152642
7435,KLHL5,ENSG00000109790,81819
7436,KLHL6,ENSG00000172578,68156
7437,KLHL7,ENSG00000122550,72157
7438,KLHL8,ENSG00000145332,80212
7439,KLHL9,ENSG00000198642,15381
7440,KLK1,ENSG00000167748,4642
7441,KLK10,ENSG00000129451,7437
7442,KLK11,ENSG00000167757,5824
7443,KLK12,ENSG00000186474,6139
7444,KLK13,ENSG00000167759,9489
7445,KLK14,ENSG00000129437,6751
7446,KLK15,ENSG00000174562,11925
7447,KLK2,ENSG00000167751,19000
7448,KLK3,ENSG00000142515,5850
7449,KLK4,ENSG00000167749,5045
7450,KLK5,ENSG00000167754,9791
7451,KLK6,ENSG00000167755,11043
7452,KLK7,ENSG00000169035,7632
7453,KLK8,ENSG00000129455,6705
7454,KLK9,ENSG00000213022,7127
7455,KLKB1,ENSG00000164344,32034
7456,KLLN,ENSG00000227268,4376
7457,KLRB1,ENSG00000111796,13366
7458,KLRC1,ENSG00000134545,12422
7459,KLRC2,ENSG00000205809,15447
7460,KLRC4,ENSG00000183542,6699
7461,KLRD1,ENSG00000134539,103551
7462,KLRF1,ENSG00000150045,17527
7463,KLRF2,ENSG00000256797,14345
7464,KLRG1,ENSG00000139187,60717
7465,KLRG2,ENSG00000188883,30984
7466,KLRK1,ENSG00000213809,19522
7467,KMO,ENSG00000117009,63509
7468,KNCN,ENSG00000162456,6007
7469,KNDC1,ENSG00000171798,66194
7470,KNG1,ENSG00000113889,27063
7471,KNTC1,ENSG00000184445,99151
7472,KPNA1,ENSG00000114030,93044
7473,KPNA2,ENSG00000182481,11729
7474,KPNA3,ENSG00000102753,93363
7475,KPNA4,ENSG00000186432,70565
7476,KPNA5,ENSG00000196911,60681
7477,KPNA6,ENSG00000025800,68508
7478,KPNA7,ENSG00000185467,76504
7479,KPNB1,ENSG00000108424,36030
7480,KPTN,ENSG00000118162,9116
7481,KRAS,ENSG00000133703,45691
7482,KRBA1,ENSG00000133619,19795
7483,KRBA2,ENSG00000184619,19803
7484,KRBOX1,ENSG00000240747,6407
7485,KRCC1,ENSG00000172086,37048
7486,KREMEN1,ENSG00000183762,95299
7487,KREMEN2,ENSG00000131650,4165
7488,KRI1,ENSG00000129347,12947
7489,KRIT1,ENSG00000001631,48669
7490,KRR1,ENSG00000111615,20774
7491,KRT1,ENSG00000167768,5672
7492,KRT10,ENSG00000186395,4498
7493,KRT12,ENSG00000187242,5921
7494,KRT13,ENSG00000171401,4725
7495,KRT14,ENSG00000186847,4617
7496,KRT15,ENSG00000171346,8785
7497,KRT16,ENSG00000186832,6122
7498,KRT16P2,ENSG00000227300,2755
7499,KRT17,ENSG00000128422,5401
7500,KRT18,ENSG00000111057,4036
7501,KRT18P55,ENSG00000265480,1293
7502,KRT18P55,ENSG00000293325,43645
7503,KRT2,ENSG00000172867,7654
7504,KRT20,ENSG00000171431,9354
7505,KRT222,ENSG00000213424,10517
7506,KRT23,ENSG00000108244,14947
7507,KRT24,ENSG00000167916,5762
7508,KRT25,ENSG00000204897,7311
7509,KRT26,ENSG00000186393,5964
7510,KRT27,ENSG00000171446,5743
7511,KRT28,ENSG00000173908,7764
7512,KRT3,ENSG00000186442,6433
7513,KRT31,ENSG00000094796,3888
7514,KRT32,ENSG00000108759,7874
7515,KRT33A,ENSG00000006059,4737
7516,KRT33B,ENSG00000131738,6316
7517,KRT34,ENSG00000131737,4638
7518,KRT35,ENSG00000197079,4442
7519,KRT36,ENSG00000126337,6411
7520,KRT37,ENSG00000108417,4039
7521,KRT38,ENSG00000171360,4830
7522,KRT39,ENSG00000196859,8532
7523,KRT4,ENSG00000170477,7568
7524,KRT40,ENSG00000204889,9421
7525,KRT42P,ENSG00000214514,7571
7526,KRT42P,ENSG00000290861,40292
7527,KRT5,ENSG00000186081,5956
7528,KRT6A,ENSG00000205420,6082
7529,KRT6B,ENSG00000185479,5496
7530,KRT6C,ENSG00000170465,5290
7531,KRT7,ENSG00000135480,19667
7532,KRT71,ENSG00000139648,9237
7533,KRT72,ENSG00000170486,15950
7534,KRT73,ENSG00000186049,10990
7535,KRT74,ENSG00000170484,8062
7536,KRT75,ENSG00000170454,10302
7537,KRT76,ENSG00000185069,9191
7538,KRT77,ENSG00000189182,13899
7539,KRT78,ENSG00000170423,11289
7540,KRT79,ENSG00000185640,12904
7541,KRT8,ENSG00000170421,52768
7542,KRT80,ENSG00000167767,23019
7543,KRT81,ENSG00000205426,5622
7544,KRT82,ENSG00000161850,12405
7545,KRT83,ENSG00000170523,7098
7546,KRT84,ENSG00000161849,7841
7547,KRT85,ENSG00000135443,7476
7548,KRT86,ENSG00000170442,59864
7549,KRT8P41,ENSG00000213538,1514
7550,KRT9,ENSG00000171403,6224
7551,KRTAP10-1,ENSG00000215455,1215
7552,KRTAP10-10,ENSG00000221859,1100
7553,KRTAP10-11,ENSG00000243489,1237
7554,KRTAP10-12,ENSG00000189169,873
7555,KRTAP10-2,ENSG00000205445,1149
7556,KRTAP10-3,ENSG00000212935,1006
7557,KRTAP10-4,ENSG00000215454,1643
7558,KRTAP10-5,ENSG00000241123,1150
7559,KRTAP10-6,ENSG00000188155,1238
7560,KRTAP10-7,ENSG00000272804,1578
7561,KRTAP10-8,ENSG00000187766,876
7562,KRTAP10-9,ENSG00000221837,1286
7563,KRTAP1-1,ENSG00000188581,910
7564,KRTAP11-1,ENSG00000182591,937
7565,KRTAP12-1,ENSG00000187175,588
7566,KRTAP12-2,ENSG00000221864,739
7567,KRTAP12-3,ENSG00000205439,410
7568,KRTAP12-4,ENSG00000212933,447
7569,KRTAP1-3,ENSG00000221880,991
7570,KRTAP13-1,ENSG00000198390,792
7571,KRTAP13-2,ENSG00000182816,882
7572,KRTAP13-3,ENSG00000240432,547
7573,KRTAP13-4,ENSG00000186971,807
7574,KRTAP1-5,ENSG00000221852,1183
7575,KRTAP15-1,ENSG00000186970,595
7576,KRTAP16-1,ENSG00000212657,1610
7577,KRTAP17-1,ENSG00000186860,799
7578,KRTAP19-1,ENSG00000184351,662
7579,KRTAP19-2,ENSG00000186965,394
7580,KRTAP19-3,ENSG00000244025,552
7581,KRTAP19-4,ENSG00000186967,342
7582,KRTAP19-5,ENSG00000186977,485
7583,KRTAP19-6,ENSG00000186925,330
7584,KRTAP19-7,ENSG00000244362,440
7585,KRTAP19-8,ENSG00000206102,318
7586,KRTAP20-3,ENSG00000206104,273
7587,KRTAP20-4,ENSG00000206105,224
7588,KRTAP2-1,ENSG00000212725,776
7589,KRTAP21-2,ENSG00000187026,466
7590,KRTAP21-3,ENSG00000231068,253
7591,KRTAP2-2,ENSG00000214518,733
7592,KRTAP22-2,ENSG00000206106,293
7593,KRTAP23-1,ENSG00000186980,208
7594,KRTAP2-4,ENSG00000213417,764
7595,KRTAP24-1,ENSG00000188694,1642
7596,KRTAP25-1,ENSG00000232263,370
7597,KRTAP26-1,ENSG00000197683,1192
7598,KRTAP27-1,ENSG00000206107,682
7599,KRTAP3-1,ENSG00000212901,10804
7600,KRTAP3-2,ENSG00000212900,714
7601,KRTAP3-3,ENSG00000212899,735
7602,KRTAP4-1,ENSG00000198443,812
7603,KRTAP4-11,ENSG00000212721,1193
7604,KRTAP4-12,ENSG00000213416,1092
7605,KRTAP4-2,ENSG00000244537,776
7606,KRTAP4-3,ENSG00000196156,991
7607,KRTAP4-4,ENSG00000171396,1100
7608,KRTAP4-5,ENSG00000198271,902
7609,KRTAP4-6,ENSG00000198090,1112
7610,KRTAP4-7,ENSG00000240871,995
7611,KRTAP4-8,ENSG00000204880,1162
7612,KRTAP4-9,ENSG00000212722,1100
7613,KRTAP5-1,ENSG00000205869,942
7614,KRTAP5-10,ENSG00000204572,1173
7615,KRTAP5-11,ENSG00000204571,21499
7616,KRTAP5-2,ENSG00000205867,1118
7617,KRTAP5-3,ENSG00000196224,899
7618,KRTAP5-4,ENSG00000241598,1181
7619,KRTAP5-5,ENSG00000185940,1156
7620,KRTAP5-6,ENSG00000205864,561
7621,KRTAP5-7,ENSG00000244411,1403
7622,KRTAP5-8,ENSG00000241233,1185
7623,KRTAP5-9,ENSG00000254997,1189
7624,KRTAP6-2,ENSG00000186930,313
7625,KRTAP6-3,ENSG00000212938,636
7626,KRTAP7-1,ENSG00000274749,721
7627,KRTAP8-1,ENSG00000183640,578
7628,KRTAP9-1,ENSG00000240542,753
7629,KRTAP9-2,ENSG00000239886,1005
7630,KRTAP9-3,ENSG00000204873,1006
7631,KRTAP9-4,ENSG00000241595,967
7632,KRTAP9-8,ENSG00000187272,1006
7633,KRTAP9-9,ENSG00000198083,981
7634,KRTCAP2,ENSG00000163463,4068
7635,KRTCAP3,ENSG00000157992,4116
7636,KRTDAP,ENSG00000188508,8235
7637,KSR1,ENSG00000141068,169991
7638,KSR2,ENSG00000171435,515979
7639,KTI12,ENSG00000198841,1708
7640,KTN1,ENSG00000126777,142455
7641,KXD1,ENSG00000105700,11626
7642,KY,ENSG00000174611,51714
7643,KYNU,ENSG00000115919,178177
7644,L1CAM,ENSG00000198910,24660
7645,L1TD1,ENSG00000240563,40271
7646,L2HGDH,ENSG00000087299,74667
7647,L3MBTL1,ENSG00000185513,61513
7648,L3MBTL2,ENSG00000100395,25990
7649,L3MBTL3,ENSG00000198945,127751
7650,L3MBTL4,ENSG00000154655,460532
7651,LACC1,ENSG00000179630,14649
7652,LACRT,ENSG00000135413,4085
7653,LACTB,ENSG00000103642,20229
7654,LACTB2,ENSG00000147592,33868
7655,LAD1,ENSG00000159166,19083
7656,LAG3,ENSG00000089692,5944
7657,LAGE3,ENSG00000196976,1507
7658,LAIR1,ENSG00000167613,19175
7659,LAIR2,ENSG00000167618,12809
7660,LALBA,ENSG00000167531,2383
7661,LAMA1,ENSG00000101680,176056
7662,LAMA2,ENSG00000196569,633429
7663,LAMA3,ENSG00000053747,266770
7664,LAMA4,ENSG00000112769,147009
7665,LAMA5,ENSG00000130702,59358
7666,LAMB1,ENSG00000091136,79415
7667,LAMB2,ENSG00000172037,12005
7668,LAMB2P1,ENSG00000270441,20766
7669,LAMB3,ENSG00000196878,37556
7670,LAMB4,ENSG00000091128,106814
7671,LAMC1,ENSG00000135862,122173
7672,LAMC2,ENSG00000058085,58890
7673,LAMC3,ENSG00000050555,85300
7674,LAMP1,ENSG00000185896,26434
7675,LAMP2,ENSG00000005893,43218
7676,LAMP3,ENSG00000078081,41625
7677,LAMP5,ENSG00000125869,16167
7678,LAMTOR1,ENSG00000149357,17403
7679,LAMTOR2,ENSG00000116586,3725
7680,LAMTOR3,ENSG00000109270,16093
7681,LANCL1,ENSG00000115365,50522
7682,LANCL2,ENSG00000132434,68401
7683,LANCL3,ENSG00000147036,112895
7684,LAP3,ENSG00000002549,30775
7685,LAPTM4A,ENSG00000068697,18979
7686,LAPTM4B,ENSG00000104341,77957
7687,LAPTM5,ENSG00000162511,25306
7688,LARP1,ENSG00000155506,134620
7689,LARP1B,ENSG00000138709,161646
7690,LARP4,ENSG00000161813,87622
7691,LARP4B,ENSG00000107929,124889
7692,LARP6,ENSG00000166173,25028
7693,LARP7,ENSG00000174720,20620
7694,LARS2,ENSG00000011376,166166
7695,LAS1L,ENSG00000001497,96262
7696,LASP1,ENSG00000002834,51912
7697,LAT,ENSG00000213658,5959
7698,LAT2,ENSG00000086730,30183
7699,LATS1,ENSG00000131023,59953
7700,LATS2,ENSG00000150457,88551
7701,LAX1,ENSG00000122188,12999
7702,LAYN,ENSG00000204381,21466
7703,LBH,ENSG00000213626,92197
7704,LBP,ENSG00000129988,30532
7705,LBR,ENSG00000143815,27424
7706,LBX1,ENSG00000138136,2470
7707,LBX2,ENSG00000179528,5800
7708,LCA5,ENSG00000135338,52468
7709,LCA5L,ENSG00000157578,40078
7710,LCAT,ENSG00000213398,4382
7711,LCE1A,ENSG00000186844,625
7712,LCE1B,ENSG00000196734,1138
7713,LCE1C,ENSG00000197084,1820
7714,LCE1D,ENSG00000172155,1461
7715,LCE1F,ENSG00000240386,1885
7716,LCE2A,ENSG00000187173,1098
7717,LCE2C,ENSG00000187180,1291
7718,LCE2D,ENSG00000187223,1280
7719,LCE3A,ENSG00000185962,270
7720,LCE3B,ENSG00000187238,288
7721,LCE3C,ENSG00000244057,853
7722,LCE3D,ENSG00000163202,1136
7723,LCE3E,ENSG00000185966,1127
7724,LCE4A,ENSG00000187170,1275
7725,LCE5A,ENSG00000186207,1375
7726,LCE6A,ENSG00000235942,1128
7727,LCK,ENSG00000182866,34922
7728,LCLAT1,ENSG00000172954,197000
7729,LCMT1,ENSG00000205629,66501
7730,LCMT2,ENSG00000168806,6934
7731,LCN10,ENSG00000187922,5190
7732,LCN12,ENSG00000184925,5947
7733,LCN15,ENSG00000177984,6622
7734,LCN2,ENSG00000148346,4383
7735,LCN6,ENSG00000267206,4509
7736,LCN8,ENSG00000204001,4158
7737,LCN9,ENSG00000148386,3653
7738,LCNL1,ENSG00000214402,4507
7739,LCORL,ENSG00000178177,180690
7740,LCP1,ENSG00000136167,85952
7741,LCP2,ENSG00000043462,51583
7742,LCT,ENSG00000115850,49335
7743,LCTL,ENSG00000188501,18820
7744,LDB1,ENSG00000198728,13880
7745,LDB2,ENSG00000169744,397138
7746,LDB3,ENSG00000122367,69288
7747,LDHA,ENSG00000134333,13866
7748,LDHAL6A,ENSG00000166800,23778
7749,LDHAL6B,ENSG00000171989,1746
7750,LDHB,ENSG00000111716,122516
7751,LDHC,ENSG00000166796,39746
7752,LDHD,ENSG00000166816,4921
7753,LDLR,ENSG00000130164,44403
7754,LDLRAD1,ENSG00000203985,10889
7755,LDLRAD2,ENSG00000187942,12961
7756,LDLRAD3,ENSG00000179241,288156
7757,LDLRAP1,ENSG00000157978,47597
7758,LDOC1,ENSG00000182195,65525
7759,LEAP2,ENSG00000164406,1603
7760,LECT2,ENSG00000145826,32705
7761,LEF1,ENSG00000138795,121412
7762,LEFTY1,ENSG00000243709,25101
7763,LEFTY2,ENSG00000143768,4786
7764,LEKR1,ENSG00000197980,220649
7765,LELP1,ENSG00000203784,1691
7766,LEMD1,ENSG00000186007,74577
7767,LEMD2,ENSG00000161904,17929
7768,LEMD3,ENSG00000174106,78773
7769,LENEP,ENSG00000163352,730
7770,LENG1,ENSG00000105617,4561
7771,LENG8,ENSG00000167615,12827
7772,LENG9,ENSG00000275183,2047
7773,LEO1,ENSG00000166477,33754
7774,LEP,ENSG00000174697,16352
7775,LEPR,ENSG00000116678,220908
7776,LEPROT,ENSG00000213625,15421
7777,LEPROTL1,ENSG00000104660,81801
7778,LETM1,ENSG00000168924,44678
7779,LETM2,ENSG00000165046,23321
7780,LEUTX,ENSG00000213921,9697
7781,LFNG,ENSG00000106003,16649
7782,LGALS1,ENSG00000100097,4167
7783,LGALS12,ENSG00000133317,10723
7784,LGALS13,ENSG00000105198,4951
7785,LGALS14,ENSG00000006659,4964
7786,LGALS16,ENSG00000249861,4735
7787,LGALS17A,ENSG00000291086,25107
7788,LGALS2,ENSG00000100079,12369
7789,LGALS3,ENSG00000131981,21314
7790,LGALS3BP,ENSG00000108679,8710
7791,LGALS4,ENSG00000171747,11275
7792,LGALS7B,ENSG00000178934,2555
7793,LGALS8,ENSG00000116977,34982
7794,LGALS9,ENSG00000168961,19763
7795,LGALS9B,ENSG00000170298,18145
7796,LGALS9C,ENSG00000171916,18209
7797,LGALSL,ENSG00000119862,7413
7798,LGI1,ENSG00000108231,48433
7799,LGI2,ENSG00000153012,32100
7800,LGI3,ENSG00000168481,10255
7801,LGI4,ENSG00000153902,17939
7802,LGMN,ENSG00000100600,44873
7803,LGR4,ENSG00000205213,106830
7804,LGR5,ENSG00000139292,146513
7805,LGR6,ENSG00000133067,125983
7806,LGSN,ENSG00000146166,44033
7807,LHCGR,ENSG00000138039,68957
7808,LHFPL1,ENSG00000182508,49407
7809,LHFPL2,ENSG00000145685,284807
7810,LHFPL3,ENSG00000187416,579959
7811,LHFPL4,ENSG00000156959,55462
7812,LHFPL5,ENSG00000197753,48192
7813,LHPP,ENSG00000107902,156066
7814,LHX1,ENSG00000273706,7828
7815,LHX2,ENSG00000106689,31632
7816,LHX3,ENSG00000107187,8879
7817,LHX4,ENSG00000121454,48721
7818,LHX5,ENSG00000089116,10248
7819,LHX6,ENSG00000106852,27050
7820,LHX8,ENSG00000162624,33100
7821,LHX9,ENSG00000143355,23577
7822,LIAS,ENSG00000121897,26106
7823,LIF,ENSG00000128342,6307
7824,LIFR,ENSG00000113594,133687
7825,LIG1,ENSG00000105486,55159
7826,LIG3,ENSG00000005156,29232
7827,LIG4,ENSG00000174405,10930
7828,LILRA1,ENSG00000104974,8800
7829,LILRA4,ENSG00000239961,5978
7830,LILRA5,ENSG00000187116,6097
7831,LILRB1,ENSG00000104972,20865
7832,LILRB2,ENSG00000131042,7373
7833,LILRB3,ENSG00000204577,7229
7834,LILRB4,ENSG00000186818,26471
7835,LILRB5,ENSG00000105609,7881
7836,LILRP2,ENSG00000170858,4631
7837,LILRP2,ENSG00000293273,5538
7838,LIM2,ENSG00000105370,8066
7839,LIMA1,ENSG00000050405,107733
7840,LIMCH1,ENSG00000064042,340438
7841,LIMD1,ENSG00000144791,130948
7842,LIMD2,ENSG00000136490,5285
7843,LIME1,ENSG00000203896,2821
7844,LIMK1,ENSG00000106683,39593
7845,LIMK2,ENSG00000182541,67842
7846,LIMS1,ENSG00000169756,153576
7847,LIMS2,ENSG00000072163,43406
7848,LIN28A,ENSG00000131914,18912
7849,LIN28B,ENSG00000187772,146717
7850,LIN37,ENSG00000267796,6159
7851,LIN52,ENSG00000205659,116538
7852,LIN54,ENSG00000189308,102954
7853,LIN7A,ENSG00000111052,145415
7854,LIN7B,ENSG00000104863,4137
7855,LIN7C,ENSG00000148943,12352
7856,LIN9,ENSG00000183814,78721
7857,LINC00028,ENSG00000233354,1909
7858,LINC00029,ENSG00000125514,2817
7859,LINC00051,ENSG00000254008,10685
7860,LINC00052,ENSG00000259527,2940
7861,LINC00092,ENSG00000225194,8310
7862,LINC00102,ENSG00000230542,2360
7863,LINC00102,ENSG00000292347,2360
7864,LINC00111,ENSG00000227702,18156
7865,LINC00112,ENSG00000232401,2177
7866,LINC00113,ENSG00000225298,28913
7867,LINC00115,ENSG00000225880,241045
7868,LINC00158,ENSG00000185433,57460
7869,LINC00160,ENSG00000230978,13398
7870,LINC00163,ENSG00000234880,4223
7871,LINC00174,ENSG00000179406,117563
7872,LINC00184,ENSG00000224939,28124
7873,LINC00200,ENSG00000229205,129659
7874,LINC00208,ENSG00000170983,6561
7875,LINC00221,ENSG00000270816,38639
7876,LINC00226,ENSG00000276210,1155
7877,LINC00235,ENSG00000277142,2253
7878,LINC00239,ENSG00000258512,2098
7879,LINC00242,ENSG00000229214,10760
7880,LINC00244,ENSG00000279418,613
7881,LINC00251,ENSG00000280725,23299
7882,FAM225A,ENSG00000231528,8305
7883,LINC00265,ENSG00000188185,61624
7884,LINC00272,ENSG00000203729,7195
7885,LINC00273,ENSG00000256642,1452
7886,LINC00293,ENSG00000253314,85136
7887,LINC00303,ENSG00000176754,41546
7888,LINC00304,ENSG00000180422,5100
7889,LINC00307,ENSG00000227342,2633
7890,LINC00308,ENSG00000184856,17990
7891,LINC00310,ENSG00000227456,167311
7892,LINC00313,ENSG00000185186,40301
7893,LINC00314,ENSG00000178457,68328
7894,LINC00317,ENSG00000238265,14027
7895,LINC00320,ENSG00000224924,152367
7896,LINC00323,ENSG00000226496,27304
7897,LINC00324,ENSG00000178977,3464
7898,LINC00326,ENSG00000231023,199306
7899,LINC00327,ENSG00000232977,21937
7900,LINC00336,ENSG00000197251,7369
7901,LINC00410,ENSG00000231674,35644
7902,LINC00421,ENSG00000236834,2345
7903,LINC00426,ENSG00000238121,60786
7904,LINC00442,ENSG00000232685,18618
7905,LINC00466,ENSG00000224209,160584
7906,LINC00467,ENSG00000153363,52844
7907,LINC00469,ENSG00000177338,79253
7908,LINC00471,ENSG00000181798,50339
7909,LINC00472,ENSG00000233237,233585
7910,LINC00474,ENSG00000204148,86507
7911,LINC00475,ENSG00000225511,213
7912,LINC00477,ENSG00000197503,17370
7913,LINC00479,ENSG00000236384,4315
7914,LINC00482,ENSG00000185168,7467
7915,LINC00485,ENSG00000258169,15331
7916,LINC00486,ENSG00000230876,101433
7917,LINC00487,ENSG00000205837,54461
7918,LINC00488,ENSG00000214381,38906
7919,LINC00494,ENSG00000235621,10753
7920,LINC00511,ENSG00000227036,419401
7921,LINC00518,ENSG00000183674,34938
7922,LINC00523,ENSG00000196273,18825
7923,LINC00525,ENSG00000146666,5297
7924,LINC00526,ENSG00000264575,6515
7925,LINGO2,ENSG00000174482,1275985
7926,LINGO4,ENSG00000213171,5156
7927,LIPA,ENSG00000107798,200989
7928,LIPC,ENSG00000166035,159276
7929,LIPE,ENSG00000079435,25892
7930,LIPF,ENSG00000182333,14374
7931,LIPG,ENSG00000101670,38487
7932,LIPH,ENSG00000163898,46327
7933,LIPI,ENSG00000188992,102143
7934,LIPJ,ENSG00000204022,20224
7935,LIPK,ENSG00000204021,46528
7936,LIPM,ENSG00000173239,17817
7937,LIPN,ENSG00000204020,19645
7938,LIPT1,ENSG00000144182,8203
7939,LIPT2,ENSG00000175536,3206
7940,LITAF,ENSG00000189067,89507
7941,LIX1,ENSG00000145721,50887
7942,LIX1L,ENSG00000271601,24595
7943,LLGL1,ENSG00000131899,19241
7944,LLGL2,ENSG00000073350,50130
7945,LLPH,ENSG00000139233,14196
7946,LMAN1,ENSG00000074695,31443
7947,LMAN1L,ENSG00000140506,13042
7948,LMAN2,ENSG00000169223,36036
7949,LMAN2L,ENSG00000114988,34136
7950,LMBR1,ENSG00000105983,224271
7951,LMBR1L,ENSG00000139636,13765
7952,LMBRD1,ENSG00000168216,194480
7953,LMBRD2,ENSG00000164187,53481
7954,LMCD1,ENSG00000071282,72862
7955,LMF1,ENSG00000103227,127685
7956,LMF2,ENSG00000100258,4754
7957,LMLN,ENSG00000185621,83521
7958,LMNA,ENSG00000160789,57510
7959,LMNB1,ENSG00000113368,60398
7960,LMNB2,ENSG00000176619,29322
7961,LMO1,ENSG00000166407,44408
7962,LMO2,ENSG00000135363,33501
7963,LMO4,ENSG00000143013,20044
7964,LMO7,ENSG00000136153,239437
7965,LMOD1,ENSG00000163431,50093
7966,LMOD2,ENSG00000170807,8425
7967,LMOD3,ENSG00000163380,16968
7968,LMTK2,ENSG00000164715,102777
7969,LMTK3,ENSG00000142235,28665
7970,LMX1A,ENSG00000162761,154849
7971,LMX1B,ENSG00000136944,87105
7972,LNP1,ENSG00000206535,54788
7973,LNPEP,ENSG00000113441,102120
7974,LNX1,ENSG00000072201,242105
7975,LNX2,ENSG00000139517,74617
7976,STAU2-AS1,ENSG00000253302,21523
7977,SLC8A1-AS1,ENSG00000227028,468757
7978,ACVR2B-AS1,ENSG00000229589,3794
7979,SRRM2-AS1,ENSG00000205913,15551
7980,GPR158-AS1,ENSG00000233642,18636
7981,MAPT-AS1,ENSG00000264589,96315
7982,MATN1-AS1,ENSG00000186056,8343
7983,ARRDC3-AS1,ENSG00000281357,310442
7984,PCOLCE-AS1,ENSG00000224729,16381
7985,MAPT-IT1,ENSG00000279685,3016
7986,LINC00552,ENSG00000279770,2579
7987,PARD6G-AS1,ENSG00000267270,31933
7988,TSTD3,ENSG00000279170,68924
7989,LINC00605,ENSG00000251533,3036
7990,USP30-AS1,ENSG00000256262,2437
7991,PHKA2-AS1,ENSG00000237836,4679
7992,ZNF705B,ENSG00000215356,26077
7993,RSU1P2,ENSG00000232554,9492
7994,MAP3K14-AS1,ENSG00000267278,21932
7995,UBOX5-AS1,ENSG00000235958,43988
7996,NDUFB2-AS1,ENSG00000240889,1768
7997,DCTN1-AS1,ENSG00000237737,8409
7998,ZFHX4-AS1,ENSG00000253661,215018
7999,PCED1B-AS1,ENSG00000247774,81231
8000,VPS13A-AS1,ENSG00000232998,1608
8001,ANAPC1P1,ENSG00000233673,41678
8002,ADPGK-AS1,ENSG00000260898,15367
8003,AP4B1-AS1,ENSG00000226167,88859
8004,LINC00630,ENSG00000223546,276486
8005,LINC00582,ENSG00000229228,20951
8006,WTAPP1,ENSG00000255282,400
8007,WTAPP1,ENSG00000293047,89799
8008,GNG12-AS1,ENSG00000232284,370795
8009,LINC00624,ENSG00000278811,258995
8010,ZNF587B,ENSG00000269343,26518
8011,PITPNA-AS1,ENSG00000236618,1292
8012,NDUFAF4P1,ENSG00000259467,519
8013,GCSHP3,ENSG00000237580,391
8014,TRPC5OS,ENSG00000204025,27940
8015,LINC00674,ENSG00000237854,12620
8016,PRKAG2-AS1,ENSG00000239911,3548
8017,ISM1-AS1,ENSG00000226263,2277
8018,STARD4-AS1,ENSG00000246859,229331
8019,NAPA-AS1,ENSG00000268061,18118
8020,LINC00645,ENSG00000258548,110399
8021,GAS5-AS1,ENSG00000270084,1469
8022,DACT3-AS1,ENSG00000245598,18684
8023,LINC00649,ENSG00000237945,124229
8024,SRD5A3-AS1,ENSG00000249700,32126
8025,PXN-AS1,ENSG00000255857,12142
8026,DDX11-AS1,ENSG00000245614,54414
8027,LINC00629,ENSG00000227060,10655
8028,HOXD-AS2,ENSG00000237380,15488
8029,TTN-AS1,ENSG00000237298,258781
8030,TPBGL,ENSG00000261594,2931
8031,LRCOL1,ENSG00000204583,7433
8032,TEX26-AS1,ENSG00000224743,51914
8033,GIMD1,ENSG00000250298,11387
8034,SLFNL1-AS1,ENSG00000281207,29301
8035,RNF157-AS1,ENSG00000267128,16226
8036,VWA8-AS1,ENSG00000278338,25770
8037,LRP4-AS1,ENSG00000247675,28049
8038,TMLHE-AS1,ENSG00000224533,153879
8039,TMEM178B,ENSG00000261115,406317
8040,MKNK1-AS1,ENSG00000269956,31645
8041,GRID1-AS1,ENSG00000234942,29483
8042,RAB11B-AS1,ENSG00000269386,22382
8043,TGFBR3L,ENSG00000260001,4268
8044,DIO2-AS1,ENSG00000258766,261873
8045,LINC00661,ENSG00000205396,12176
8046,LINC00628,ENSG00000280924,1289
8047,MAP2K4P1,ENSG00000269904,1195
8048,MAP2K4P1,ENSG00000293351,39072
8049,SOCS2-AS1,ENSG00000246985,70654
8050,A2M-AS1,ENSG00000245105,3527
8051,LINC00330,ENSG00000235097,10128
8052,LINC00662,ENSG00000261824,112934
8053,LBX2-AS1,ENSG00000257702,7035
8054,JAKMIP2-AS1,ENSG00000280780,134899
8055,FEZF1-AS1,ENSG00000230316,6462
8056,LINC00656,ENSG00000233746,18571
8057,DLGAP1-AS3,ENSG00000263724,19012
8058,CACNA1G-AS1,ENSG00000250107,6199
8059,TBX5-AS1,ENSG00000255399,7981
8060,SBF2-AS1,ENSG00000246273,53069
8061,TRIM49B,ENSG00000182053,10951
8062,TRHDE-AS1,ENSG00000236333,26991
8063,LINC00592,ENSG00000258279,59766
8064,FGF14-AS2,ENSG00000272143,1130
8065,LINC00640,ENSG00000258479,38620
8066,LINC00641,ENSG00000258441,6822
8067,NTRK3-AS1,ENSG00000260305,18401
8068,DLGAP1-AS5,ENSG00000261520,30804
8069,ZNF790-AS1,ENSG00000267254,55517
8070,LEMD1-AS1,ENSG00000226235,49736
8071,LINC00606,ENSG00000226567,4958
8072,LINC00620,ENSG00000224514,96024
8073,PACRG-AS1,ENSG00000281692,17677
8074,INHBA-AS1,ENSG00000224116,85505
8075,SLC26A4-AS1,ENSG00000233705,11945
8076,EHHADH-AS1,ENSG00000223358,29085
8077,MPC1L,ENSG00000238205,709
8078,FAM228B,ENSG00000219626,93115
8079,LRRC37A6P,ENSG00000230445,5444
8080,SMIM1,ENSG00000235169,3234
8081,TRABD2B,ENSG00000269113,236858
8082,TMEM247,ENSG00000284701,4861
8083,OACYLP,ENSG00000224367,72605
8084,PINLYP,ENSG00000234465,8164
8085,FOXN3-AS1,ENSG00000258920,2440
8086,LINC00642,ENSG00000233208,58868
8087,TOB1-AS1,ENSG00000229980,71485
8088,ATP6V0E2-AS1,ENSG00000204934,12917
8089,HOXB-AS3,ENSG00000233101,56785
8090,LINC00544,ENSG00000122043,27721
8091,LINC00602,ENSG00000281832,2078
8092,CCDC148-AS1,ENSG00000227480,69520
8093,SLC7A11-AS1,ENSG00000250033,120714
8094,TSC22D1-AS1,ENSG00000278156,179963
8095,ARL14EPL,ENSG00000268223,27795
8096,LINC00622,ENSG00000260941,1570
8097,KANSL1-AS1,ENSG00000214401,4291
8098,LIMD1-AS1,ENSG00000230530,12841
8099,ASH1L-AS1,ENSG00000235919,8730
8100,LINC00607,ENSG00000235770,314325
8101,HHIP-AS1,ENSG00000248890,18442
8102,LYPD8,ENSG00000259823,16345
8103,FAM227A,ENSG00000184949,78512
8104,ANHX,ENSG00000227059,17566
8105,GOLGA8S,ENSG00000261739,13594
8106,GOLGA8T,ENSG00000261247,13698
8107,CD27-AS1,ENSG00000215039,13092
8108,GTF2IRD1P1,ENSG00000230583,17191
8109,GTF2IRD1P1,ENSG00000291206,34931
8110,FAHD2CP,ENSG00000231584,7879
8111,LSP1P3,ENSG00000162685,208
8112,KRTAP2-3,ENSG00000212724,875
8113,LOH12CR2,ENSG00000205791,1667
8114,LONP1,ENSG00000196365,28739
8115,LONP2,ENSG00000102910,118823
8116,LONRF1,ENSG00000154359,34168
8117,LONRF2,ENSG00000170500,50627
8118,LONRF3,ENSG00000175556,48312
8119,LOX,ENSG00000113083,15219
8120,LOXHD1,ENSG00000167210,180249
8121,LOXL1,ENSG00000129038,26149
8122,LOXL2,ENSG00000134013,128432
8123,LOXL3,ENSG00000115318,23433
8124,LOXL4,ENSG00000138131,20505
8125,LPA,ENSG00000198670,132794
8126,LPAR1,ENSG00000198121,165208
8127,LPAR2,ENSG00000064547,5276
8128,LPAR3,ENSG00000171517,81605
8129,LPAR4,ENSG00000147145,11006
8130,LPAR5,ENSG00000184574,17126
8131,LPAR6,ENSG00000139679,55138
8132,LPCAT1,ENSG00000153395,67803
8133,LPCAT2,ENSG00000087253,77595
8134,LPCAT3,ENSG00000111684,42293
8135,LPCAT4,ENSG00000176454,8564
8136,LPGAT1,ENSG00000123684,87307
8137,LPIN1,ENSG00000134324,149815
8138,LPIN2,ENSG00000101577,127849
8139,LPIN3,ENSG00000132793,19762
8140,LPL,ENSG00000175445,65543
8141,LPO,ENSG00000167419,49971
8142,LPP,ENSG00000145012,737388
8143,LPXN,ENSG00000110031,51350
8144,LRAT,ENSG00000121207,126176
8145,LRBA,ENSG00000198589,751293
8146,LRCH1,ENSG00000136141,199873
8147,LRCH2,ENSG00000130224,123481
8148,LRCH3,ENSG00000186001,97211
8149,LRCH4,ENSG00000077454,12119
8150,LRFN1,ENSG00000128011,14298
8151,LRFN2,ENSG00000156564,195774
8152,LRFN3,ENSG00000126243,11267
8153,LRFN4,ENSG00000173621,3829
8154,LRFN5,ENSG00000165379,297674
8155,LRG1,ENSG00000171236,3635
8156,LRGUK,ENSG00000155530,137297
8157,LRIF1,ENSG00000121931,16776
8158,LRIG1,ENSG00000144749,122467
8159,LRIG2,ENSG00000198799,59063
8160,LRIG3,ENSG00000139263,48356
8161,LRIT1,ENSG00000148602,10027
8162,LRIT2,ENSG00000204033,4974
8163,LRIT3,ENSG00000183423,24209
8164,LRP1,ENSG00000123384,84879
8165,LRP10,ENSG00000197324,9974
8166,LRP11,ENSG00000120256,45603
8167,LRP12,ENSG00000147650,100028
8168,LRP1B,ENSG00000168702,1899594
8169,LRP2,ENSG00000081479,235426
8170,LRP2BP,ENSG00000109771,32053
8171,LRP3,ENSG00000130881,31262
8172,LRP4,ENSG00000134569,61926
8173,LRP5,ENSG00000162337,136685
8174,LRP5L,ENSG00000100068,53663
8175,LRP6,ENSG00000070018,151020
8176,LRP8,ENSG00000157193,86106
8177,LRPAP1,ENSG00000163956,28835
8178,LRPPRC,ENSG00000138095,110003
8179,LRR1,ENSG00000165501,15912
8180,LRRC1,ENSG00000137269,129629
8181,LRRC10,ENSG00000198812,2344
8182,LRRC10B,ENSG00000204950,2270
8183,LRRC14,ENSG00000160959,7181
8184,LRRC14B,ENSG00000185028,4840
8185,LRRC15,ENSG00000172061,14495
8186,LRRC17,ENSG00000128606,32112
8187,LRRC18,ENSG00000165383,30361
8188,LRRC19,ENSG00000184434,12537
8189,LRRC2,ENSG00000163827,91564
8190,LRRC20,ENSG00000172731,83681
8191,LRRC23,ENSG00000010626,40673
8192,LRRC24,ENSG00000254402,4646
8193,LRRC25,ENSG00000175489,6486
8194,LRRC27,ENSG00000148814,49355
8195,LRRC28,ENSG00000168904,139368
8196,LRRC3,ENSG00000160233,6687
8197,LRRC30,ENSG00000206422,956
8198,LRRC31,ENSG00000114248,30764
8199,LRRC32,ENSG00000137507,13224
8200,LRRC34,ENSG00000171757,19984
8201,LRRC36,ENSG00000159708,58407
8202,LRRC37A,ENSG00000176681,45345
8203,LRRC37A3,ENSG00000176809,65351
8204,LRRC37A4P,ENSG00000214425,42227
8205,LRRC37B,ENSG00000185158,46122
8206,LRRC38,ENSG00000162494,39031
8207,LRRC39,ENSG00000122477,29820
8208,LRRC3B,ENSG00000179796,94766
8209,LRRC3C,ENSG00000204913,17268
8210,LRRC4,ENSG00000128594,5037
8211,LRRC40,ENSG00000066557,60775
8212,LRRC41,ENSG00000132128,42421
8213,LRRC42,ENSG00000116212,22092
8214,LRRC43,ENSG00000158113,35734
8215,LRRC45,ENSG00000169683,7847
8216,LRRC46,ENSG00000141294,6086
8217,LRRC47,ENSG00000130764,17940
8218,LRRC49,ENSG00000137821,200420
8219,LRRC4B,ENSG00000131409,51544
8220,LRRC4C,ENSG00000148948,1345571
8221,LRRC52,ENSG00000162763,19958
8222,LRRC55,ENSG00000183908,9971
8223,LRRC56,ENSG00000161328,17386
8224,LRRC57,ENSG00000180979,10983
8225,LRRC58,ENSG00000163428,24846
8226,LRRC59,ENSG00000108829,22465
8227,LRRC61,ENSG00000127399,14894
8228,LRRC66,ENSG00000188993,26712
8229,LRRC69,ENSG00000214954,117426
8230,LRRC7,ENSG00000033122,584024
8231,LRRC70,ENSG00000186105,2628
8232,LRRC71,ENSG00000160838,12463
8233,LRRC72,ENSG00000205858,54744
8234,LRRC73,ENSG00000204052,3379
8235,LRRC8A,ENSG00000136802,35907
8236,LRRC8B,ENSG00000197147,73033
8237,LRRC8C,ENSG00000171488,136832
8238,LRRC8D,ENSG00000171492,115598
8239,LRRC8E,ENSG00000171017,13517
8240,LRRCC1,ENSG00000133739,38866
8241,LRRD1,ENSG00000240720,37889
8242,LRRFIP1,ENSG00000124831,186096
8243,LRRFIP2,ENSG00000093167,131064
8244,LRRIQ1,ENSG00000133640,228144
8245,LRRIQ3,ENSG00000162620,172173
8246,LRRIQ4,ENSG00000188306,24904
8247,LRRK1,ENSG00000154237,158931
8248,LRRK2,ENSG00000188906,172542
8249,LRRN1,ENSG00000175928,50404
8250,LRRN3,ENSG00000173114,34449
8251,LRRN4,ENSG00000125872,13515
8252,LRRN4CL,ENSG00000177363,3125
8253,LRRTM1,ENSG00000162951,16402
8254,LRRTM2,ENSG00000146006,6448
8255,LRRTM3,ENSG00000198739,175516
8256,LRRTM4,ENSG00000176204,845635
8257,LRSAM1,ENSG00000148356,52011
8258,LRTM1,ENSG00000144771,48858
8259,LRTM2,ENSG00000166159,16487
8260,LRTOMT,ENSG00000284922,30452
8261,LRWD1,ENSG00000161036,8213
8262,LSAMP,ENSG00000185565,2195219
8263,LSG1,ENSG00000041802,31673
8264,LSM1,ENSG00000175324,13396
8265,LSM10,ENSG00000181817,6671
8266,LSM11,ENSG00000155858,16998
8267,LSM12,ENSG00000161654,33292
8268,LSM14A,ENSG00000257103,56785
8269,LSM14B,ENSG00000149657,12914
8270,LSM2,ENSG00000204392,9571
8271,LSM3,ENSG00000170860,22306
8272,LSM4,ENSG00000130520,16877
8273,LSM5,ENSG00000106355,9946
8274,LSM6,ENSG00000164167,24298
8275,LSM7,ENSG00000130332,7092
8276,LSR,ENSG00000105699,19635
8277,LSS,ENSG00000160285,40684
8278,LST1,ENSG00000204482,2786
8279,LTA,ENSG00000226979,2271
8280,LTA4H,ENSG00000111144,42768
8281,LTB,ENSG00000227507,1998
8282,LTB4R,ENSG00000213903,6587
8283,LTB4R2,ENSG00000213906,6320
8284,LTBP1,ENSG00000049323,452557
8285,LTBP2,ENSG00000119681,114196
8286,LTBP3,ENSG00000168056,20372
8287,LTBP4,ENSG00000090006,36936
8288,LTBR,ENSG00000111321,16527
8289,LTC4S,ENSG00000213316,2668
8290,LTF,ENSG00000012223,49590
8291,LTK,ENSG00000062524,10251
8292,LTN1,ENSG00000198862,64813
8293,LTV1,ENSG00000135521,20475
8294,LUC7L,ENSG00000007392,40495
8295,LUC7L3,ENSG00000108848,36655
8296,LUM,ENSG00000139329,8866
8297,LUZP1,ENSG00000169641,94123
8298,LUZP2,ENSG00000187398,585669
8299,LUZP4,ENSG00000102021,17849
8300,LXN,ENSG00000079257,26827
8301,LY6D,ENSG00000167656,1658
8302,LY6E,ENSG00000160932,5851
8303,LY6G5B,ENSG00000240053,3801
8304,LY6G5C,ENSG00000204428,7357
8305,LY6G6C,ENSG00000204421,3099
8306,LY6G6F,ENSG00000204424,3814
8307,LY6H,ENSG00000176956,2798
8308,LY6K,ENSG00000160886,5017
8309,LY86,ENSG00000112799,66876
8310,LY9,ENSG00000122224,32410
8311,LY96,ENSG00000154589,37688
8312,LYAR,ENSG00000145220,22454
8313,LYG1,ENSG00000144214,20505
8314,LYG2,ENSG00000185674,13421
8315,LYL1,ENSG00000104903,4129
8316,LYN,ENSG00000254087,134335
8317,LYNX1,ENSG00000180155,6614
8318,LYPD1,ENSG00000150551,28294
8319,LYPD2,ENSG00000197353,2383
8320,LYPD3,ENSG00000124466,4822
8321,LYPD4,ENSG00000273111,7624
8322,LYPD5,ENSG00000159871,41333
8323,LYPD6,ENSG00000187123,144154
8324,LYPD6B,ENSG00000150556,177156
8325,LYPLA1,ENSG00000120992,55651
8326,LYPLA2,ENSG00000011009,4430
8327,LYPLAL1,ENSG00000143353,38997
8328,LYRM1,ENSG00000102897,25139
8329,LYRM2,ENSG00000083099,70606
8330,LYRM4,ENSG00000214113,157322
8331,LYRM7,ENSG00000186687,34485
8332,LYSMD1,ENSG00000163155,6201
8333,LYSMD2,ENSG00000140280,28575
8334,LYSMD3,ENSG00000176018,13974
8335,LYSMD4,ENSG00000183060,17865
8336,LYST,ENSG00000143669,222684
8337,LYVE1,ENSG00000133800,54724
8338,LYZ,ENSG00000090382,5854
8339,LYZL1,ENSG00000120563,29268
8340,LYZL2,ENSG00000151033,17984
8341,LYZL4,ENSG00000157093,13528
8342,LYZL6,ENSG00000275722,9196
8343,LZIC,ENSG00000162441,21295
8344,LZTFL1,ENSG00000163818,92727
8345,LZTR1,ENSG00000099949,16764
8346,LZTS1,ENSG00000061337,57799
8347,LZTS2,ENSG00000107816,11219
8348,M6PR,ENSG00000003056,9401
8349,MAB21L1,ENSG00000180660,5346
8350,MAB21L2,ENSG00000181541,2543
8351,MAB21L3,ENSG00000173212,26751
8352,MACC1,ENSG00000183742,82750
8353,MACF1,ENSG00000127603,405862
8354,MACROD1,ENSG00000133315,167556
8355,MACROD2,ENSG00000172264,2057829
8356,MAD1L1,ENSG00000002822,417451
8357,MAD2L1,ENSG00000164109,11236
8358,MAD2L1BP,ENSG00000124688,11402
8359,MAD2L2,ENSG00000116670,34582
8360,MADCAM1,ENSG00000099866,16168
8361,MADD,ENSG00000110514,60871
8362,MAEA,ENSG00000090316,50261
8363,MAEL,ENSG00000143194,46633
8364,MAF,ENSG00000178573,14895
8365,MAF1,ENSG00000179632,3192
8366,MAFA,ENSG00000182759,11551
8367,MAFB,ENSG00000204103,3389
8368,MAFF,ENSG00000185022,15741
8369,MAFG,ENSG00000197063,9466
8370,MAFK,ENSG00000198517,12342
8371,MAG,ENSG00000105695,21683
8372,MAGEA1,ENSG00000198681,4597
8373,MAGEA10,ENSG00000124260,5269
8374,MAGEA11,ENSG00000185247,29041
8375,MAGEA12,ENSG00000213401,3913
8376,MAGEA2,ENSG00000268606,4022
8377,MAGEA3,ENSG00000221867,3581
8378,MAGEA4,ENSG00000147381,12677
8379,MAGEA6,ENSG00000197172,3581
8380,MAGEA8,ENSG00000156009,4695
8381,MAGEA9B,ENSG00000267978,5807
8382,MAGEB1,ENSG00000214107,8326
8383,MAGEB10,ENSG00000177689,15025
8384,MAGEB16,ENSG00000189023,5431
8385,MAGEB18,ENSG00000176774,2394
8386,MAGEB2,ENSG00000099399,4527
8387,MAGEB3,ENSG00000198798,6839
8388,MAGEB4,ENSG00000120289,2188
8389,MAGEB6,ENSG00000176746,3207
8390,MAGEC1,ENSG00000155495,5481
8391,MAGEC2,ENSG00000046774,2949
8392,MAGEC3,ENSG00000165509,59517
8393,MAGED1,ENSG00000179222,99348
8394,MAGED2,ENSG00000102316,8417
8395,MAGED4B,ENSG00000187243,7393
8396,MAGEE1,ENSG00000198934,3633
8397,MAGEE2,ENSG00000186675,2268
8398,MAGEF1,ENSG00000177383,1701
8399,MAGEH1,ENSG00000187601,1440
8400,MAGEL2,ENSG00000254585,4319
8401,MAGI1,ENSG00000151276,685394
8402,MAGI2,ENSG00000187391,1436613
8403,MAGI3,ENSG00000081026,295409
8404,MAGIX,ENSG00000269313,6211
8405,MAGOH,ENSG00000162385,11619
8406,MAGOHB,ENSG00000111196,9420
8407,MAGT1,ENSG00000102158,73525
8408,MAK16,ENSG00000198042,16081
8409,MAL,ENSG00000172005,28316
8410,MAL2,ENSG00000147676,80640
8411,MALL,ENSG00000144063,32153
8412,MALT1,ENSG00000172175,83013
8413,MAMDC2,ENSG00000165072,183125
8414,MAMDC4,ENSG00000177943,9857
8415,MAML1,ENSG00000161021,44462
8416,MAML2,ENSG00000184384,366598
8417,MAML3,ENSG00000196782,437432
8418,MAMLD1,ENSG00000013619,152757
8419,MAMSTR,ENSG00000176909,7989
8420,MAN1A1,ENSG00000111885,172557
8421,MAN1A2,ENSG00000198162,161424
8422,MAN1B1,ENSG00000177239,22333
8423,MAN1C1,ENSG00000117643,167660
8424,MAN2A1,ENSG00000112893,179699
8425,MAN2A2,ENSG00000196547,20367
8426,MAN2B1,ENSG00000104774,22912
8427,MAN2B2,ENSG00000013288,48174
8428,MAN2C1,ENSG00000140400,13406
8429,MANBA,ENSG00000109323,130225
8430,MANBAL,ENSG00000101363,27612
8431,MANEA,ENSG00000172469,31986
8432,MANEAL,ENSG00000185090,7291
8433,MANF,ENSG00000145050,4107
8434,MANSC1,ENSG00000111261,24187
8435,MANSC4,ENSG00000205693,17810
8436,MAOA,ENSG00000189221,91911
8437,MAOB,ENSG00000069535,115841
8438,MAP1A,ENSG00000166963,20663
8439,MAP1B,ENSG00000131711,102332
8440,MAP1LC3A,ENSG00000101460,13492
8441,MAP1LC3B2,ENSG00000258102,28502
8442,MAP1LC3C,ENSG00000197769,3609
8443,MAP1S,ENSG00000130479,15272
8444,MAP2,ENSG00000078018,310101
8445,MAP2K1,ENSG00000169032,104820
8446,MAP2K2,ENSG00000126934,33802
8447,MAP2K3,ENSG00000034152,30561
8448,MAP2K4,ENSG00000065559,123002
8449,MAP2K5,ENSG00000137764,264415
8450,MAP2K6,ENSG00000108984,139169
8451,MAP2K7,ENSG00000076984,10636
8452,MAP3K1,ENSG00000095015,80604
8453,MAP3K10,ENSG00000130758,24150
8454,MAP3K11,ENSG00000173327,17627
8455,MAP3K12,ENSG00000139625,20395
8456,MAP3K13,ENSG00000073803,206154
8457,MAP3K14,ENSG00000006062,53911
8458,MAP3K15,ENSG00000180815,155453
8459,MAP3K2,ENSG00000169967,89798
8460,MAP3K3,ENSG00000198909,73891
8461,MAP3K4,ENSG00000085511,125659
8462,MAP3K5,ENSG00000197442,236052
8463,MAP3K6,ENSG00000142733,11778
8464,MAP3K7,ENSG00000135341,73514
8465,MAP3K9,ENSG00000006432,87009
8466,MAP4,ENSG00000047849,238583
8467,MAP4K1,ENSG00000104814,31242
8468,MAP4K2,ENSG00000168067,18324
8469,MAP4K3,ENSG00000011566,188036
8470,MAP4K4,ENSG00000071054,197841
8471,MAP4K5,ENSG00000012983,142626
8472,MAP6,ENSG00000171533,82121
8473,MAP6D1,ENSG00000180834,9673
8474,MAP7,ENSG00000135525,208539
8475,MAP7D1,ENSG00000116871,25271
8476,MAP7D2,ENSG00000184368,110195
8477,MAP7D3,ENSG00000129680,43263
8478,MAP9,ENSG00000164114,34313
8479,MAPK1,ENSG00000100030,108024
8480,MAPK10,ENSG00000109339,604619
8481,MAPK11,ENSG00000185386,7055
8482,MAPK12,ENSG00000188130,16267
8483,MAPK13,ENSG00000156711,16716
8484,MAPK14,ENSG00000112062,94760
8485,MAPK15,ENSG00000181085,6119
8486,MAPK1IP1L,ENSG00000168175,18548
8487,MAPK3,ENSG00000102882,9402
8488,MAPK4,ENSG00000141639,171740
8489,MAPK6,ENSG00000069956,115270
8490,MAPK7,ENSG00000166484,5824
8491,MAPK8,ENSG00000107643,132722
8492,MAPK8IP1,ENSG00000121653,20815
8493,MAPK8IP2,ENSG00000008735,13189
8494,MAPK8IP3,ENSG00000138834,64186
8495,MAPK9,ENSG00000050748,58957
8496,MAPKAP1,ENSG00000119487,269842
8497,MAPKAPK2,ENSG00000162889,49377
8498,MAPKAPK5,ENSG00000089022,60210
8499,MAPKBP1,ENSG00000137802,53422
8500,MAPRE1,ENSG00000101367,30452
8501,MAPRE2,ENSG00000166974,166543
8502,MAPRE3,ENSG00000084764,56583
8503,MAPT,ENSG00000186868,133808
8504,MARCKS,ENSG00000277443,6131
8505,MARCKSL1,ENSG00000175130,2395
8506,MARCO,ENSG00000019169,52467
8507,MARK1,ENSG00000116141,136326
8508,MARK2,ENSG00000072518,72093
8509,MARK2P9,ENSG00000232709,2209
8510,MARK3,ENSG00000075413,118455
8511,MARK4,ENSG00000007047,225997
8512,MARS2,ENSG00000247626,3027
8513,MARVELD1,ENSG00000155254,4978
8514,MARVELD2,ENSG00000152939,29266
8515,MARVELD3,ENSG00000140832,15954
8516,MAS1,ENSG00000130368,26460
8517,MAS1L,ENSG00000204687,1260
8518,MASP1,ENSG00000127241,74699
8519,MASP2,ENSG00000009724,25231
8520,MAST1,ENSG00000105613,41002
8521,MAST2,ENSG00000086015,249136
8522,MAST3,ENSG00000099308,53915
8523,MAST4,ENSG00000069020,573214
8524,MASTL,ENSG00000120539,33130
8525,MAT1A,ENSG00000151224,17839
8526,MAT2A,ENSG00000168906,6114
8527,MAT2B,ENSG00000038274,16445
8528,MATK,ENSG00000007264,24160
8529,C1RL-AS1,ENSG00000205885,14860
8530,MATN1,ENSG00000162510,12309
8531,MATN2,ENSG00000132561,167885
8532,MATN3,ENSG00000132031,20617
8533,MATN4,ENSG00000124159,15085
8534,MATR3,ENSG00000015479,38004
8535,MATR3,ENSG00000280987,57920
8536,MAU2,ENSG00000129933,37926
8537,MAVS,ENSG00000088888,29325
8538,MAX,ENSG00000125952,96522
8539,MAZ,ENSG00000103495,5059
8540,MB,ENSG00000198125,31188
8541,MB21D2,ENSG00000180611,121042
8542,MBD1,ENSG00000141644,14893
8543,MBD2,ENSG00000134046,73064
8544,MBD3,ENSG00000071655,19270
8545,MBD3L1,ENSG00000170948,10964
8546,MBD3L2,ENSG00000230522,2415
8547,MBD4,ENSG00000129071,9233
8548,MBD5,ENSG00000204406,495961
8549,MBD6,ENSG00000166987,9439
8550,MBIP,ENSG00000151332,22074
8551,MBL1P,ENSG00000242600,2706
8552,MBL1P,ENSG00000293431,2942
8553,MBL2,ENSG00000165471,7405
8554,MBLAC1,ENSG00000214309,1711
8555,MBLAC2,ENSG00000176055,16563
8556,MBNL1,ENSG00000152601,221953
8557,MBNL2,ENSG00000139793,172687
8558,MBNL3,ENSG00000076770,120649
8559,MBOAT1,ENSG00000172197,112786
8560,MBOAT2,ENSG00000143797,151020
8561,MBOAT4,ENSG00000177669,12995
8562,MBOAT7,ENSG00000125505,16471
8563,MBP,ENSG00000197971,154857
8564,MBTD1,ENSG00000011258,82739
8565,MBTPS1,ENSG00000140943,63182
8566,MBTPS2,ENSG00000012174,45807
8567,MC2R,ENSG00000185231,33664
8568,MC3R,ENSG00000124089,1084
8569,MC4R,ENSG00000166603,1714
8570,MC5R,ENSG00000176136,3175
8571,MCAM,ENSG00000076706,12993
8572,SLC25A51,ENSG00000122696,24954
8573,SLC25A52,ENSG00000141437,1297
8574,SLC25A51P1,ENSG00000220483,871
8575,SLC25A53,ENSG00000269743,57796
8576,MCAT,ENSG00000100294,11190
8577,MCC,ENSG00000171444,466718
8578,MCCC1,ENSG00000078070,100858
8579,MCCC2,ENSG00000131844,79176
8580,MCCD1,ENSG00000204511,1271
8581,MCEE,ENSG00000124370,20556
8582,MCF2,ENSG00000101977,126447
8583,MCF2L,ENSG00000126217,205365
8584,MCF2L2,ENSG00000053524,250738
8585,MCFD2,ENSG00000180398,39986
8586,MCHR1,ENSG00000128285,3540
8587,MCHR2,ENSG00000152034,75729
8588,MCL1,ENSG00000143384,18844
8589,MCM10,ENSG00000065328,49553
8590,MCM2,ENSG00000073111,24214
8591,MCM3,ENSG00000112118,20868
8592,MCM3AP,ENSG00000160294,51165
8593,MCM4,ENSG00000104738,17976
8594,MCM5,ENSG00000100297,25298
8595,MCM6,ENSG00000076003,36818
8596,MCM7,ENSG00000166508,9708
8597,MCM8,ENSG00000125885,48326
8598,MCM9,ENSG00000111877,121721
8599,MCMBP,ENSG00000197771,63153
8600,MCOLN1,ENSG00000090674,11386
8601,MCOLN2,ENSG00000153898,71531
8602,MCOLN3,ENSG00000055732,30419
8603,MCPH1,ENSG00000147316,241917
8604,MCRS1,ENSG00000187778,11602
8605,MCTP1,ENSG00000175471,581405
8606,MCTP2,ENSG00000140563,252415
8607,MCTS1,ENSG00000232119,27150
8608,MCU,ENSG00000156026,195552
8609,MDC1,ENSG00000137337,17641
8610,MDFI,ENSG00000112559,17363
8611,MDFIC,ENSG00000135272,97824
8612,MDGA1,ENSG00000112139,68628
8613,MDGA2,ENSG00000139915,835514
8614,MDH1,ENSG00000014641,18589
8615,MDH1B,ENSG00000138400,27566
8616,MDH2,ENSG00000146701,19458
8617,MDK,ENSG00000110492,3082
8618,MDM1,ENSG00000111554,59939
8619,MDM2,ENSG00000135679,37368
8620,MDM4,ENSG00000198625,41742
8621,MDN1,ENSG00000112159,177297
8622,ME1,ENSG00000065833,220650
8623,ME2,ENSG00000082212,75178
8624,ME3,ENSG00000151376,231529
8625,MEA1,ENSG00000124733,5726
8626,MEAF6,ENSG00000163875,24774
8627,MECOM,ENSG00000085276,580277
8628,MECP2,ENSG00000169057,115531
8629,MECR,ENSG00000116353,38286
8630,MED1,ENSG00000125686,46988
8631,MED10,ENSG00000133398,6698
8632,MED11,ENSG00000161920,2181
8633,MED12,ENSG00000184634,25561
8634,MED12L,ENSG00000144893,351787
8635,MED13,ENSG00000108510,122674
8636,MED13L,ENSG00000123066,319789
8637,MED14,ENSG00000180182,87554
8638,MED15,ENSG00000099917,91720
8639,MED16,ENSG00000175221,25589
8640,MED17,ENSG00000042429,30737
8641,MED18,ENSG00000130772,6964
8642,MED19,ENSG00000156603,8512
8643,MED20,ENSG00000124641,15786
8644,MED21,ENSG00000152944,43798
8645,MED22,ENSG00000148297,9820
8646,MED23,ENSG00000112282,54277
8647,MED24,ENSG00000008838,42119
8648,MED25,ENSG00000104973,22102
8649,MED26,ENSG00000105085,54156
8650,MED27,ENSG00000160563,226940
8651,MED28,ENSG00000118579,19465
8652,MED29,ENSG00000063322,9339
8653,MED30,ENSG00000164758,19550
8654,MED31,ENSG00000108590,8324
8655,MED4,ENSG00000136146,41809
8656,MED6,ENSG00000133997,19434
8657,MED7,ENSG00000155868,21596
8658,MED8,ENSG00000159479,5892
8659,MED9,ENSG00000141026,16228
8660,MEF2A,ENSG00000068305,151072
8661,MEF2B,ENSG00000213999,46565
8662,MEF2C,ENSG00000081189,187141
8663,MEF2D,ENSG00000116604,37053
8664,MEFV,ENSG00000103313,14607
8665,MEG8,ENSG00000225746,155803
8666,MEGF10,ENSG00000145794,174942
8667,MEGF11,ENSG00000157890,358678
8668,MEGF6,ENSG00000162591,123558
8669,MEGF8,ENSG00000105429,53161
8670,MEGF9,ENSG00000106780,113660
8671,MEI1,ENSG00000167077,99954
8672,MEIG1,ENSG00000197889,28663
8673,MEIS1,ENSG00000143995,140418
8674,MEIS2,ENSG00000134138,212096
8675,MEIS3,ENSG00000105419,16404
8676,MEIS3P1,ENSG00000179277,958
8677,MELK,ENSG00000165304,104822
8678,MEMO1,ENSG00000162959,146171
8679,MEN1,ENSG00000133895,7785
8680,MEOX1,ENSG00000005102,21534
8681,MEOX2,ENSG00000106511,75472
8682,MEP1A,ENSG00000112818,46390
8683,MEP1B,ENSG00000141434,35336
8684,MEPCE,ENSG00000146834,5805
8685,MEPE,ENSG00000152595,25417
8686,MERTK,ENSG00000153208,130955
8687,MESP2,ENSG00000188095,18164
8688,MEST,ENSG00000106484,20295
8689,MESTIT1,ENSG00000272701,4992
8690,MET,ENSG00000105976,126182
8691,METAP1,ENSG00000164024,67151
8692,METAP1D,ENSG00000172878,82488
8693,METAP2,ENSG00000111142,42320
8694,METRN,ENSG00000103260,4538
8695,METRNL,ENSG00000176845,15514
8696,METTL1,ENSG00000037897,3649
8697,NTMT1,ENSG00000148335,27252
8698,METTL13,ENSG00000010165,32364
8699,METTL14,ENSG00000145388,30042
8700,METTL15,ENSG00000169519,418794
8701,METTL16,ENSG00000127804,106330
8702,METTL17,ENSG00000165792,7063
8703,METTL18,ENSG00000171806,2435
8704,TRMT44,ENSG00000155275,57392
8705,METTL21A,ENSG00000144401,45298
8706,METTL21C,ENSG00000139780,9298
8707,METTL22,ENSG00000067365,27972
8708,METTL23,ENSG00000181038,7107
8709,METTL2A,ENSG00000087995,29511
8710,METTL2B,ENSG00000165055,29874
8711,METTL3,ENSG00000165819,13210
8712,METTL4,ENSG00000101574,33985
8713,METTL5,ENSG00000138382,14851
8714,METTL6,ENSG00000206562,59292
8715,METTL8,ENSG00000123600,119057
8716,METTL9,ENSG00000197006,60254
8717,MEX3A,ENSG00000254726,10453
8718,MEX3B,ENSG00000183496,4342
8719,MEX3C,ENSG00000176624,43784
8720,MEX3D,ENSG00000181588,13654
8721,MFAP1,ENSG00000140259,20199
8722,MFAP2,ENSG00000117122,6131
8723,MFAP3,ENSG00000037749,181520
8724,MFAP3L,ENSG00000198948,46435
8725,MFAP4,ENSG00000166482,3749
8726,MFAP5,ENSG00000197614,25543
8727,MFF,ENSG00000168958,32683
8728,MFGE8,ENSG00000140545,14786
8729,MFHAS1,ENSG00000147324,110277
8730,MFN1,ENSG00000171109,47228
8731,MFN2,ENSG00000116688,35031
8732,MFNG,ENSG00000100060,17331
8733,MFSD1,ENSG00000118855,97522
8734,MFSD10,ENSG00000109736,4274
8735,MFSD11,ENSG00000092931,45585
8736,MFSD12,ENSG00000161091,36030
8737,MFSD2A,ENSG00000168389,14857
8738,MFSD2B,ENSG00000205639,53241
8739,MFSD3,ENSG00000167700,2144
8740,MFSD5,ENSG00000182544,3156
8741,MFSD6,ENSG00000151690,100851
8742,MFSD6L,ENSG00000185156,2256
8743,MFSD8,ENSG00000164073,48236
8744,MFSD9,ENSG00000135953,22259
8745,MGA,ENSG00000174197,151948
8746,MGAM,ENSG00000257335,198935
8747,MGAT2,ENSG00000168282,2683
8748,MGAT3,ENSG00000128268,35183
8749,MGAT4A,ENSG00000071073,112027
8750,MGAT4B,ENSG00000161013,9356
8751,MGAT4C,ENSG00000182050,883239
8752,MGAT5,ENSG00000152127,334639
8753,MGAT5B,ENSG00000167889,81990
8754,FAM222A-AS1,ENSG00000255650,39343
8755,MGC15885,ENSG00000259458,8120
8756,LINC00626,ENSG00000225826,8875
8757,MGLL,ENSG00000074416,363129
8758,MGMT,ENSG00000170430,303794
8759,MGP,ENSG00000111341,4994
8760,MGRN1,ENSG00000102858,74482
8761,MGST1,ENSG00000008394,262118
8762,MGST2,ENSG00000085871,74978
8763,MGST3,ENSG00000143198,30584
8764,MIA,ENSG00000261857,5843
8765,MIA2,ENSG00000150527,158283
8766,MIA3,ENSG00000154305,49911
8767,MIB1,ENSG00000101752,165997
8768,MIB2,ENSG00000197530,15152
8769,MICA,ENSG00000204520,15532
8770,MICAL1,ENSG00000135596,21907
8771,MICAL2,ENSG00000133816,265137
8772,MICAL3,ENSG00000243156,236913
8773,MICALL1,ENSG00000100139,37166
8774,MICALL2,ENSG00000164877,31006
8775,MICB,ENSG00000204516,16244
8776,MICU1,ENSG00000107745,258792
8777,MID1,ENSG00000101871,388345
8778,MID1IP1,ENSG00000165175,5098
8779,MID2,ENSG00000080561,105883
8780,MIDN,ENSG00000167470,10591
8781,MIEN1,ENSG00000141741,2037
8782,MIER1,ENSG00000198160,63725
8783,MIER2,ENSG00000105556,39243
8784,MIER3,ENSG00000155545,52074
8785,MIF4GD,ENSG00000125457,5004
8786,MIIP,ENSG00000116691,12580
8787,MIMT1,ENSG00000268654,7708
8788,MINK1,ENSG00000141503,64722
8789,MINPP1,ENSG00000107789,48587
8790,MIOS,ENSG00000164654,42058
8791,MIOX,ENSG00000100253,3865
8792,MIP,ENSG00000135517,19665
8793,MIPEP,ENSG00000027001,159212
8794,MIPOL1,ENSG00000151338,381232
8795,MIR155HG,ENSG00000234883,14577
8796,MIR181D,ENSG00000207585,137
8797,MIR205HG,ENSG00000230937,5325
8798,MIR210HG,ENSG00000247095,2886
8799,MIR31HG,ENSG00000171889,227302
8800,MIR3907,ENSG00000265810,151
8801,MIR4500HG,ENSG00000228824,247053
8802,MIR490,ENSG00000207597,128
8803,MIR497HG,ENSG00000267532,146914
8804,MIR548I1,ENSG00000221737,149
8805,MIR548I2,ENSG00000221275,149
8806,MIR548I3,ENSG00000221305,149
8807,MIR600HG,ENSG00000236901,5984
8808,MIR7-3HG,ENSG00000176840,16047
8809,MIS12,ENSG00000167842,4530
8810,MIS18A,ENSG00000159055,10822
8811,MIS18BP1,ENSG00000129534,50351
8812,MITD1,ENSG00000158411,19632
8813,MITF,ENSG00000187098,228881
8814,MIXL1,ENSG00000185155,3443
8815,MKI67,ENSG00000148773,29765
8816,MKKS,ENSG00000125863,33214
8817,MKLN1,ENSG00000128585,386537
8818,MKNK1,ENSG00000079277,59437
8819,MKNK2,ENSG00000099875,13780
8820,MKRN1,ENSG00000133606,26504
8821,MKRN2,ENSG00000075975,29152
8822,MKRN3,ENSG00000179455,64402
8823,MKRN7P,ENSG00000225849,1371
8824,MKS1,ENSG00000011143,14165
8825,MKX,ENSG00000150051,73187
8826,MLANA,ENSG00000120215,19718
8827,MLC1,ENSG00000100427,26036
8828,MLEC,ENSG00000110917,17134
8829,MLF1,ENSG00000178053,36090
8830,MLF2,ENSG00000089693,19480
8831,MLH1,ENSG00000076242,57671
8832,MLH3,ENSG00000119684,37764
8833,MLIP,ENSG00000146147,336299
8834,MLKL,ENSG00000168404,29106
8835,MLLT1,ENSG00000130382,69595
8836,MLLT10,ENSG00000078403,218985
8837,MLLT11,ENSG00000213190,9148
8838,MLLT3,ENSG00000171843,280831
8839,MLLT6,ENSG00000275023,24523
8840,MLN,ENSG00000096395,9331
8841,MLNR,ENSG00000102539,2040
8842,MLPH,ENSG00000115648,69895
8843,MLST8,ENSG00000167965,5206
8844,MLX,ENSG00000108788,6168
8845,MLXIP,ENSG00000175727,68589
8846,MLXIPL,ENSG00000009950,31350
8847,MLYCD,ENSG00000103150,52331
8848,MMAA,ENSG00000151611,60992
8849,MMAB,ENSG00000139428,19866
8850,MMACHC,ENSG00000132763,13083
8851,MMADHC,ENSG00000168288,18142
8852,MMD,ENSG00000108960,29303
8853,MMD2,ENSG00000136297,53224
8854,MME,ENSG00000196549,159581
8855,MMEL1,ENSG00000142606,42378
8856,MMGT1,ENSG00000169446,13442
8857,MMP1,ENSG00000196611,8760
8858,MMP10,ENSG00000166670,10127
8859,MMP11,ENSG00000099953,16091
8860,MMP12,ENSG00000262406,12247
8861,MMP13,ENSG00000137745,12738
8862,MMP14,ENSG00000157227,12482
8863,MMP15,ENSG00000102996,21148
8864,MMP16,ENSG00000156103,296015
8865,MMP17,ENSG00000198598,23391
8866,MMP19,ENSG00000123342,7534
8867,MMP2,ENSG00000087245,116992
8868,MMP20,ENSG00000137674,48501
8869,MMP21,ENSG00000154485,22242
8870,MMP23B,ENSG00000189409,3101
8871,MMP24,ENSG00000125966,50309
8872,MMP25,ENSG00000008516,14668
8873,MMP26,ENSG00000167346,287648
8874,MMP27,ENSG00000137675,14283
8875,MMP28,ENSG00000271447,39459
8876,MMP3,ENSG00000149968,7809
8877,MMP7,ENSG00000137673,10243
8878,MMP8,ENSG00000118113,15255
8879,MMP9,ENSG00000100985,7654
8880,MMRN1,ENSG00000138722,75098
8881,MMRN2,ENSG00000173269,33942
8882,MMS19,ENSG00000155229,40471
8883,MMS22L,ENSG00000146263,141057
8884,MN1,ENSG00000169184,53480
8885,MNAT1,ENSG00000020426,235224
8886,MND1,ENSG00000121211,70470
8887,MNDA,ENSG00000163563,18156
8888,MNS1,ENSG00000138587,43594
8889,MNT,ENSG00000070444,17032
8890,MNX1,ENSG00000130675,16613
8891,MOAP1,ENSG00000165943,2725
8892,MOB1A,ENSG00000114978,26371
8893,MOB1B,ENSG00000173542,120124
8894,MOB2,ENSG00000182208,31791
8895,MOB3A,ENSG00000172081,25638
8896,MOB3B,ENSG00000120162,204606
8897,MOB3C,ENSG00000142961,9093
8898,MOBP,ENSG00000168314,62282
8899,MOCOS,ENSG00000075643,84661
8900,MOCS1,ENSG00000124615,34974
8901,MOCS2,ENSG00000164172,14385
8902,MOCS3,ENSG00000124217,5112
8903,MOG,ENSG00000204655,15371
8904,MOGAT1,ENSG00000124003,38273
8905,MOGAT2,ENSG00000166391,15121
8906,MOGAT3,ENSG00000106384,6032
8907,MOGS,ENSG00000115275,4354
8908,MOK,ENSG00000080823,80691
8909,MON1A,ENSG00000164077,23014
8910,MON1B,ENSG00000103111,11564
8911,MON2,ENSG00000061987,133660
8912,MORC1,ENSG00000114487,159887
8913,MORC2,ENSG00000133422,43645
8914,MORC3,ENSG00000159256,65960
8915,MORC4,ENSG00000133131,186342
8916,MORF4L1,ENSG00000185787,92592
8917,MORF4L2,ENSG00000123562,12663
8918,MORN1,ENSG00000116151,70455
8919,MORN2,ENSG00000188010,53097
8920,MORN3,ENSG00000139714,23890
8921,MORN4,ENSG00000171160,18948
8922,MORN5,ENSG00000185681,40181
8923,MOS,ENSG00000172680,1041
8924,MOSPD1,ENSG00000101928,27626
8925,MOSPD2,ENSG00000130150,48907
8926,MOSPD3,ENSG00000106330,3283
8927,MOV10,ENSG00000155363,27616
8928,MOV10L1,ENSG00000073146,71685
8929,MOXD1,ENSG00000079931,105421
8930,MOXD2P,ENSG00000240268,6328
8931,MPDU1,ENSG00000129255,9261
8932,MPDZ,ENSG00000107186,173987
8933,MPEG1,ENSG00000197629,4418
8934,MPG,ENSG00000103152,8845
8935,MPHOSPH10,ENSG00000124383,19792
8936,MPHOSPH6,ENSG00000135698,22427
8937,MPHOSPH8,ENSG00000196199,39783
8938,MPHOSPH9,ENSG00000051825,91695
8939,MPI,ENSG00000178802,12215
8940,MPL,ENSG00000117400,16649
8941,MPND,ENSG00000008382,16560
8942,MPO,ENSG00000005381,11081
8943,MPP1,ENSG00000130830,42324
8944,MPP2,ENSG00000108852,34355
8945,MPP3,ENSG00000161647,32372
8946,MPP4,ENSG00000082126,53825
8947,MPP7,ENSG00000150054,283494
8948,MPPE1,ENSG00000154889,25745
8949,MPPED1,ENSG00000186732,96653
8950,MPPED2,ENSG00000066382,202380
8951,MPST,ENSG00000128309,10187
8952,MPV17,ENSG00000115204,16189
8953,MPV17L,ENSG00000156968,17518
8954,MPV17L2,ENSG00000254858,3731
8955,MPZ,ENSG00000158887,5234
8956,MPZL1,ENSG00000197965,70728
8957,MPZL2,ENSG00000149573,11121
8958,MPZL3,ENSG00000160588,25676
8959,MR1,ENSG00000153029,28565
8960,MRAP,ENSG00000170262,22972
8961,MRAP2,ENSG00000135324,57110
8962,MRAS,ENSG00000158186,57887
8963,MRC1,ENSG00000260314,101817
8964,MRC2,ENSG00000011028,65928
8965,MREG,ENSG00000118242,91513
8966,MRFAP1,ENSG00000179010,2639
8967,MRFAP1L1,ENSG00000178988,2165
8968,MRGPRD,ENSG00000172938,966
8969,MRGPRE,ENSG00000184350,7388
8970,MRGPRF,ENSG00000172935,8849
8971,MRGPRG,ENSG00000182170,870
8972,MRGPRX1,ENSG00000170255,5916
8973,MRGPRX2,ENSG00000183695,6263
8974,MRGPRX3,ENSG00000179826,17534
8975,MRGPRX4,ENSG00000179817,1444
8976,MRI1,ENSG00000037757,9761
8977,MRM1,ENSG00000278619,7382
8978,MRO,ENSG00000134042,30283
8979,MRPL1,ENSG00000169288,89956
8980,MRPL10,ENSG00000159111,8270
8981,MRPL11,ENSG00000174547,31664
8982,MRPL13,ENSG00000172172,64642
8983,MRPL14,ENSG00000180992,14002
8984,MRPL15,ENSG00000137547,13274
8985,MRPL16,ENSG00000166902,4639
8986,MRPL17,ENSG00000158042,2956
8987,MRPL18,ENSG00000112110,8625
8988,MRPL19,ENSG00000115364,44069
8989,MRPL2,ENSG00000112651,5410
8990,MRPL20,ENSG00000242485,5385
8991,MRPL21,ENSG00000197345,12560
8992,MRPL22,ENSG00000082515,28339
8993,MRPL23,ENSG00000214026,37245
8994,MRPL24,ENSG00000143314,4288
8995,MRPL27,ENSG00000108826,5351
8996,MRPL28,ENSG00000086504,4321
8997,MRPL3,ENSG00000114686,40772
8998,MRPL30,ENSG00000185414,18410
8999,MRPL32,ENSG00000106591,16583
9000,MRPL33,ENSG00000243147,216371
9001,MRPL34,ENSG00000130312,14235
9002,MRPL35,ENSG00000132313,14436
9003,MRPL36,ENSG00000171421,2982
9004,MRPL37,ENSG00000116221,41424
9005,MRPL38,ENSG00000204316,6450
9006,MRPL39,ENSG00000154719,21862
9007,MRPL4,ENSG00000105364,8155
9008,MRPL40,ENSG00000185608,3531
9009,MRPL42,ENSG00000198015,48701
9010,MRPL43,ENSG00000055950,18058
9011,MRPL44,ENSG00000135900,10252
9012,MRPL45,ENSG00000278845,26195
9013,MRPL46,ENSG00000259494,7914
9014,MRPL47,ENSG00000136522,16365
9015,MRPL48,ENSG00000175581,77262
9016,MRPL49,ENSG00000149792,5189
9017,MRPL50,ENSG00000136897,10986
9018,MRPL51,ENSG00000111639,1956
9019,MRPL52,ENSG00000172590,5159
9020,MRPL53,ENSG00000204822,706
9021,MRPL54,ENSG00000183617,5894
9022,MRPL55,ENSG00000162910,2634
9023,MRPL9,ENSG00000143436,3850
9024,MRPS10,ENSG00000048544,11168
9025,MRPS11,ENSG00000181991,13324
9026,MRPS14,ENSG00000120333,12637
9027,MRPS15,ENSG00000116898,8667
9028,MRPS16,ENSG00000182180,3851
9029,MRPS17,ENSG00000239789,4624
9030,MRPS18A,ENSG00000096080,16590
9031,MRPS18B,ENSG00000204568,8556
9032,MRPS18C,ENSG00000163319,13804
9033,MRPS2,ENSG00000122140,4690
9034,MRPS21,ENSG00000266472,15119
9035,MRPS22,ENSG00000175110,354692
9036,MRPS23,ENSG00000181610,15276
9037,MRPS24,ENSG00000062582,3336
9038,MRPS25,ENSG00000131368,55729
9039,MRPS26,ENSG00000125901,2199
9040,MRPS27,ENSG00000113048,106765
9041,MRPS28,ENSG00000147586,111573
9042,MRPS30,ENSG00000112996,11482
9043,MRPS31,ENSG00000102738,42063
9044,MRPS33,ENSG00000090263,12619
9045,MRPS35,ENSG00000061794,45474
9046,MRPS5,ENSG00000144029,36638
9047,MRPS6,ENSG00000243927,289029
9048,MRPS7,ENSG00000125445,4703
9049,MRPS9,ENSG00000135972,61892
9050,MRRF,ENSG00000148187,66735
9051,MRS2,ENSG00000124532,23287
9052,MRTO4,ENSG00000053372,8324
9053,MS4A1,ENSG00000156738,14907
9054,MS4A10,ENSG00000172689,15973
9055,MS4A12,ENSG00000071203,14653
9056,MS4A13,ENSG00000204979,27330
9057,MS4A14,ENSG00000166928,39227
9058,MS4A15,ENSG00000166961,19867
9059,MS4A2,ENSG00000149534,10207
9060,MS4A3,ENSG00000149516,14529
9061,MS4A4A,ENSG00000110079,132424
9062,MS4A5,ENSG00000166930,25643
9063,MS4A6E,ENSG00000166926,69342
9064,MS4A7,ENSG00000166927,17467
9065,MSC,ENSG00000178860,2853
9066,MSGN1,ENSG00000151379,1339
9067,MSH2,ENSG00000095002,260080
9068,MSH3,ENSG00000113318,222164
9069,MSH4,ENSG00000057468,116361
9070,MSH5,ENSG00000204410,23000
9071,MSH6,ENSG00000116062,114534
9072,MSI1,ENSG00000135097,27835
9073,MSI2,ENSG00000153944,428839
9074,MSL1,ENSG00000188895,14947
9075,MSL2,ENSG00000174579,48325
9076,MSL3,ENSG00000005302,17614
9077,MSLN,ENSG00000102854,8132
9078,MSMB,ENSG00000263639,14874
9079,MSMO1,ENSG00000052802,15498
9080,MSMP,ENSG00000215183,3624
9081,MSN,ENSG00000147065,153555
9082,MSR1,ENSG00000038945,459613
9083,MSRA,ENSG00000175806,374600
9084,MSRB2,ENSG00000148450,26435
9085,MSRB3,ENSG00000174099,212788
9086,MST1,ENSG00000173531,5555
9087,MST1P2,ENSG00000186301,4668
9088,MST1R,ENSG00000164078,16972
9089,MSTN,ENSG00000138379,7030
9090,MSTO1,ENSG00000125459,51717
9091,MSX1,ENSG00000163132,4272
9092,MSX2,ENSG00000120149,6315
9093,MT1A,ENSG00000205362,1422
9094,MT1B,ENSG00000169688,1319
9095,MT1DP,ENSG00000205361,1041
9096,MT1E,ENSG00000169715,1638
9097,MT1F,ENSG00000198417,2968
9098,MT1G,ENSG00000125144,1336
9099,MT1H,ENSG00000205358,1316
9100,MT1IP,ENSG00000275691,1553
9101,MT1IP,ENSG00000290663,2349
9102,MT1L,ENSG00000260549,1118
9103,MT1M,ENSG00000205364,1323
9104,MT1X,ENSG00000187193,1727
9105,MT2A,ENSG00000125148,914
9106,MT3,ENSG00000087250,2015
9107,MT4,ENSG00000102891,3885
9108,MTA1,ENSG00000182979,50910
9109,MTA2,ENSG00000149480,8652
9110,MTA3,ENSG00000057935,262379
9111,MTAP,ENSG00000099810,135016
9112,MTBP,ENSG00000172167,96734
9113,MTCH1,ENSG00000137409,20492
9114,MTCH2,ENSG00000109919,25293
9115,MTCP1,ENSG00000214827,83904
9116,CMC4,ENSG00000182712,9515
9117,MTDH,ENSG00000147649,86077
9118,MTF1,ENSG00000188786,50019
9119,MTF2,ENSG00000143033,59845
9120,MTFMT,ENSG00000103707,28128
9121,MTFR1,ENSG00000066855,126528
9122,MTG1,ENSG00000148824,28427
9123,MTHFD1,ENSG00000100714,75427
9124,MTHFD1L,ENSG00000120254,236209
9125,MTHFD2,ENSG00000065911,31394
9126,MTHFD2L,ENSG00000163738,188926
9127,MTHFR,ENSG00000177000,20733
9128,MTHFS,ENSG00000136371,63795
9129,MTHFSD,ENSG00000103248,25058
9130,MTIF2,ENSG00000085760,32753
9131,MTIF3,ENSG00000122033,14949
9132,MTM1,ENSG00000171100,104727
9133,MTMR1,ENSG00000063601,72138
9134,MTMR10,ENSG00000166912,52688
9135,MTMR11,ENSG00000014914,8229
9136,MTMR12,ENSG00000150712,85994
9137,MTMR14,ENSG00000163719,52961
9138,MTMR2,ENSG00000087053,103550
9139,MTMR3,ENSG00000100330,147700
9140,MTMR4,ENSG00000108389,28377
9141,MTMR6,ENSG00000139505,41289
9142,MTMR7,ENSG00000003987,116735
9143,MTMR8,ENSG00000102043,127372
9144,MTMR9,ENSG00000104643,43331
9145,MTMR9LP,ENSG00000220785,9746
9146,MTMR9LP,ENSG00000291132,18207
9147,MTNR1A,ENSG00000168412,28776
9148,MTNR1B,ENSG00000134640,15416
9149,MTO1,ENSG00000135297,47659
9150,MTOR,ENSG00000198793,156022
9151,MTPAP,ENSG00000107951,64648
9152,MTPN,ENSG00000105887,50600
9153,MTR,ENSG00000116984,126019
9154,MTRF1,ENSG00000120662,47209
9155,MTRF1L,ENSG00000112031,15348
9156,MTRR,ENSG00000124275,54840
9157,MTSS1,ENSG00000170873,177690
9158,MTTP,ENSG00000138823,59917
9159,MTUS1,ENSG00000129422,157300
9160,MTUS2,ENSG00000132938,685609
9161,MTX1,ENSG00000173171,5130
9162,MTX2,ENSG00000128654,68631
9163,MTX3,ENSG00000177034,14547
9164,MUC1,ENSG00000185499,7093
9165,MUC12,ENSG00000205277,49375
9166,MUC13,ENSG00000173702,48378
9167,MUC15,ENSG00000169550,13232
9168,MUC16,ENSG00000181143,161547
9169,MUC17,ENSG00000169876,38788
9170,MUC2,ENSG00000198788,35637
9171,MUC20,ENSG00000176945,20240
9172,MUC21,ENSG00000204544,6186
9173,MUC22,ENSG00000261272,24929
9174,MUC4,ENSG00000145113,65209
9175,MUC5B,ENSG00000117983,39107
9176,MUC6,ENSG00000184956,23896
9177,MUC7,ENSG00000171195,52506
9178,MUCL1,ENSG00000172551,65491
9179,AP5M1,ENSG00000053770,29819
9180,MUL1,ENSG00000090432,8704
9181,MUS81,ENSG00000172732,10528
9182,MUSK,ENSG00000030304,137780
9183,MUTYH,ENSG00000132781,11731
9184,MVD,ENSG00000167508,11227
9185,MVK,ENSG00000110921,24871
9186,MVP,ENSG00000013364,27646
9187,MX1,ENSG00000157601,50052
9188,MX2,ENSG00000183486,47395
9189,MXD1,ENSG00000059728,45258
9190,MXD3,ENSG00000213347,11297
9191,MXD4,ENSG00000123933,14678
9192,MXI1,ENSG00000119950,79761
9193,MXRA5,ENSG00000101825,38088
9194,MXRA7,ENSG00000182534,38454
9195,MXRA8,ENSG00000162576,9089
9196,MYADM,ENSG00000179820,13363
9197,MYADML,ENSG00000239649,951
9198,MYADML,ENSG00000293267,5540
9199,MYADML2,ENSG00000185105,7589
9200,MYB,ENSG00000118513,37866
9201,MYBBP1A,ENSG00000132382,16490
9202,MYBL1,ENSG00000185697,52073
9203,MYBL2,ENSG00000101057,49477
9204,MYBPC2,ENSG00000086967,33430
9205,MYBPC3,ENSG00000134571,21297
9206,MYBPH,ENSG00000133055,8016
9207,MYBPHL,ENSG00000221986,14647
9208,MYC,ENSG00000136997,7518
9209,MYCBP,ENSG00000214114,10876
9210,MYCBP2,ENSG00000005810,284621
9211,MYCBPAP,ENSG00000136449,23077
9212,MYCN,ENSG00000134323,6458
9213,MYCNOS,ENSG00000233718,24703
9214,MYCT1,ENSG00000120279,26673
9215,MYD88,ENSG00000172936,4473
9216,MYEF2,ENSG00000104177,43722
9217,MYEOV,ENSG00000172927,47532
9218,MYF5,ENSG00000111049,2760
9219,MYF6,ENSG00000111046,1841
9220,MYH1,ENSG00000109061,26236
9221,MYH10,ENSG00000133026,157170
9222,MYH11,ENSG00000133392,155304
9223,MYH13,ENSG00000006788,72266
9224,MYH14,ENSG00000105357,122357
9225,MYH15,ENSG00000144821,148955
9226,MYH2,ENSG00000125414,28553
9227,MYH3,ENSG00000109063,28784
9228,MYH4,ENSG00000264424,26270
9229,MYH6,ENSG00000197616,26292
9230,MYH7,ENSG00000092054,22921
9231,MYH7B,ENSG00000078814,46628
9232,MYH8,ENSG00000133020,31629
9233,MYH9,ENSG00000100345,106731
9234,MYL1,ENSG00000168530,25025
9235,MYL10,ENSG00000106436,15967
9236,MYL12A,ENSG00000101608,8756
9237,MYL12B,ENSG00000118680,16983
9238,MYL2,ENSG00000111245,142439
9239,MYL3,ENSG00000160808,47069
9240,MYL4,ENSG00000198336,23234
9241,MYL5,ENSG00000215375,8449
9242,MYL6,ENSG00000092841,5151
9243,MYL6B,ENSG00000196465,7392
9244,MYL7,ENSG00000106631,2469
9245,MYL9,ENSG00000101335,9951
9246,MYLIP,ENSG00000007944,22282
9247,MYLK,ENSG00000065534,274284
9248,MYLK2,ENSG00000101306,15382
9249,MYLK3,ENSG00000140795,88126
9250,MYLK4,ENSG00000145949,106702
9251,MYNN,ENSG00000085274,16321
9252,MYO10,ENSG00000145555,274382
9253,MYO15A,ENSG00000091536,71047
9254,MYO16,ENSG00000041515,611854
9255,MYO18A,ENSG00000196535,109277
9256,MYO18B,ENSG00000133454,288902
9257,MYO19,ENSG00000278259,47800
9258,MYO1A,ENSG00000166866,22682
9259,MYO1B,ENSG00000128641,180205
9260,MYO1C,ENSG00000197879,28501
9261,MYO1D,ENSG00000176658,384656
9262,MYO1E,ENSG00000157483,240438
9263,MYO1F,ENSG00000142347,59980
9264,MYO1G,ENSG00000136286,16427
9265,MYO1H,ENSG00000174527,107624
9266,MYO3A,ENSG00000095777,278304
9267,MYO3B,ENSG00000071909,477027
9268,MYO5A,ENSG00000197535,221852
9269,MYO5B,ENSG00000167306,372376
9270,MYO5C,ENSG00000128833,103483
9271,MYO6,ENSG00000196586,170337
9272,MYO7A,ENSG00000137474,86996
9273,MYO7B,ENSG00000169994,102047
9274,MYO9A,ENSG00000066933,296287
9275,MYO9B,ENSG00000099331,138761
9276,MYOC,ENSG00000034971,17272
9277,MYOCD,ENSG00000141052,103060
9278,MYOD1,ENSG00000129152,2566
9279,MYOF,ENSG00000138119,175906
9280,MYOG,ENSG00000122180,2884
9281,MYOM1,ENSG00000101605,153162
9282,MYOM2,ENSG00000036448,120507
9283,MYOM3,ENSG00000142661,56101
9284,MYOT,ENSG00000120729,19994
9285,MYOZ1,ENSG00000177791,9863
9286,MYOZ2,ENSG00000172399,51958
9287,MYOZ3,ENSG00000164591,18487
9288,MYPN,ENSG00000138347,124121
9289,MYPOP,ENSG00000176182,12591
9290,MYRIP,ENSG00000170011,451408
9291,MYSM1,ENSG00000162601,56651
9292,MYT1,ENSG00000196132,139860
9293,MYT1L,ENSG00000186487,542552
9294,MZB1,ENSG00000170476,2615
9295,MZF1,ENSG00000099326,11645
9296,MZT1,ENSG00000204899,19263
9297,MZT2A,ENSG00000173272,27844
9298,MZT2B,ENSG00000152082,8993
9299,N4BP1,ENSG00000102921,81423
9300,N4BP2,ENSG00000078177,101456
9301,N4BP2L1,ENSG00000139597,27589
9302,N4BP2L2,ENSG00000244754,106469
9303,N4BP3,ENSG00000145911,12550
9304,N6AMT1,ENSG00000156239,13181
9305,NAA10,ENSG00000102030,5856
9306,NAA11,ENSG00000156269,100368
9307,NAA15,ENSG00000164134,118588
9308,NAA16,ENSG00000172766,65764
9309,NAA20,ENSG00000173418,16346
9310,NAA25,ENSG00000111300,82108
9311,NAA30,ENSG00000139977,25363
9312,NAA35,ENSG00000135040,84317
9313,NAA38,ENSG00000183011,28554
9314,NAA40,ENSG00000110583,18361
9315,NAA50,ENSG00000121579,29843
9316,NAA60,ENSG00000122390,43305
9317,NAAA,ENSG00000138744,30359
9318,NAALAD2,ENSG00000077616,61380
9319,NAALADL1,ENSG00000168060,13736
9320,NAALADL2,ENSG00000177694,1371976
9321,NAB1,ENSG00000138386,46021
9322,NAB2,ENSG00000166886,6434
9323,NACA,ENSG00000196531,19324
9324,NACA2,ENSG00000253506,799
9325,NACAD,ENSG00000136274,8533
9326,NACC1,ENSG00000160877,24286
9327,NACC2,ENSG00000148411,88753
9328,NADK,ENSG00000008130,29226
9329,NADSYN1,ENSG00000172890,70999
9330,NAE1,ENSG00000159593,70382
9331,NAF1,ENSG00000145414,56818
9332,NAGA,ENSG00000198951,12509
9333,NAGK,ENSG00000124357,15465
9334,NAGLU,ENSG00000108784,8209
9335,NAGPA,ENSG00000103174,9298
9336,NAGS,ENSG00000161653,4447
9337,NAIF1,ENSG00000171169,6974
9338,NAIP,ENSG00000249437,57174
9339,NALCN,ENSG00000102452,362733
9340,NAMPT,ENSG00000105835,37669
9341,NANOG,ENSG00000111704,11353
9342,NANOGNB,ENSG00000205857,8906
9343,NANOS1,ENSG00000188613,4017
9344,NANOS2,ENSG00000188425,1565
9345,NANOS3,ENSG00000187556,18695
9346,NANP,ENSG00000170191,11080
9347,NANS,ENSG00000095380,26346
9348,NAP1L1,ENSG00000187109,48151
9349,NAP1L2,ENSG00000186462,2553
9350,NAP1L3,ENSG00000186310,2649
9351,NAP1L4,ENSG00000205531,47947
9352,NAP1L5,ENSG00000177432,1917
9353,NAPA,ENSG00000105402,27455
9354,NAPB,ENSG00000125814,47001
9355,NAPEPLD,ENSG00000161048,49785
9356,NAPG,ENSG00000134265,26860
9357,NAPSA,ENSG00000131400,7359
9358,NAPSB,ENSG00000131401,10885
9359,NAPSB,ENSG00000291230,11015
9360,NARF,ENSG00000141562,32358
9361,NARS2,ENSG00000137513,139575
9362,NASP,ENSG00000132780,35059
9363,NAT1,ENSG00000171428,53213
9364,NAT10,ENSG00000135372,42054
9365,NAT14,ENSG00000090971,2381
9366,NAT16,ENSG00000167011,9798
9367,NAT2,ENSG00000156006,9937
9368,NAT8,ENSG00000144035,1700
9369,NAT8B,ENSG00000204872,765
9370,NAT8L,ENSG00000185818,9763
9371,NAT9,ENSG00000109065,5839
9372,NAV1,ENSG00000134369,287843
9373,NAV3,ENSG00000067798,888370
9374,NBAS,ENSG00000151779,394425
9375,NBEA,ENSG00000172915,730753
9376,NBEAL1,ENSG00000144426,211771
9377,NBEAL2,ENSG00000160796,30039
9378,NBEAP1,ENSG00000258590,30771
9379,NBL1,ENSG00000158747,61478
9380,NBN,ENSG00000104320,78714
9381,NBPF1,ENSG00000219481,51244
9382,NBPF10,ENSG00000271425,164290
9383,NBPF11,ENSG00000263956,50276
9384,NBPF14,ENSG00000270629,148358
9385,NBPF15,ENSG00000266338,40287
9386,NBPF22P,ENSG00000205449,13544
9387,NBPF3,ENSG00000142794,44878
9388,NBPF4,ENSG00000196427,21618
9389,NBPF6,ENSG00000186086,21639
9390,NBR1,ENSG00000188554,41209
9391,NCALD,ENSG00000104490,438366
9392,NCAM1,ENSG00000149294,317162
9393,NCAM2,ENSG00000154654,544921
9394,NCAN,ENSG00000130287,40276
9395,NCAPD2,ENSG00000010292,38600
9396,NCAPD3,ENSG00000151503,75392
9397,NCAPG,ENSG00000109805,33887
9398,NCAPG2,ENSG00000146918,73636
9399,NCAPH,ENSG00000121152,41326
9400,NCAPH2,ENSG00000025770,16557
9401,NCBP1,ENSG00000136937,40081
9402,NCBP2,ENSG00000114503,7193
9403,NCCRP1,ENSG00000188505,4921
9404,NCDN,ENSG00000020129,9802
9405,NCEH1,ENSG00000144959,80970
9406,NCF1,ENSG00000158517,15305
9407,NCF1C,ENSG00000165178,15406
9408,NCF1C,ENSG00000296524,15425
9409,NCF2,ENSG00000116701,36445
9410,NCF4,ENSG00000100365,17030
9411,NCK1,ENSG00000158092,89399
9412,NCK2,ENSG00000071051,149363
9413,NCKAP1,ENSG00000061676,129744
9414,NCKAP1L,ENSG00000123338,50492
9415,NCKAP5,ENSG00000176771,896676
9416,NCKAP5L,ENSG00000167566,37605
9417,NCKIPSD,ENSG00000213672,12521
9418,NCL,ENSG00000115053,30111
9419,NCLN,ENSG00000125912,24013
9420,NCOA1,ENSG00000084676,279449
9421,NCOA2,ENSG00000140396,294027
9422,NCOA3,ENSG00000124151,154991
9423,NCOA4,ENSG00000266412,25536
9424,NCOA5,ENSG00000124160,28972
9425,NCOA6,ENSG00000198646,136555
9426,NCOA7,ENSG00000111912,150874
9427,NCOR1,ENSG00000141027,189121
9428,NCOR1P1,ENSG00000240108,10498
9429,NCOR2,ENSG00000196498,243198
9430,NCR1,ENSG00000189430,9993
9431,NCR2,ENSG00000096264,15282
9432,NCR3,ENSG00000204475,4112
9433,NCS1,ENSG00000107130,64900
9434,NCSTN,ENSG00000162736,15659
9435,NDC80,ENSG00000080986,45079
9436,NDE1,ENSG00000072864,91425
9437,NDEL1,ENSG00000166579,77281
9438,NDFIP1,ENSG00000131507,45662
9439,NDFIP2,ENSG00000102471,74923
9440,NDN,ENSG00000182636,1906
9441,NDNF,ENSG00000173376,37409
9442,NDOR1,ENSG00000188566,13677
9443,NDP,ENSG00000124479,24620
9444,NDRG1,ENSG00000104419,64848
9445,NDRG2,ENSG00000165795,54110
9446,NDRG3,ENSG00000101079,94325
9447,NDRG4,ENSG00000103034,50783
9448,NDST1,ENSG00000070614,72394
9449,NDST2,ENSG00000166507,9888
9450,NDST3,ENSG00000164100,225017
9451,NDST4,ENSG00000138653,286114
9452,NDUFA1,ENSG00000125356,4831
9453,NDUFA10,ENSG00000130414,133294
9454,NDUFA11,ENSG00000174886,12800
9455,NDUFA12,ENSG00000184752,108452
9456,NDUFA2,ENSG00000131495,9032
9457,NDUFA3,ENSG00000170906,6530
9458,NDUFA4,ENSG00000189043,8211
9459,NDUFA4L2,ENSG00000185633,5813
9460,NDUFA5,ENSG00000128609,20908
9461,NDUFA6,ENSG00000184983,5359
9462,NDUFA7,ENSG00000267855,12608
9463,NDUFA8,ENSG00000119421,15722
9464,NDUFA9,ENSG00000139180,45223
9465,NDUFAB1,ENSG00000004779,15303
9466,NDUFAF1,ENSG00000137806,22186
9467,NDUFAF2,ENSG00000164182,209355
9468,NDUFAF3,ENSG00000178057,3037
9469,NDUFAF4,ENSG00000123545,8577
9470,NDUFB1,ENSG00000183648,5796
9471,NDUFB10,ENSG00000140990,2438
9472,NDUFB11,ENSG00000147123,3396
9473,NDUFB2,ENSG00000090266,32014
9474,NDUFB3,ENSG00000119013,14318
9475,NDUFB4,ENSG00000065518,6180
9476,NDUFB5,ENSG00000136521,22958
9477,NDUFB6,ENSG00000165264,20184
9478,NDUFB7,ENSG00000099795,5989
9479,NDUFB8,ENSG00000166136,6333
9480,NDUFB9,ENSG00000147684,41548
9481,NDUFC1,ENSG00000109390,35672
9482,NDUFS1,ENSG00000023228,44693
9483,NDUFS2,ENSG00000158864,17620
9484,NDUFS3,ENSG00000213619,19227
9485,NDUFS4,ENSG00000164258,122706
9486,NDUFS5,ENSG00000168653,8319
9487,NDUFS6,ENSG00000145494,14642
9488,NDUFS7,ENSG00000115286,12063
9489,NDUFS8,ENSG00000110717,6028
9490,NDUFV1,ENSG00000167792,6902
9491,NDUFV2,ENSG00000178127,31716
9492,NDUFV3,ENSG00000160194,33661
9493,NEB,ENSG00000183091,249152
9494,NEBL,ENSG00000078114,513039
9495,NECAB1,ENSG00000123119,167653
9496,NECAB2,ENSG00000103154,34533
9497,NECAB3,ENSG00000125967,17377
9498,NECAP1,ENSG00000089818,20943
9499,NECAP2,ENSG00000157191,19358
9500,NEDD1,ENSG00000139350,46557
9501,NEDD4,ENSG00000069869,166739
9502,NEDD4L,ENSG00000049759,357315
9503,NEDD9,ENSG00000111859,199051
9504,NEFH,ENSG00000100285,11173
9505,NEFL,ENSG00000277586,5767
9506,NEFM,ENSG00000104722,5341
9507,NEGR1,ENSG00000172260,886597
9508,NEIL1,ENSG00000140398,10161
9509,NEIL2,ENSG00000154328,17707
9510,NEIL3,ENSG00000109674,53063
9511,NEK1,ENSG00000137601,242929
9512,NEK10,ENSG00000163491,262977
9513,NEK11,ENSG00000114670,323616
9514,NEK2,ENSG00000117650,16974
9515,NEK3,ENSG00000136098,26959
9516,NEK4,ENSG00000114904,62503
9517,NEK5,ENSG00000197168,95482
9518,NEK6,ENSG00000119408,95702
9519,NEK7,ENSG00000151414,165427
9520,NEK8,ENSG00000160602,17559
9521,NEK9,ENSG00000119638,47992
9522,NELL1,ENSG00000165973,906136
9523,NELL2,ENSG00000184613,413574
9524,NEMF,ENSG00000165525,70739
9525,NENF,ENSG00000117691,13460
9526,NEO1,ENSG00000067141,253496
9527,NES,ENSG00000132688,8645
9528,NET1,ENSG00000173848,46500
9529,NETO1,ENSG00000166342,125833
9530,NETO2,ENSG00000171208,66243
9531,NEU1,ENSG00000204386,5843
9532,NEU2,ENSG00000115488,2386
9533,NEU3,ENSG00000162139,30615
9534,NEU4,ENSG00000204099,8349
9535,NEURL1B,ENSG00000214357,50278
9536,NEURL2,ENSG00000124257,2584
9537,NEURL4,ENSG00000215041,13766
9538,NEUROD1,ENSG00000162992,12533
9539,NEUROD4,ENSG00000123307,10044
9540,NEUROD6,ENSG00000164600,3262
9541,NEUROG1,ENSG00000181965,1683
9542,NEUROG2,ENSG00000178403,2665
9543,NEUROG3,ENSG00000122859,1725
9544,NEXN,ENSG00000162614,55383
9545,NF1,ENSG00000196712,287190
9546,NF1P2,ENSG00000258997,18985
9547,NF2,ENSG00000186575,95046
9548,NFAM1,ENSG00000235568,51997
9549,NFASC,ENSG00000163531,194172
9550,NFATC1,ENSG00000131196,133470
9551,NFATC2,ENSG00000101096,175875
9552,NFATC2IP,ENSG00000176953,16286
9553,NFATC3,ENSG00000072736,144509
9554,NFATC4,ENSG00000100968,13932
9555,NFE2,ENSG00000123405,8905
9556,NFE2L1,ENSG00000082641,13217
9557,NFE2L2,ENSG00000116044,174090
9558,NFE2L3,ENSG00000050344,34940
9559,NFIA,ENSG00000162599,597530
9560,NFIB,ENSG00000147862,317141
9561,NFIX,ENSG00000008441,103322
9562,NFKB1,ENSG00000109320,115973
9563,NFKB2,ENSG00000077150,8415
9564,NFKBIA,ENSG00000100906,3671
9565,NFKBIB,ENSG00000104825,9194
9566,NFKBID,ENSG00000167604,14674
9567,NFKBIE,ENSG00000146232,7623
9568,NFKBIL1,ENSG00000204498,11960
9569,NFKBIZ,ENSG00000144802,33032
9570,NFRKB,ENSG00000170322,31955
9571,NFS1,ENSG00000244005,31304
9572,NFU1,ENSG00000169599,41516
9573,NFX1,ENSG00000086102,80646
9574,NFXL1,ENSG00000170448,67435
9575,NFYA,ENSG00000001167,29430
9576,NFYB,ENSG00000120837,21156
9577,NFYC,ENSG00000066136,79956
9578,NGB,ENSG00000165553,5724
9579,NGDN,ENSG00000129460,40184
9580,NGEF,ENSG00000066248,134556
9581,NGF,ENSG00000134259,52867
9582,NGFR,ENSG00000064300,19716
9583,NGLY1,ENSG00000151092,71096
9584,NGRN,ENSG00000182768,10120
9585,NHEG1,ENSG00000225391,11070
9586,NHEJ1,ENSG00000187736,91515
9587,NHLH1,ENSG00000171786,5776
9588,NHLH2,ENSG00000177551,7541
9589,NHLRC1,ENSG00000187566,2238
9590,NHLRC2,ENSG00000196865,62534
9591,NHLRC3,ENSG00000188811,11804
9592,NHP2,ENSG00000145912,4432
9593,NHS,ENSG00000188158,360795
9594,NHSL1,ENSG00000135540,270529
9595,NHSL2,ENSG00000204131,250906
9596,NICN1,ENSG00000145029,6994
9597,NID1,ENSG00000116962,89280
9598,NID2,ENSG00000087303,64251
9599,NIF3L1,ENSG00000196290,14612
9600,NIN,ENSG00000100503,111400
9601,NINJ1,ENSG00000131669,12756
9602,NINJ2,ENSG00000171840,99294
9603,NINL,ENSG00000101004,133938
9604,NIP7,ENSG00000132603,5111
9605,NIPA1,ENSG00000170113,56727
9606,NIPA2,ENSG00000140157,30719
9607,NIPAL1,ENSG00000163293,126032
9608,NIPAL2,ENSG00000104361,104568
9609,NIPAL3,ENSG00000001461,59451
9610,NIPAL4,ENSG00000172548,14510
9611,NIPBL,ENSG00000164190,189645
9612,NIPSNAP1,ENSG00000184117,26520
9613,NIPSNAP3B,ENSG00000165028,13636
9614,NISCH,ENSG00000010322,37951
9615,NIT1,ENSG00000158793,7360
9616,NIT2,ENSG00000114021,26897
9617,NKAIN1,ENSG00000084628,60143
9618,NKAIN2,ENSG00000188580,1021776
9619,NKAIN3,ENSG00000185942,765410
9620,NKAIN4,ENSG00000101198,31911
9621,NKAP,ENSG00000101882,23080
9622,NKAPL,ENSG00000189134,1662
9623,NKD1,ENSG00000140807,100854
9624,NKD2,ENSG00000145506,30142
9625,NKG7,ENSG00000105374,1096
9626,NKIRAS1,ENSG00000197885,56641
9627,NKIRAS2,ENSG00000168256,14263
9628,NKPD1,ENSG00000179846,11239
9629,NKRF,ENSG00000186416,18107
9630,NKTR,ENSG00000114857,48081
9631,NKX2-1,ENSG00000136352,4758
9632,NKX2-2,ENSG00000125820,3048
9633,NKX2-3,ENSG00000119919,3583
9634,NKX2-5,ENSG00000183072,3203
9635,NKX2-6,ENSG00000180053,5017
9636,NKX2-8,ENSG00000136327,2611
9637,NKX3-2,ENSG00000109705,3679
9638,NKX6-1,ENSG00000163623,7308
9639,NKX6-2,ENSG00000148826,2969
9640,NKX6-3,ENSG00000165066,5641
9641,NLE1,ENSG00000073536,13575
9642,NLGN1,ENSG00000169760,898089
9643,NLGN2,ENSG00000169992,14987
9644,NLGN3,ENSG00000196338,30435
9645,NLGN4X,ENSG00000146938,388231
9646,NLGN4Y,ENSG00000165246,323082
9647,NLK,ENSG00000087095,154645
9648,NLN,ENSG00000123213,149521
9649,NLRC3,ENSG00000167984,38371
9650,NLRC4,ENSG00000091106,41280
9651,NLRC5,ENSG00000140853,94047
9652,NLRP1,ENSG00000091592,120010
9653,NLRP10,ENSG00000182261,7911
9654,NLRP11,ENSG00000179873,51404
9655,NLRP12,ENSG00000142405,32265
9656,NLRP13,ENSG00000173572,40638
9657,NLRP14,ENSG00000158077,51048
9658,NLRP2,ENSG00000022556,48013
9659,NLRP3,ENSG00000162711,116778
9660,NLRP4,ENSG00000160505,45316
9661,NLRP5,ENSG00000171487,62085
9662,NLRP6,ENSG00000174885,6982
9663,NLRP7,ENSG00000167634,42804
9664,NLRP8,ENSG00000179709,40798
9665,NLRP9,ENSG00000185792,29965
9666,NLRX1,ENSG00000160703,17449
9667,NMB,ENSG00000197696,3435
9668,NMBR,ENSG00000135577,88793
9669,NMD3,ENSG00000169251,148837
9670,NME3,ENSG00000103024,1242
9671,NME4,ENSG00000103202,13643
9672,NME5,ENSG00000112981,24269
9673,NME6,ENSG00000172113,10964
9674,NME7,ENSG00000143156,235418
9675,NME9,ENSG00000181322,68450
9676,NMI,ENSG00000123609,19425
9677,NMNAT1,ENSG00000173614,42074
9678,NMNAT2,ENSG00000157064,170144
9679,NMNAT3,ENSG00000163864,117838
9680,NMRAL1,ENSG00000153406,34073
9681,NMT1,ENSG00000136448,151025
9682,NMT2,ENSG00000152465,66110
9683,NMU,ENSG00000109255,41470
9684,NMUR1,ENSG00000171596,7259
9685,NMUR2,ENSG00000132911,41823
9686,NNAT,ENSG00000053438,2485
9687,NNMT,ENSG00000166741,55750
9688,NNT,ENSG00000112992,104714
9689,NOA1,ENSG00000084092,14257
9690,NOB1,ENSG00000141101,13056
9691,NOBOX,ENSG00000106410,12988
9692,NOC2L,ENSG00000188976,15107
9693,NOC3L,ENSG00000173145,29734
9694,NOC4L,ENSG00000184967,8017
9695,NOD1,ENSG00000106100,54258
9696,NOD2,ENSG00000167207,39490
9697,NODAL,ENSG00000156574,16016
9698,NOG,ENSG00000183691,1913
9699,NOL10,ENSG00000115761,127641
9700,NOL11,ENSG00000130935,26601
9701,NOL12,ENSG00000273899,11804
9702,NOL3,ENSG00000140939,5584
9703,NOL4,ENSG00000101746,373853
9704,NOL6,ENSG00000165271,12578
9705,NOL7,ENSG00000225921,17405
9706,NOL8,ENSG00000198000,28279
9707,NOL9,ENSG00000162408,33167
9708,NOLC1,ENSG00000166197,11696
9709,NOM1,ENSG00000146909,23465
9710,NOMO1,ENSG00000103512,62437
9711,NOMO2,ENSG00000185164,144887
9712,NOMO3,ENSG00000103226,68301
9713,NONO,ENSG00000147140,46709
9714,NOP10,ENSG00000182117,4022
9715,NOP14,ENSG00000087269,25474
9716,NOP16,ENSG00000048162,4982
9717,NOP2,ENSG00000111641,11829
9718,NOP56,ENSG00000101361,5801
9719,NOP58,ENSG00000055044,37926
9720,NOS1,ENSG00000089250,244029
9721,NOS1AP,ENSG00000198929,300785
9722,NOS2,ENSG00000007171,43764
9723,NOS3,ENSG00000164867,23572
9724,NOSIP,ENSG00000142546,34795
9725,NOSTRIN,ENSG00000163072,78976
9726,NOTCH1,ENSG00000148400,51616
9727,NOTCH2,ENSG00000134250,189227
9728,NOTCH3,ENSG00000074181,41958
9729,NOTCH4,ENSG00000204301,29225
9730,NOTO,ENSG00000214513,9940
9731,NOTUM,ENSG00000185269,9334
9732,NOVA1,ENSG00000139910,154944
9733,NOVA2,ENSG00000104967,40311
9734,NOX1,ENSG00000007952,31036
9735,NOX3,ENSG00000074771,60472
9736,NOX4,ENSG00000086991,173835
9737,NOX5,ENSG00000255346,48068
9738,NOXA1,ENSG00000188747,11057
9739,NOXO1,ENSG00000196408,5276
9740,NOXRED1,ENSG00000165555,29503
9741,NPAS1,ENSG00000130751,25939
9742,NPAS2,ENSG00000170485,176691
9743,NPAS3,ENSG00000151322,886468
9744,NPAS4,ENSG00000174576,5673
9745,NPAT,ENSG00000149308,67359
9746,NPBWR1,ENSG00000288611,4553
9747,NPBWR2,ENSG00000125522,3764
9748,NPC1,ENSG00000141458,80323
9749,NPC1L1,ENSG00000015520,28796
9750,NPC2,ENSG00000119655,17986
9751,NPDC1,ENSG00000107281,6717
9752,NPEPL1,ENSG00000215440,30108
9753,NPEPPS,ENSG00000141279,101724
9754,NPFF,ENSG00000139574,797
9755,NPFFR1,ENSG00000148734,36676
9756,NPFFR2,ENSG00000056291,116404
9757,NPHP1,ENSG00000144061,82756
9758,NPHP3,ENSG00000113971,41824
9759,NPHP4,ENSG00000131697,129663
9760,NPHS1,ENSG00000161270,43916
9761,NPHS2,ENSG00000116218,25414
9762,NPL,ENSG00000135838,41092
9763,NPLOC4,ENSG00000182446,91579
9764,NPM1,ENSG00000181163,24695
9765,NPM2,ENSG00000158806,12773
9766,NPM3,ENSG00000107833,2122
9767,NPNT,ENSG00000168743,109253
9768,NPPA,ENSG00000175206,2637
9769,NPPB,ENSG00000120937,1482
9770,NPPC,ENSG00000163273,4588
9771,NPR1,ENSG00000169418,15305
9772,NPR2,ENSG00000159899,18730
9773,NPR3,ENSG00000113389,102655
9774,NPRL2,ENSG00000114388,3497
9775,NPRL3,ENSG00000103148,54407
9776,NPS,ENSG00000214285,4232
9777,NPSR1,ENSG00000187258,220115
9778,NPTN,ENSG00000156642,74121
9779,NPTX1,ENSG00000171246,11010
9780,NPTX2,ENSG00000106236,12585
9781,NPTXR,ENSG00000221890,25577
9782,NPVF,ENSG00000105954,3917
9783,NPW,ENSG00000183971,10830
9784,NPY,ENSG00000122585,7675
9785,NPY1R,ENSG00000164128,20871
9786,NPY2R,ENSG00000185149,8443
9787,NPY5R,ENSG00000164129,8043
9788,NQO1,ENSG00000181019,19673
9789,NQO2,ENSG00000124588,31769
9790,NR0B1,ENSG00000169297,5185
9791,NR0B2,ENSG00000131910,2487
9792,NR1D1,ENSG00000126368,7797
9793,NR1D2,ENSG00000174738,35352
9794,NR1H2,ENSG00000131408,53736
9795,NR1H3,ENSG00000025434,20734
9796,NR1H4,ENSG00000012504,90707
9797,NR1I2,ENSG00000144852,38004
9798,NR1I3,ENSG00000143257,8579
9799,NR2C1,ENSG00000120798,53400
9800,NR2C2,ENSG00000177463,106018
9801,NR2C2AP,ENSG00000184162,2006
9802,NR2E1,ENSG00000112333,22784
9803,NR2E3,ENSG00000278570,25622
9804,NR2F1,ENSG00000175745,11390
9805,NR2F2,ENSG00000185551,14326
9806,NR2F6,ENSG00000160113,14037
9807,NR3C1,ENSG00000113580,157582
9808,NR3C2,ENSG00000151623,365937
9809,NR4A1,ENSG00000123358,36676
9810,NR4A2,ENSG00000153234,17912
9811,NR4A3,ENSG00000119508,45037
9812,NR5A1,ENSG00000136931,26185
9813,NR5A2,ENSG00000116833,149807
9814,NR6A1,ENSG00000148200,254037
9815,NRADDP,ENSG00000236409,1605
9816,NRAP,ENSG00000197893,75357
9817,NRARP,ENSG00000198435,2641
9818,NRAS,ENSG00000213281,12303
9819,NRBF2,ENSG00000148572,21785
9820,NRBP1,ENSG00000115216,14470
9821,NRBP2,ENSG00000185189,7391
9822,NRCAM,ENSG00000091129,309095
9823,NRF1,ENSG00000106459,145363
9824,NRG1,ENSG00000157168,1216445
9825,NRG2,ENSG00000158458,196521
9826,NRG3,ENSG00000185737,1111986
9827,NRG4,ENSG00000169752,123827
9828,NRGN,ENSG00000154146,7269
9829,NRIP1,ENSG00000180530,104702
9830,NRIP2,ENSG00000053702,10197
9831,NRIP3,ENSG00000175352,39607
9832,NRK,ENSG00000123572,136072
9833,NRL,ENSG00000129535,36349
9834,NRM,ENSG00000137404,3374
9835,NRN1,ENSG00000124785,9607
9836,NRN1L,ENSG00000188038,3971
9837,NRP1,ENSG00000099250,158771
9838,NRP2,ENSG00000118257,116144
9839,NRSN1,ENSG00000152954,28715
9840,NRSN2,ENSG00000125841,12879
9841,NRTN,ENSG00000171119,23258
9842,NRXN1,ENSG00000179915,1307073
9843,NRXN2,ENSG00000110076,117024
9844,NRXN3,ENSG00000021645,1697919
9845,NSA2,ENSG00000164346,13123
9846,NSD1,ENSG00000165671,168384
9847,NSDHL,ENSG00000147383,38763
9848,NSF,ENSG00000073969,167011
9849,NSFL1C,ENSG00000088833,31681
9850,NSFP1,ENSG00000260075,114287
9851,NSL1,ENSG00000117697,65630
9852,NSMAF,ENSG00000035681,76350
9853,NSMCE1,ENSG00000169189,43779
9854,NSMCE2,ENSG00000156831,275447
9855,NSMCE4A,ENSG00000107672,18127
9856,NSRP1,ENSG00000126653,70955
9857,NSUN2,ENSG00000037474,34053
9858,NSUN3,ENSG00000178694,68853
9859,NSUN4,ENSG00000117481,28430
9860,NSUN5,ENSG00000130305,6311
9861,NSUN5P2,ENSG00000106133,6233
9862,NSUN5P2,ENSG00000290831,7210
9863,NSUN6,ENSG00000241058,113725
9864,NSUN7,ENSG00000179299,61260
9865,NT5C,ENSG00000125458,1533
9866,NT5C1A,ENSG00000116981,20879
9867,NT5DC1,ENSG00000178425,148647
9868,NT5DC2,ENSG00000168268,10670
9869,NT5DC3,ENSG00000111696,70782
9870,NT5E,ENSG00000135318,46208
9871,NT5M,ENSG00000205309,44329
9872,NTAN1,ENSG00000157045,18226
9873,NTF3,ENSG00000185652,89429
9874,NTHL1,ENSG00000065057,8052
9875,NTM,ENSG00000182667,966345
9876,NTN1,ENSG00000065320,222491
9877,NTN3,ENSG00000162068,2849
9878,NTN4,ENSG00000074527,133383
9879,NTN5,ENSG00000142233,11675
9880,NTNG1,ENSG00000162631,344917
9881,NTNG2,ENSG00000196358,82469
9882,NTPCR,ENSG00000135778,33278
9883,NTRK1,ENSG00000198400,66215
9884,NTRK2,ENSG00000148053,427377
9885,NTRK3,ENSG00000140538,397041
9886,NTS,ENSG00000133636,8698
9887,NTSR1,ENSG00000101188,53936
9888,NTSR2,ENSG00000169006,12018
9889,NUAK1,ENSG00000074590,75610
9890,NUAK2,ENSG00000163545,19683
9891,NUBP1,ENSG00000103274,25566
9892,NUBP2,ENSG00000095906,6255
9893,NUBPL,ENSG00000151413,371269
9894,NUCB1,ENSG00000104805,23424
9895,NUCB2,ENSG00000070081,141828
9896,NUCKS1,ENSG00000069275,37361
9897,NUDC,ENSG00000090273,46634
9898,NUDCD1,ENSG00000120526,93203
9899,NUDCD2,ENSG00000170584,13879
9900,NUDCD3,ENSG00000015676,111540
9901,NUDT1,ENSG00000106268,8921
9902,NUDT10,ENSG00000122824,5295
9903,NUDT11,ENSG00000196368,6582
9904,NUDT12,ENSG00000112874,13936
9905,NUDT13,ENSG00000166321,21454
9906,NUDT14,ENSG00000183828,8386
9907,NUDT15,ENSG00000136159,9496
9908,NUDT16,ENSG00000198585,7160
9909,NUDT16L1,ENSG00000168101,2298
9910,NUDT17,ENSG00000186364,3325
9911,NUDT18,ENSG00000275074,3672
9912,NUDT19,ENSG00000213965,21972
9913,NUDT21,ENSG00000167005,23067
9914,NUDT22,ENSG00000149761,4746
9915,NUDT4,ENSG00000173598,30264
9916,NUDT5,ENSG00000165609,30562
9917,NUDT6,ENSG00000170917,34272
9918,NUDT7,ENSG00000140876,19769
9919,NUDT9,ENSG00000170502,36883
9920,NUF2,ENSG00000143228,89189
9921,NUFIP1,ENSG00000083635,50223
9922,NUFIP2,ENSG00000108256,38310
9923,NUMA1,ENSG00000137497,77830
9924,NUMB,ENSG00000133961,191061
9925,NUMBL,ENSG00000105245,25068
9926,NUP107,ENSG00000111581,58859
9927,NUP133,ENSG00000069248,68083
9928,NUP153,ENSG00000124789,91891
9929,NUP155,ENSG00000113569,82988
9930,NUP160,ENSG00000030066,70469
9931,NUP188,ENSG00000095319,59398
9932,NUP205,ENSG00000155561,90841
9933,NUP210,ENSG00000132182,104088
9934,NUP210L,ENSG00000143552,162427
9935,NUP210P1,ENSG00000198284,6740
9936,NUP210P1,ENSG00000293201,9983
9937,NUP214,ENSG00000126883,109091
9938,NUP35,ENSG00000163002,44168
9939,NUP37,ENSG00000075188,47018
9940,NUP43,ENSG00000120253,25351
9941,NUP50,ENSG00000093000,24093
9942,NUP54,ENSG00000138750,40924
9943,NUP62,ENSG00000213024,22940
9944,NUP62CL,ENSG00000198088,83007
9945,NUP85,ENSG00000125450,30100
9946,NUP88,ENSG00000108559,60497
9947,NUP93,ENSG00000102900,120169
9948,NUP98,ENSG00000110713,126710
9949,NUPR1,ENSG00000176046,6301
9950,NUS1,ENSG00000153989,35259
9951,NUSAP1,ENSG00000137804,60257
9952,NUTF2,ENSG00000102898,25686
9953,NVL,ENSG00000143748,102856
9954,NWD1,ENSG00000188039,98117
9955,NXF1,ENSG00000162231,14180
9956,NXF3,ENSG00000147206,17334
9957,NXF4,ENSG00000196970,9531
9958,NXF4,ENSG00000290811,24805
9959,NXF5,ENSG00000126952,10742
9960,NXF5,ENSG00000290798,25466
9961,NXN,ENSG00000167693,180467
9962,NXNL1,ENSG00000171773,5502
9963,NXNL2,ENSG00000130045,50242
9964,NXPH1,ENSG00000122584,319353
9965,NXPH2,ENSG00000144227,111234
9966,NXPH3,ENSG00000182575,7957
9967,NXPH4,ENSG00000182379,9656
9968,NXT1,ENSG00000132661,3981
9969,NXT2,ENSG00000101888,8918
9970,NYAP1,ENSG00000166924,10876
9971,NYAP2,ENSG00000144460,330178
9972,NYNRIN,ENSG00000205978,20281
9973,OAF,ENSG00000184232,19303
9974,OAS1,ENSG00000089127,27364
9975,OAS2,ENSG00000111335,33329
9976,OAS3,ENSG00000111331,38410
9977,OASL,ENSG00000135114,21484
9978,OAT,ENSG00000065154,21674
9979,OAZ1,ENSG00000104904,3984
9980,OAZ2,ENSG00000180304,15709
9981,OAZ3,ENSG00000143450,8436
9982,NABP1,ENSG00000173559,63030
9983,NABP2,ENSG00000139579,7840
9984,OBP2A,ENSG00000122136,3844
9985,OBP2B,ENSG00000171102,3974
9986,OBSCN,ENSG00000154358,170833
9987,OBSL1,ENSG00000124006,21132
9988,OC90,ENSG00000253117,35167
9989,OCA2,ENSG00000104044,344441
9990,OCEL1,ENSG00000099330,3007
9991,OCIAD1,ENSG00000109180,56606
9992,OCIAD2,ENSG00000145247,21919
9993,OCLN,ENSG00000197822,65813
9994,OCM,ENSG00000122543,6537
9995,OCM2,ENSG00000135175,6483
9996,OCRL,ENSG00000122126,52713
9997,ODAM,ENSG00000109205,8852
9998,ODC1,ENSG00000115758,8360
9999,ODF1,ENSG00000155087,9430
10000,ODF2,ENSG00000136811,46107
10001,ODF2L,ENSG00000122417,49519
10002,ODF4,ENSG00000184650,6209
10003,TENM1,ENSG00000009694,828410
10004,TENM2,ENSG00000145934,1285129
10005,TENM3,ENSG00000218336,659038
10006,TENM4,ENSG00000149256,788202
10007,OFD1,ENSG00000046651,43213
10008,OGDH,ENSG00000105953,102495
10009,OGDHL,ENSG00000197444,27739
10010,OGFOD1,ENSG00000087263,27584
10011,OGFOD2,ENSG00000111325,5464
10012,OGFR,ENSG00000060491,9166
10013,OGFRL1,ENSG00000119900,20249
10014,OGG1,ENSG00000114026,38276
10015,OGN,ENSG00000106809,21429
10016,OGT,ENSG00000147162,42806
10017,OIP5,ENSG00000104147,23319
10018,OIT3,ENSG00000138315,39453
10019,OLA1,ENSG00000138430,176153
10020,OLAH,ENSG00000152463,41627
10021,OLFM1,ENSG00000130558,45759
10022,OLFM2,ENSG00000105088,82798
10023,OLFM3,ENSG00000118733,194367
10024,OLFM4,ENSG00000102837,23245
10025,OLFML1,ENSG00000183801,25990
10026,OLFML2A,ENSG00000185585,37753
10027,OLFML2B,ENSG00000162745,40678
10028,OLFML3,ENSG00000116774,56182
10029,OLIG1,ENSG00000184221,2273
10030,OLIG2,ENSG00000205927,3262
10031,OLIG3,ENSG00000177468,2196
10032,OLR1,ENSG00000173391,13838
10033,OMA1,ENSG00000162600,131419
10034,OMD,ENSG00000127083,12092
10035,OMG,ENSG00000126861,25527
10036,OMP,ENSG00000254550,492
10037,ONECUT1,ENSG00000169856,36026
10038,ONECUT2,ENSG00000119547,55925
10039,ONECUT3,ENSG00000205922,27483
10040,OOEP,ENSG00000203907,26579
10041,OPA1,ENSG00000198836,104668
10042,OPA3,ENSG00000125741,74446
10043,OPALIN,ENSG00000197430,16145
10044,OPCML,ENSG00000183715,1117525
10045,OPHN1,ENSG00000079482,484565
10046,OPLAH,ENSG00000178814,12700
10047,OPN1LW,ENSG00000102076,14790
10048,OPN1MW,ENSG00000268221,14266
10049,OPN1SW,ENSG00000128617,3310
10050,OPN3,ENSG00000054277,87275
10051,OPN4,ENSG00000122375,11943
10052,OPN5,ENSG00000124818,50799
10053,OPRD1,ENSG00000116329,59098
10054,OPRK1,ENSG00000082556,25914
10055,OPRL1,ENSG00000125510,20562
10056,OPRM1,ENSG00000112038,236372
10057,OPTC,ENSG00000188770,14829
10058,OPTN,ENSG00000123240,38860
10059,OR10A2,ENSG00000170790,11661
10060,OR10A3,ENSG00000170683,4538
10061,OR10A4,ENSG00000170782,995
10062,OR10A5,ENSG00000166363,954
10063,OR10A6,ENSG00000279000,6677
10064,OR10A7,ENSG00000179919,951
10065,OR10AD1,ENSG00000172640,954
10066,OR10AG1,ENSG00000174970,4191
10067,OR10C1,ENSG00000206474,1672
10068,OR10G2,ENSG00000255582,1105
10069,OR10G3,ENSG00000169208,11557
10070,OR10G4,ENSG00000254737,5736
10071,OR10G7,ENSG00000182634,5313
10072,OR10G8,ENSG00000234560,3837
10073,OR10G9,ENSG00000236981,936
10074,OR10H1,ENSG00000186723,11116
10075,OR10H2,ENSG00000171942,1029
10076,OR10H3,ENSG00000171936,4359
10077,OR10H4,ENSG00000176231,6052
10078,OR10H5,ENSG00000172519,12697
10079,OR10J1,ENSG00000196184,5234
10080,OR10J3,ENSG00000196266,940
10081,OR10J5,ENSG00000184155,930
10082,OR10K1,ENSG00000173285,9284
10083,OR10K2,ENSG00000180708,8028
10084,OR10P1,ENSG00000175398,942
10085,OR10Q1,ENSG00000180475,1037
10086,OR10R2,ENSG00000198965,8717
10087,OR10S1,ENSG00000196248,1121
10088,OR10T2,ENSG00000186306,945
10089,OR10V1,ENSG00000172289,930
10090,OR10W1,ENSG00000172772,1469
10091,OR10X1,ENSG00000279111,981
10092,OR10Z1,ENSG00000198967,7247
10093,OR11A1,ENSG00000204694,31568
10094,OR11G2,ENSG00000196832,10180
10095,OR11H1,ENSG00000130538,948
10096,OR11H12,ENSG00000257115,981
10097,OR11H2,ENSG00000258453,948
10098,OR11H4,ENSG00000176198,5064
10099,OR11H6,ENSG00000176219,993
10100,OR11L1,ENSG00000197591,969
10101,OR12D2,ENSG00000280236,2378
10102,OR12D3,ENSG00000112462,1869
10103,OR13A1,ENSG00000256574,13311
10104,OR13C2,ENSG00000276119,957
10105,OR13C3,ENSG00000204246,1108
10106,OR13C4,ENSG00000148136,957
10107,OR13C5,ENSG00000277556,957
10108,OR13C8,ENSG00000186943,963
10109,OR13C9,ENSG00000136839,957
10110,OR13D1,ENSG00000179055,945
10111,OR13F1,ENSG00000186881,960
10112,OR13G1,ENSG00000197437,8928
10113,OR13H1,ENSG00000171054,927
10114,OR13J1,ENSG00000168828,939
10115,OR14A16,ENSG00000196772,9460
10116,OR14C36,ENSG00000177174,939
10117,OR14I1,ENSG00000189181,24629
10118,OR14J1,ENSG00000204695,11317
10119,OR1A1,ENSG00000172146,11358
10120,OR1A2,ENSG00000172150,930
10121,OR1B1,ENSG00000280094,29503
10122,OR1C1,ENSG00000221888,5711
10123,OR1D2,ENSG00000184166,15939
10124,OR1D4,ENSG00000255095,939
10125,OR1D5,ENSG00000262628,939
10126,OR1E1,ENSG00000180016,1307
10127,OR1E2,ENSG00000127780,972
10128,OR1F1,ENSG00000168124,36576
10129,OR1F2P,ENSG00000203581,933
10130,OR1G1,ENSG00000183024,942
10131,OR1I1,ENSG00000094661,10760
10132,OR1J1,ENSG00000136834,969
10133,OR1J2,ENSG00000197233,942
10134,OR1J4,ENSG00000239590,942
10135,OR1K1,ENSG00000165204,951
10136,OR1L1,ENSG00000173679,1083
10137,OR1L3,ENSG00000171481,975
10138,OR1L4,ENSG00000136939,936
10139,OR1L6,ENSG00000171459,8481
10140,OR1L8,ENSG00000171496,16268
10141,OR1M1,ENSG00000170929,8609
10142,OR1N1,ENSG00000171505,936
10143,OR1N2,ENSG00000171501,1103
10144,OR1Q1,ENSG00000165202,945
10145,OR1S1,ENSG00000280204,3365
10146,OR1S2,ENSG00000197887,939
10147,OR2A1,ENSG00000221970,10319
10148,OR2A12,ENSG00000221858,12676
10149,OR2A14,ENSG00000221938,8013
10150,OR2A2,ENSG00000221989,957
10151,OR2A25,ENSG00000221933,6060
10152,OR2A4,ENSG00000180658,1758
10153,OR2A5,ENSG00000221836,9898
10154,OR2A7,ENSG00000243896,7130
10155,OR2AE1,ENSG00000244623,972
10156,OR2AG1,ENSG00000279486,8539
10157,OR2AG2,ENSG00000188124,6351
10158,OR2AK2,ENSG00000187080,1154
10159,OR2AT4,ENSG00000171561,15124
10160,OR2B11,ENSG00000177535,8988
10161,OR2B2,ENSG00000168131,1212
10162,OR2B3,ENSG00000204703,1106
10163,OR2B6,ENSG00000124657,942
10164,OR2C1,ENSG00000168158,1418
10165,OR2C3,ENSG00000196242,11764
10166,OR2D2,ENSG00000166368,927
10167,OR2D3,ENSG00000178358,993
10168,OR2F1,ENSG00000213215,42469
10169,OR2F2,ENSG00000221910,954
10170,OR2G2,ENSG00000177489,954
10171,OR2G3,ENSG00000177476,930
10172,OR2G6,ENSG00000188558,19265
10173,OR2H1,ENSG00000204688,7174
10174,OR2H2,ENSG00000204657,5380
10175,OR2J2,ENSG00000204700,4905
10176,OR2J3,ENSG00000204701,6713
10177,OR2K2,ENSG00000171133,2996
10178,OR2L13,ENSG00000196071,5980
10179,OR2L1P,ENSG00000224227,938
10180,OR2L2,ENSG00000203663,12236
10181,OR2L3,ENSG00000198128,16572
10182,OR2L8,ENSG00000279263,939
10183,OR2M1P,ENSG00000177233,951
10184,OR2M2,ENSG00000198601,6247
10185,OR2M3,ENSG00000228198,15661
10186,OR2M4,ENSG00000171180,13263
10187,OR2M5,ENSG00000162727,939
10188,OR2M7,ENSG00000177186,939
10189,OR2S2,ENSG00000278889,1047
10190,OR2T1,ENSG00000175143,4973
10191,OR2T10,ENSG00000184022,7214
10192,OR2T11,ENSG00000279301,11535
10193,OR2T12,ENSG00000177201,13286
10194,OR2T2,ENSG00000196240,10214
10195,OR2T27,ENSG00000187701,5691
10196,OR2T29,ENSG00000182783,5861
10197,OR2T3,ENSG00000196539,957
10198,OR2T33,ENSG00000177212,8060
10199,OR2T34,ENSG00000183310,957
10200,OR2T35,ENSG00000177151,8923
10201,OR2T4,ENSG00000196944,963
10202,OR2T5,ENSG00000203661,2525
10203,OR2T6,ENSG00000198104,16066
10204,OR2T8,ENSG00000177462,2901
10205,OR2V2,ENSG00000182613,11700
10206,OR2W1,ENSG00000204704,963
10207,OR2W3,ENSG00000238243,945
10208,OR2Y1,ENSG00000174339,936
10209,OR2Z1,ENSG00000181733,10527
10210,OR3A1,ENSG00000180090,7344
10211,OR3A2,ENSG00000221882,110141
10212,OR3A3,ENSG00000159961,12701
10213,OR3A4P,ENSG00000180068,906
10214,OR4A15,ENSG00000181958,945
10215,OR4A16,ENSG00000181961,987
10216,OR4A47,ENSG00000237388,930
10217,OR4A5,ENSG00000221840,1071
10218,OR4B1,ENSG00000175619,930
10219,OR4C11,ENSG00000172188,5286
10220,OR4C12,ENSG00000221954,1063
10221,OR4C13,ENSG00000258817,1029
10222,OR4C15,ENSG00000181939,1113
10223,OR4C16,ENSG00000279514,933
10224,OR4C3,ENSG00000176547,1036
10225,OR4C46,ENSG00000185926,930
10226,OR4C6,ENSG00000181903,3995
10227,OR4D1,ENSG00000141194,11202
10228,OR4D10,ENSG00000254466,6047
10229,OR4D11,ENSG00000176200,936
10230,OR4D2,ENSG00000255713,4430
10231,OR4D5,ENSG00000171014,957
10232,OR4D6,ENSG00000166884,945
10233,OR4D9,ENSG00000172742,9336
10234,OR4E2,ENSG00000221977,13808
10235,OR4F15,ENSG00000182854,7996
10236,OR4F17,ENSG00000176695,9999
10237,OR4F21,ENSG00000176269,939
10238,OR4F4,ENSG00000177693,1072
10239,OR4F5,ENSG00000186092,6167
10240,OR4F6,ENSG00000184140,3379
10241,OR4K1,ENSG00000155249,5841
10242,OR4K13,ENSG00000176253,6640
10243,OR4K14,ENSG00000169484,5165
10244,OR4K15,ENSG00000169488,975
10245,OR4K17,ENSG00000176230,11461
10246,OR4K2,ENSG00000165762,8791
10247,OR4K5,ENSG00000176281,972
10248,OR4L1,ENSG00000176246,939
10249,OR4M1,ENSG00000176299,10193
10250,OR4M2,ENSG00000274102,12981
10251,OR4N2,ENSG00000176294,111239
10252,OR4N4,ENSG00000183706,1341
10253,OR4N5,ENSG00000184394,6652
10254,OR4P4,ENSG00000181927,5197
10255,OR4Q3,ENSG00000182652,5899
10256,OR4S1,ENSG00000176555,930
10257,OR4S2,ENSG00000174982,4528
10258,OR4X1,ENSG00000176567,918
10259,OR4X2,ENSG00000172208,912
10260,OR51A2,ENSG00000205496,942
10261,OR51A4,ENSG00000205497,4775
10262,OR51A7,ENSG00000176895,5680
10263,OR51B2,ENSG00000279012,939
10264,OR51B4,ENSG00000183251,933
10265,OR51B5,ENSG00000167355,202209
10266,OR51B6,ENSG00000176239,939
10267,OR51D1,ENSG00000197428,5584
10268,OR51E1,ENSG00000180785,12069
10269,OR51E2,ENSG00000167332,17684
10270,OR51F1,ENSG00000280021,960
10271,OR51F2,ENSG00000176925,1136
10272,OR51G1,ENSG00000278870,966
10273,OR51G2,ENSG00000176893,6763
10274,OR51I1,ENSG00000167359,945
10275,OR51I2,ENSG00000187918,7196
10276,OR51L1,ENSG00000176798,10686
10277,OR51M1,ENSG00000184698,9452
10278,OR51Q1,ENSG00000167360,1096
10279,OR51S1,ENSG00000176922,972
10280,OR51T1,ENSG00000176900,1065
10281,OR51V1,ENSG00000176742,948
10282,OR52A1,ENSG00000182070,7934
10283,OR52A5,ENSG00000171944,9581
10284,OR52B2,ENSG00000255307,972
10285,OR52B4,ENSG00000221996,1124
10286,OR52B6,ENSG00000187747,1008
10287,OR52D1,ENSG00000181609,1065
10288,OR52E2,ENSG00000176787,978
10289,OR52E4,ENSG00000180974,6451
10290,OR52E6,ENSG00000205409,1025
10291,OR52E8,ENSG00000183269,942
10292,OR52H1,ENSG00000181616,4052
10293,OR52I1,ENSG00000232268,975
10294,OR52I2,ENSG00000226288,11598
10295,OR52J3,ENSG00000205495,936
10296,OR52K1,ENSG00000196778,10852
10297,OR52K2,ENSG00000181963,1067
10298,OR52L1,ENSG00000183313,1094
10299,OR52M1,ENSG00000197790,954
10300,OR52N1,ENSG00000181001,4795
10301,OR52N2,ENSG00000180988,12560
10302,OR52N4,ENSG00000181074,1716
10303,OR52N5,ENSG00000181009,7191
10304,OR52R1,ENSG00000279270,948
10305,OR52W1,ENSG00000175485,963
10306,OR56A1,ENSG00000180934,15003
10307,OR56A3,ENSG00000184478,12597
10308,OR56A4,ENSG00000183389,7502
10309,OR56A5,ENSG00000188691,942
10310,OR56B1,ENSG00000181023,2076
10311,OR56B4,ENSG00000180919,1152
10312,OR5A1,ENSG00000172320,14912
10313,OR5A2,ENSG00000172324,9445
10314,OR5AC2,ENSG00000196578,930
10315,OR5AK2,ENSG00000181273,930
10316,OR5AK4P,ENSG00000283307,903
10317,OR5AN1,ENSG00000176495,12820
10318,OR5AP2,ENSG00000172464,951
10319,OR5AR1,ENSG00000172459,933
10320,OR5AS1,ENSG00000181785,10538
10321,OR5AU1,ENSG00000169327,10691
10322,OR5B12,ENSG00000172362,3243
10323,OR5B17,ENSG00000197786,946
10324,OR5B2,ENSG00000172365,6884
10325,OR5B21,ENSG00000198283,1299
10326,OR5B3,ENSG00000172769,4411
10327,OR5C1,ENSG00000148215,963
10328,OR5D13,ENSG00000279761,945
10329,OR5D14,ENSG00000186113,945
10330,OR5D16,ENSG00000205029,987
10331,OR5D18,ENSG00000186119,942
10332,OR5E1P,ENSG00000170688,927
10333,OR5F1,ENSG00000149133,945
10334,OR5H1,ENSG00000231192,7828
10335,OR5H14,ENSG00000236032,9136
10336,OR5H15,ENSG00000233412,3079
10337,OR5H2,ENSG00000197938,1566
10338,OR5H6,ENSG00000230301,2105
10339,OR5I1,ENSG00000167825,945
10340,OR5J2,ENSG00000174957,939
10341,OR5K1,ENSG00000232382,9724
10342,OR5K2,ENSG00000231861,951
10343,OR5K3,ENSG00000206536,966
10344,OR5K4,ENSG00000196098,966
10345,OR5L1,ENSG00000279395,1110
10346,OR5L2,ENSG00000205030,936
10347,OR5M1,ENSG00000255012,5639
10348,OR5M10,ENSG00000254834,948
10349,OR5M11,ENSG00000255223,918
10350,OR5M3,ENSG00000174937,4079
10351,OR5M8,ENSG00000181371,936
10352,OR5M9,ENSG00000150269,933
10353,OR5P2,ENSG00000183303,969
10354,OR5P3,ENSG00000182334,6023
10355,OR5T1,ENSG00000181698,2666
10356,OR5T2,ENSG00000181718,2974
10357,OR5T3,ENSG00000172489,969
10358,OR5V1,ENSG00000243729,78219
10359,OR5W2,ENSG00000187612,933
10360,OR6A2,ENSG00000184933,7954
10361,OR6B1,ENSG00000221813,8474
10362,OR6B2,ENSG00000182083,939
10363,OR6B3,ENSG00000178586,8951
10364,OR6C1,ENSG00000205330,8022
10365,OR6C2,ENSG00000179695,9279
10366,OR6C3,ENSG00000205329,2645
10367,OR6C4,ENSG00000179626,6231
10368,OR6C6,ENSG00000188324,2582
10369,OR6C65,ENSG00000205328,939
10370,OR6C68,ENSG00000205327,939
10371,OR6C70,ENSG00000184954,939
10372,OR6C74,ENSG00000197706,12017
10373,OR6C75,ENSG00000187857,6305
10374,OR6C76,ENSG00000185821,939
10375,OR6F1,ENSG00000169214,5211
10376,OR6K2,ENSG00000196171,975
10377,OR6K3,ENSG00000203757,4394
10378,OR6K6,ENSG00000180433,1172
10379,OR6M1,ENSG00000196099,942
10380,OR6N1,ENSG00000197403,24382
10381,OR6N2,ENSG00000188340,6983
10382,OR6P1,ENSG00000186440,9975
10383,OR6Q1,ENSG00000279051,954
10384,OR6S1,ENSG00000181803,996
10385,OR6T1,ENSG00000181499,972
10386,OR6V1,ENSG00000225781,942
10387,OR6W1P,ENSG00000179420,1256
10388,OR6X1,ENSG00000221931,939
10389,OR6Y1,ENSG00000197532,9856
10390,OR7A10,ENSG00000127515,8457
10391,OR7A17,ENSG00000185385,7930
10392,OR7A5,ENSG00000188269,8945
10393,OR7C1,ENSG00000127530,46117
10394,OR7C2,ENSG00000127529,960
10395,OR7D4,ENSG00000174667,9314
10396,OR7E24,ENSG00000237521,5282
10397,OR7E37P,ENSG00000215480,897
10398,OR7E5P,ENSG00000214880,706
10399,OR7G1,ENSG00000161807,936
10400,OR7G2,ENSG00000170923,7069
10401,OR7G3,ENSG00000170920,939
10402,OR8A1,ENSG00000196119,16283
10403,OR8B12,ENSG00000170953,5699
10404,OR8B2,ENSG00000284680,2106
10405,OR8B3,ENSG00000284609,3491
10406,OR8B4,ENSG00000280090,930
10407,OR8B8,ENSG00000197125,8252
10408,OR8D1,ENSG00000196341,12269
10409,OR8D2,ENSG00000279116,936
10410,OR8D4,ENSG00000181518,7063
10411,OR8G1,ENSG00000197849,13270
10412,OR8H1,ENSG00000181693,3793
10413,OR8H2,ENSG00000181767,3972
10414,OR8H3,ENSG00000181761,939
10415,OR8I2,ENSG00000172154,933
10416,OR8J1,ENSG00000172487,7221
10417,OR8J3,ENSG00000167822,5481
10418,OR8K1,ENSG00000150261,960
10419,OR8K3,ENSG00000280314,5496
10420,OR8K5,ENSG00000181752,924
10421,OR8S1,ENSG00000284723,939
10422,OR9A2,ENSG00000179468,933
10423,OR9A4,ENSG00000258083,4227
10424,OR9G4,ENSG00000172457,7475
10425,OR9I1,ENSG00000172377,8789
10426,OR9K2,ENSG00000170605,6345
10427,OR9Q1,ENSG00000186509,157736
10428,OR9Q2,ENSG00000186513,4984
10429,ORAI1,ENSG00000276045,16710
10430,ORAI2,ENSG00000160991,23720
10431,ORAI3,ENSG00000175938,7394
10432,ORC1,ENSG00000085840,31595
10433,ORC2,ENSG00000115942,54704
10434,ORC3,ENSG00000135336,87757
10435,ORC4,ENSG00000115947,91209
10436,ORC5,ENSG00000164815,81707
10437,ORC6,ENSG00000091651,8752
10438,ORM1,ENSG00000229314,3382
10439,ORMDL1,ENSG00000128699,18353
10440,ORMDL2,ENSG00000123353,3839
10441,ORMDL3,ENSG00000172057,6561
10442,OS9,ENSG00000135506,34502
10443,OSBP,ENSG00000110048,41377
10444,OSBP2,ENSG00000184792,214043
10445,OSBPL10,ENSG00000144645,419669
10446,OSBPL11,ENSG00000144909,66640
10447,OSBPL1A,ENSG00000141447,235836
10448,OSBPL2,ENSG00000130703,64292
10449,OSBPL3,ENSG00000070882,185095
10450,OSBPL5,ENSG00000021762,79633
10451,OSBPL6,ENSG00000079156,208413
10452,OSBPL7,ENSG00000006025,14432
10453,OSBPL8,ENSG00000091039,208013
10454,OSBPL9,ENSG00000117859,221249
10455,OSCAR,ENSG00000170909,8025
10456,OSCP1,ENSG00000116885,34625
10457,OSGEP,ENSG00000092094,8689
10458,OSGEPL1,ENSG00000128694,16568
10459,OSGIN1,ENSG00000140961,35022
10460,OSGIN2,ENSG00000164823,26040
10461,OSM,ENSG00000099985,4023
10462,OSMR,ENSG00000145623,99739
10463,OSR1,ENSG00000143867,7139
10464,OSR2,ENSG00000164920,7702
10465,OST4,ENSG00000228474,1183
10466,SLC51A,ENSG00000163959,31692
10467,SLC51B,ENSG00000186198,8011
10468,OSTC,ENSG00000198856,17236
10469,OSTF1,ENSG00000134996,58752
10470,OSTM1,ENSG00000081087,136610
10471,OSTN,ENSG00000188729,66375
10472,OTC,ENSG00000036473,95311
10473,OTOA,ENSG00000155719,97968
10474,OTOF,ENSG00000115155,101554
10475,OTOGL,ENSG00000165899,281344
10476,OTOL1,ENSG00000182447,7135
10477,OTOP1,ENSG00000163982,38204
10478,OTOP2,ENSG00000183034,10963
10479,OTOP3,ENSG00000182938,14095
10480,OTOR,ENSG00000125879,21705
10481,OTOS,ENSG00000178602,5537
10482,OTP,ENSG00000171540,10002
10483,OTUB1,ENSG00000167770,15959
10484,OTUB2,ENSG00000089723,22591
10485,OTUD1,ENSG00000165312,3303
10486,OTUD3,ENSG00000169914,30551
10487,OTUD4,ENSG00000164164,69752
10488,OTUD5,ENSG00000068308,36363
10489,OTUD6A,ENSG00000189401,1723
10490,OTUD6B,ENSG00000155100,16900
10491,OTUD7A,ENSG00000169918,395392
10492,OTUD7B,ENSG00000264522,72915
10493,OTX1,ENSG00000115507,7780
10494,OTX2,ENSG00000165588,16789
10495,OTX2-AS1,ENSG00000248550,338995
10496,OVCA2,ENSG00000262664,1404
10497,OVCH1,ENSG00000187950,85213
10498,OVCH2,ENSG00000183378,17041
10499,OVGP1,ENSG00000085465,13417
10500,OVOL1,ENSG00000172818,10152
10501,OVOL2,ENSG00000125850,102210
10502,OXA1L,ENSG00000155463,6521
10503,OXCT1,ENSG00000083720,140361
10504,OXCT2,ENSG00000198754,1826
10505,OXER1,ENSG00000162881,1637
10506,OXGR1,ENSG00000165621,9018
10507,OXNAD1,ENSG00000154814,85140
10508,OXR1,ENSG00000164830,482551
10509,OXSM,ENSG00000151093,11618
10510,OXSR1,ENSG00000172939,90396
10511,OXT,ENSG00000101405,898
10512,OXTR,ENSG00000180914,19248
10513,P2RX1,ENSG00000108405,19885
10514,P2RX2,ENSG00000187848,3613
10515,P2RX3,ENSG00000109991,34045
10516,P2RX4,ENSG00000135124,24042
10517,P2RX5,ENSG00000083454,24042
10518,P2RX6,ENSG00000099957,18206
10519,P2RX7,ENSG00000089041,55214
10520,P2RY1,ENSG00000169860,6309
10521,P2RY10,ENSG00000078589,18396
10522,P2RY12,ENSG00000169313,47911
10523,P2RY13,ENSG00000181631,3238
10524,P2RY14,ENSG00000174944,66426
10525,P2RY2,ENSG00000175591,24147
10526,P2RY4,ENSG00000186912,2039
10527,P2RY6,ENSG00000171631,40606
10528,P2RY8,ENSG00000182162,74605
10529,P2RY8,ENSG00000292333,74605
10530,P4HA1,ENSG00000122884,89758
10531,P4HA2,ENSG00000072682,105169
10532,P4HA3,ENSG00000149380,75840
10533,P4HB,ENSG00000185624,17698
10534,P4HTM,ENSG00000178467,17265
10535,PA2G4,ENSG00000170515,9374
10536,PA2G4P4,ENSG00000230457,1182
10537,PAAF1,ENSG00000175575,54416
10538,PABPC1,ENSG00000070756,36994
10539,PABPC1L,ENSG00000101104,48976
10540,PABPC1L2A,ENSG00000186288,2237
10541,PABPC1L2B,ENSG00000184388,3168
10542,PABPC3,ENSG00000151846,3119
10543,PABPC4,ENSG00000090621,16082
10544,PABPC5,ENSG00000174740,3990
10545,PABPN1L,ENSG00000205022,3328
10546,PACRG,ENSG00000112530,588369
10547,PACRGL,ENSG00000163138,56626
10548,PACS1,ENSG00000175115,174473
10549,PACS2,ENSG00000179364,97585
10550,PACSIN1,ENSG00000124507,69169
10551,PACSIN2,ENSG00000100266,179738
10552,PACSIN3,ENSG00000165912,8922
10553,PADI1,ENSG00000142623,40880
10554,PADI2,ENSG00000117115,52691
10555,PADI3,ENSG00000142619,35136
10556,PADI4,ENSG00000159339,55810
10557,PADI6,ENSG00000276747,29504
10558,PAEP,ENSG00000122133,5200
10559,PAF1,ENSG00000006712,5526
10560,PAFAH1B1,ENSG00000007168,92433
10561,PAFAH1B2,ENSG00000168092,32611
10562,PAFAH1B3,ENSG00000079462,6514
10563,PAFAH2,ENSG00000158006,38351
10564,PAG1,ENSG00000076641,144259
10565,PAGE1,ENSG00000068985,8538
10566,PAGE2B,ENSG00000238269,3880
10567,PAGE4,ENSG00000101951,40612
10568,PAGE5,ENSG00000158639,3763
10569,PAH,ENSG00000171759,121522
10570,PAICS,ENSG00000128050,28838
10571,PAIP1,ENSG00000172239,31492
10572,PAIP2,ENSG00000120727,28134
10573,PAIP2B,ENSG00000124374,44366
10574,PAK1,ENSG00000149269,152619
10575,PAK1IP1,ENSG00000111845,14811
10576,PAK2,ENSG00000180370,92791
10577,PAK3,ENSG00000077264,283077
10578,PAK4,ENSG00000130669,57047
10579,PAK6,ENSG00000137843,60060
10580,PALB2,ENSG00000083093,38162
10581,PALLD,ENSG00000129116,431406
10582,PALM,ENSG00000099864,39395
10583,PALM3,ENSG00000187867,8714
10584,PALMD,ENSG00000099260,48429
10585,PAM,ENSG00000145730,275750
10586,PAMR1,ENSG00000149090,98478
10587,PAN2,ENSG00000135473,17831
10588,PAN3,ENSG00000152520,156830
10589,PANK1,ENSG00000152782,65746
10590,PANK2,ENSG00000125779,41049
10591,PANK3,ENSG00000120137,30874
10592,PANK4,ENSG00000157881,18061
10593,PANX1,ENSG00000110218,53128
10594,PANX2,ENSG00000073150,9565
10595,PANX3,ENSG00000154143,8929
10596,PAOX,ENSG00000148832,12434
10597,PAPLN,ENSG00000100767,37144
10598,PAPOLA,ENSG00000090060,65684
10599,PAPOLB,ENSG00000218823,4293
10600,PAPOLG,ENSG00000115421,45834
10601,PAPPA,ENSG00000182752,248531
10602,PAPPA2,ENSG00000116183,382431
10603,PAPSS1,ENSG00000138801,129959
10604,PAPSS2,ENSG00000198682,88093
10605,PAQR3,ENSG00000163291,52312
10606,PAQR4,ENSG00000162073,4215
10607,PAQR5,ENSG00000137819,108869
10608,PAQR6,ENSG00000160781,4798
10609,PAQR7,ENSG00000182749,14225
10610,PAQR9,ENSG00000188582,14511
10611,PARD3,ENSG00000148498,705766
10612,PARD3B,ENSG00000116117,1074688
10613,PARD6A,ENSG00000102981,1829
10614,PARD6B,ENSG00000124171,25216
10615,PARD6G,ENSG00000178184,90283
10616,PARG,ENSG00000227345,151925
10617,PARK7,ENSG00000116288,31215
10618,PARL,ENSG00000175193,55663
10619,PARM1,ENSG00000169116,117021
10620,PARN,ENSG00000140694,197029
10621,PARP1,ENSG00000143799,47945
10622,PARP10,ENSG00000178685,35620
10623,PARP11,ENSG00000111224,82402
10624,PARP12,ENSG00000059378,39203
10625,PARP14,ENSG00000173193,50002
10626,PARP15,ENSG00000173200,61420
10627,PARP16,ENSG00000138617,66159
10628,PARP2,ENSG00000129484,14290
10629,PARP3,ENSG00000041880,6523
10630,PARP4,ENSG00000102699,91848
10631,PARP6,ENSG00000137817,31819
10632,PARP8,ENSG00000151883,180621
10633,PARP9,ENSG00000138496,36654
10634,PARS2,ENSG00000162396,7626
10635,PARVA,ENSG00000197702,157794
10636,PARVB,ENSG00000188677,173729
10637,PARVG,ENSG00000138964,46578
10638,PASD1,ENSG00000166049,113065
10639,PATE1,ENSG00000171053,3589
10640,PATE2,ENSG00000196844,2716
10641,PATE3,ENSG00000236027,3474
10642,PATE4,ENSG00000237353,6757
10643,PATL1,ENSG00000166889,32322
10644,PATL2,ENSG00000229474,45592
10645,PATZ1,ENSG00000100105,20543
10646,PAWR,ENSG00000177425,115986
10647,PAX1,ENSG00000125813,12823
10648,PAX2,ENSG00000075891,94549
10649,PAX3,ENSG00000135903,99112
10650,PAX4,ENSG00000106331,7851
10651,PAX5,ENSG00000196092,201000
10652,PAX6,ENSG00000007372,33183
10653,PAX7,ENSG00000009709,118021
10654,PAX8,ENSG00000125618,62925
10655,PAX9,ENSG00000198807,21795
10656,PAXIP1,ENSG00000157212,59438
10657,PBK,ENSG00000168078,28459
10658,PBLD,ENSG00000108187,50390
10659,PBOV1,ENSG00000254440,2506
10660,PBX1,ENSG00000185630,343713
10661,PBX2,ENSG00000204304,5470
10662,PBX3,ENSG00000167081,220033
10663,PBX4,ENSG00000105717,56987
10664,PBXIP1,ENSG00000163346,12048
10665,PC,ENSG00000173599,109970
10666,PCA3,ENSG00000225937,171328
10667,PCBD1,ENSG00000166228,6286
10668,PCBD2,ENSG00000132570,102840
10669,PCBP1,ENSG00000169564,1727
10670,PCBP2,ENSG00000197111,29061
10671,PCBP3,ENSG00000183570,298761
10672,PCBP4,ENSG00000090097,16563
10673,PCCA,ENSG00000175198,441423
10674,PCCB,ENSG00000114054,87557
10675,PCDH1,ENSG00000156453,26157
10676,PCDH10,ENSG00000138650,59313
10677,PCDH11X,ENSG00000102290,843970
10678,PCDH11Y,ENSG00000099715,741999
10679,PCDH12,ENSG00000113555,26161
10680,PCDH15,ENSG00000150275,1825172
10681,PCDH17,ENSG00000118946,97568
10682,PCDH18,ENSG00000189184,13577
10683,PCDH19,ENSG00000165194,118630
10684,PCDH20,ENSG00000280165,6165
10685,PCDH7,ENSG00000169851,426437
10686,PCDH8,ENSG00000136099,5753
10687,PCDH9,ENSG00000184226,927612
10688,PCDHAC2,ENSG00000243232,45878
10689,PCDHB1,ENSG00000171815,7973
10690,PCDHB10,ENSG00000120324,3295
10691,PCDHB11,ENSG00000197479,4170
10692,PCDHB12,ENSG00000120328,3875
10693,PCDHB13,ENSG00000187372,5061
10694,PCDHB14,ENSG00000120327,4417
10695,PCDHB15,ENSG00000113248,3971
10696,PCDHB16,ENSG00000272674,3840
10697,PCDHB2,ENSG00000112852,4098
10698,PCDHB3,ENSG00000113205,3355
10699,PCDHB4,ENSG00000081818,3806
10700,PCDHB5,ENSG00000113209,3410
10701,PCDHB6,ENSG00000113211,3231
10702,PCDHB7,ENSG00000113212,3740
10703,PCDHB8,ENSG00000120322,4580
10704,PCDHB9,ENSG00000177839,4415
10705,PCDHGB8P,ENSG00000248449,2873
10706,PCDHGB8P,ENSG00000293454,1973
10707,PCDHGC5,ENSG00000240764,23895
10708,PCF11,ENSG00000165494,30464
10709,PCGEM1,ENSG00000227418,27097
10710,PCGF1,ENSG00000115289,2653
10711,PCGF2,ENSG00000277258,15920
10712,PCGF3,ENSG00000185619,64342
10713,PCGF5,ENSG00000180628,121326
10714,PCGF6,ENSG00000156374,48349
10715,PCID2,ENSG00000126226,31180
10716,PCIF1,ENSG00000100982,13341
10717,PCK1,ENSG00000124253,7042
10718,PCK2,ENSG00000100889,16546
10719,PCLO,ENSG00000186472,408919
10720,PCM1,ENSG00000078674,107107
10721,PCMTD1,ENSG00000168300,81612
10722,PCMTD2,ENSG00000203880,49126
10723,PCNA,ENSG00000132646,11674
10724,PCNP,ENSG00000081154,20286
10725,PCNT,ENSG00000160299,121646
10726,PCOLCE,ENSG00000106333,5813
10727,PCOLCE2,ENSG00000163710,73285
10728,PCP2,ENSG00000174788,2109
10729,PCP4,ENSG00000183036,61960
10730,PCP4L1,ENSG00000248485,26706
10731,PCSK1,ENSG00000175426,43811
10732,PCSK2,ENSG00000125851,258472
10733,PCSK4,ENSG00000115257,9325
10734,PCSK5,ENSG00000099139,472332
10735,PCSK6,ENSG00000140479,235419
10736,PCSK7,ENSG00000160613,28189
10737,PCSK9,ENSG00000169174,25408
10738,PCTP,ENSG00000141179,91780
10739,PCYOX1,ENSG00000116005,23800
10740,PCYOX1L,ENSG00000145882,11617
10741,PCYT1A,ENSG00000161217,73736
10742,PCYT1B,ENSG00000102230,114591
10743,PCYT2,ENSG00000185813,10475
10744,PDAP1,ENSG00000106244,16550
10745,PDC,ENSG00000116703,17549
10746,PDCD1,ENSG00000188389,9011
10747,PDCD10,ENSG00000114209,51642
10748,PDCD11,ENSG00000148843,49669
10749,PDCD1LG2,ENSG00000197646,60752
10750,PDCD2,ENSG00000071994,9398
10751,PDCD2L,ENSG00000126249,21770
10752,PDCD4,ENSG00000150593,28212
10753,PDCD5,ENSG00000105185,6264
10754,PDCD6,ENSG00000249915,43354
10755,PDCD6IP,ENSG00000170248,71137
10756,PDCD7,ENSG00000090470,16430
10757,PDCL,ENSG00000136940,30200
10758,PDCL2,ENSG00000163440,35727
10759,PDCL3,ENSG00000115539,14480
10760,PDE10A,ENSG00000112541,660831
10761,PDE11A,ENSG00000128655,485096
10762,PDE12,ENSG00000174840,100207
10763,PDE1A,ENSG00000115252,383392
10764,PDE1B,ENSG00000123360,29639
10765,PDE1C,ENSG00000154678,676953
10766,PDE2A,ENSG00000186642,98451
10767,PDE3A,ENSG00000172572,320047
10768,PDE3B,ENSG00000152270,228241
10769,PDE4A,ENSG00000065989,52858
10770,PDE4B,ENSG00000184588,582066
10771,PDE4C,ENSG00000285188,47459
10772,PDE4C,ENSG00000105650,40236
10773,PDE4D,ENSG00000113448,1553083
10774,PDE4DIP,ENSG00000178104,240147
10775,PDE5A,ENSG00000138735,134408
10776,PDE6A,ENSG00000132915,86841
10777,PDE6B,ENSG00000133256,45210
10778,PDE6C,ENSG00000095464,53474
10779,PDE6D,ENSG00000156973,53840
10780,PDE6G,ENSG00000185527,12654
10781,PDE6H,ENSG00000139053,8824
10782,PDE7A,ENSG00000205268,127989
10783,PDE7B,ENSG00000171408,343874
10784,PDE8A,ENSG00000073417,158706
10785,PDE8B,ENSG00000284762,340393
10786,PDE8B,ENSG00000113231,217808
10787,PDE9A,ENSG00000160191,121889
10788,PDF,ENSG00000258429,3676
10789,PDGFA,ENSG00000197461,23039
10790,PDGFB,ENSG00000100311,21624
10791,PDGFC,ENSG00000145431,211346
10792,PDGFD,ENSG00000170962,257191
10793,PDGFRA,ENSG00000134853,68966
10794,PDGFRB,ENSG00000113721,42034
10795,PDGFRL,ENSG00000104213,67639
10796,PDHA1,ENSG00000131828,17826
10797,PDHA2,ENSG00000163114,1372
10798,PDHB,ENSG00000168291,6228
10799,PDHX,ENSG00000110435,104763
10800,PDIA2,ENSG00000185615,4052
10801,PDIA3,ENSG00000167004,26886
10802,PDIA4,ENSG00000155660,25601
10803,PDIA5,ENSG00000065485,158203
10804,PDIA6,ENSG00000143870,54587
10805,PDIK1L,ENSG00000175087,14391
10806,PDILT,ENSG00000169340,45563
10807,PDK1,ENSG00000152256,53297
10808,PDK2,ENSG00000005882,17416
10809,PDK3,ENSG00000067992,85223
10810,PDK4,ENSG00000004799,13018
10811,PDLIM1,ENSG00000107438,53441
10812,PDLIM2,ENSG00000120913,19747
10813,PDLIM3,ENSG00000154553,34848
10814,PDLIM4,ENSG00000131435,15759
10815,PDLIM5,ENSG00000163110,216371
10816,PDLIM7,ENSG00000196923,14213
10817,PDP2,ENSG00000172840,17166
10818,PDPK1,ENSG00000140992,65212
10819,PDPN,ENSG00000162493,34493
10820,PDPR,ENSG00000090857,48206
10821,PDRG1,ENSG00000088356,7710
10822,PDS5A,ENSG00000121892,155094
10823,PDS5B,ENSG00000083642,191568
10824,PDSS1,ENSG00000148459,49098
10825,PDSS2,ENSG00000164494,307003
10826,PDX1,ENSG00000139515,6314
10827,PDXDC1,ENSG00000179889,179081
10828,PDXK,ENSG00000160209,43214
10829,PDYN,ENSG00000101327,15529
10830,PDZD11,ENSG00000120509,9397
10831,PDZD2,ENSG00000133401,471802
10832,PDZD4,ENSG00000067840,28400
10833,PDZD7,ENSG00000186862,24617
10834,PDZD8,ENSG00000165650,98167
10835,PDZD9,ENSG00000155714,17252
10836,PDZK1,ENSG00000174827,37297
10837,PDZK1IP1,ENSG00000162366,7463
10838,PDZRN3,ENSG00000121440,242511
10839,PDZRN4,ENSG00000165966,386426
10840,PEA15,ENSG00000162734,9997
10841,PEAK1,ENSG00000173517,319489
10842,PEAR1,ENSG00000187800,22732
10843,PEBP1,ENSG00000089220,9461
10844,PEBP4,ENSG00000134020,286750
10845,PECR,ENSG00000115425,86627
10846,PEF1,ENSG00000162517,15031
10847,PEG10,ENSG00000242265,13371
10848,PEG3,ENSG00000198300,30652
10849,PELI1,ENSG00000197329,51769
10850,PELI2,ENSG00000139946,183711
10851,PELI3,ENSG00000174516,11011
10852,PELO,ENSG00000152684,16129
10853,PELP1,ENSG00000141456,34564
10854,PEMT,ENSG00000133027,86146
10855,PENK,ENSG00000181195,9998
10856,PEPD,ENSG00000124299,134874
10857,PER1,ENSG00000179094,16040
10858,PER2,ENSG00000132326,46059
10859,PER3,ENSG00000049246,60887
10860,PERP,ENSG00000112378,18915
10861,PES1,ENSG00000100029,30459
10862,PET117,ENSG00000232838,5307
10863,PEX1,ENSG00000127980,41501
10864,PEX10,ENSG00000157911,9834
10865,PEX11A,ENSG00000166821,13020
10866,PEX11B,ENSG00000131779,7368
10867,PEX11G,ENSG00000104883,20575
10868,PEX12,ENSG00000108733,4069
10869,PEX13,ENSG00000162928,34766
10870,PEX14,ENSG00000142655,158471
10871,PEX16,ENSG00000121680,9150
10872,PEX2,ENSG00000164751,20787
10873,PEX26,ENSG00000215193,27474
10874,PEX3,ENSG00000034693,39812
10875,PEX5,ENSG00000139197,29890
10876,PEX5L,ENSG00000114757,242096
10877,PEX6,ENSG00000124587,15317
10878,PEX7,ENSG00000112357,91371
10879,PF4,ENSG00000163737,1217
10880,PF4V1,ENSG00000109272,1188
10881,PFAS,ENSG00000178921,22874
10882,PFDN1,ENSG00000113068,58079
10883,PFDN2,ENSG00000143256,17500
10884,PFDN4,ENSG00000101132,20132
10885,PFDN5,ENSG00000123349,4162
10886,PFDN6,ENSG00000204220,9100
10887,PFKFB1,ENSG00000158571,65574
10888,PFKFB2,ENSG00000123836,46659
10889,PFKFB3,ENSG00000170525,109711
10890,PFKFB4,ENSG00000114268,44332
10891,PFKL,ENSG00000141959,27326
10892,PFKM,ENSG00000152556,41266
10893,PFKP,ENSG00000067057,71386
10894,PFN1,ENSG00000108518,3410
10895,PFN1P2,ENSG00000270392,397
10896,PFN1P2,ENSG00000293296,1834
10897,PFN2,ENSG00000070087,85885
10898,PFN3,ENSG00000196570,553
10899,PFN4,ENSG00000176732,8656
10900,PGA3,ENSG00000229859,9792
10901,PGA4,ENSG00000229183,9348
10902,PGA5,ENSG00000256713,10270
10903,PGAM1,ENSG00000171314,7254
10904,PGAM2,ENSG00000164708,2841
10905,PGAM4,ENSG00000226784,1690
10906,PGAM5,ENSG00000247077,11916
10907,PGAP1,ENSG00000197121,94793
10908,PGAP2,ENSG00000148985,28648
10909,PGAP3,ENSG00000161395,25676
10910,PGBD1,ENSG00000137338,20978
10911,PGBD2,ENSG00000185220,13751
10912,PGBD4,ENSG00000182405,6604
10913,PGC,ENSG00000096088,17399
10914,CPQ,ENSG00000104324,504413
10915,PGD,ENSG00000142657,21920
10916,PGF,ENSG00000119630,13793
10917,PGGT1B,ENSG00000164219,58866
10918,PGK1,ENSG00000102144,218557
10919,PGK2,ENSG00000170950,1626
10920,PGLS,ENSG00000130313,9653
10921,PGLYRP1,ENSG00000008438,3901
10922,PGLYRP2,ENSG00000161031,30312
10923,PGLYRP3,ENSG00000159527,15837
10924,PGLYRP4,ENSG00000163218,18722
10925,PGM1,ENSG00000079739,66835
10926,PGM2,ENSG00000169299,36278
10927,PGM2L1,ENSG00000165434,68118
10928,PGM3,ENSG00000013375,46613
10929,PGM5,ENSG00000154330,202754
10930,PGP,ENSG00000184207,3248
10931,PGPEP1,ENSG00000130517,29353
10932,PGPEP1L,ENSG00000183571,39564
10933,PGR,ENSG00000082175,100190
10934,PGRMC1,ENSG00000101856,8222
10935,PGRMC2,ENSG00000164040,19593
10936,PGS1,ENSG00000087157,46466
10937,PHACTR1,ENSG00000112137,574135
10938,PHACTR2,ENSG00000112419,294341
10939,PHACTR3,ENSG00000087495,270203
10940,PHACTR4,ENSG00000204138,130783
10941,PHAX,ENSG00000164902,26328
10942,PHC1,ENSG00000111752,27572
10943,PHC2,ENSG00000134686,107473
10944,PHC3,ENSG00000173889,95018
10945,PHEX,ENSG00000102174,462389
10946,PHF1,ENSG00000112511,6055
10947,PHF10,ENSG00000130024,21665
10948,PHF11,ENSG00000136147,33372
10949,PHF12,ENSG00000109118,46522
10950,PHF13,ENSG00000116273,10300
10951,PHF14,ENSG00000106443,196288
10952,PHF19,ENSG00000119403,39246
10953,PHF2,ENSG00000197724,103004
10954,PHF20,ENSG00000025293,178397
10955,PHF20L1,ENSG00000129292,73450
10956,PHF21A,ENSG00000135365,192136
10957,PHF21B,ENSG00000056487,128844
10958,PHF23,ENSG00000040633,4694
10959,PHF3,ENSG00000118482,143535
10960,PHF5A,ENSG00000100410,8976
10961,PHF6,ENSG00000156531,55504
10962,PHF7,ENSG00000010318,12982
10963,PHF8,ENSG00000172943,112283
10964,PHGDH,ENSG00000092621,95808
10965,PHIP,ENSG00000146247,143869
10966,PHKA1,ENSG00000067177,135506
10967,PHKA2,ENSG00000044446,91817
10968,PHKB,ENSG00000102893,240401
10969,PHKG1,ENSG00000164776,12714
10970,PHKG2,ENSG00000156873,12884
10971,PHLDA1,ENSG00000139289,6330
10972,PHLDA2,ENSG00000181649,1148
10973,PHLDA3,ENSG00000174307,4960
10974,PHLDB1,ENSG00000019144,51592
10975,PHLDB2,ENSG00000144824,244021
10976,PHLDB3,ENSG00000176531,30595
10977,PHLPP1,ENSG00000081913,264893
10978,PHLPP2,ENSG00000040199,86867
10979,PHOSPHO1,ENSG00000173868,7422
10980,PHOSPHO2,ENSG00000144362,7255
10981,PHOX2A,ENSG00000165462,6588
10982,PHOX2B,ENSG00000109132,4644
10983,PHPT1,ENSG00000054148,2304
10984,PHRF1,ENSG00000070047,35753
10985,PHTF1,ENSG00000116793,62659
10986,PHTF2,ENSG00000006576,158731
10987,PHYH,ENSG00000107537,24617
10988,PHYHIP,ENSG00000168490,12399
10989,PHYHIPL,ENSG00000165443,71132
10990,PI15,ENSG00000137558,30496
10991,PI16,ENSG00000164530,16575
10992,PI3,ENSG00000124102,1643
10993,PI4K2A,ENSG00000155252,35764
10994,PI4K2B,ENSG00000038210,118542
10995,PI4KA,ENSG00000241973,151727
10996,PI4KB,ENSG00000143393,35919
10997,PIAS1,ENSG00000033800,144295
10998,PIAS2,ENSG00000078043,116943
10999,PIAS3,ENSG00000131788,11315
11000,PIAS4,ENSG00000105229,31651
11001,PIBF1,ENSG00000083535,234329
11002,PICALM,ENSG00000073921,112708
11003,PICK1,ENSG00000100151,19391
11004,PID1,ENSG00000153823,420762
11005,PIEZO1,ENSG00000103335,69883
11006,PIEZO2,ENSG00000154864,483087
11007,PIF1,ENSG00000140451,10037
11008,PIGA,ENSG00000165195,16103
11009,PIGB,ENSG00000069943,36689
11010,PIGC,ENSG00000135845,73898
11011,PIGF,ENSG00000151665,36119
11012,PIGG,ENSG00000174227,40991
11013,PIGH,ENSG00000100564,18332
11014,PIGK,ENSG00000142892,130442
11015,PIGL,ENSG00000108474,134607
11016,PIGM,ENSG00000143315,7038
11017,PIGN,ENSG00000197563,281864
11018,PIGO,ENSG00000165282,11127
11019,PIGP,ENSG00000185808,10325
11020,PIGQ,ENSG00000007541,17115
11021,PIGR,ENSG00000162896,17945
11022,PIGS,ENSG00000087111,18412
11023,PIGT,ENSG00000124155,40851
11024,PIGU,ENSG00000101464,138249
11025,PIGV,ENSG00000060642,13606
11026,PIGW,ENSG00000277161,4324
11027,PIGX,ENSG00000163964,96233
11028,PYURF,ENSG00000145337,2779
11029,PIGZ,ENSG00000119227,22705
11030,PIH1D1,ENSG00000104872,7200
11031,PIH1D2,ENSG00000150773,11057
11032,PIK3AP1,ENSG00000155629,127200
11033,PIK3C2A,ENSG00000011405,130257
11034,PIK3C2B,ENSG00000133056,72178
11035,PIK3C2G,ENSG00000139144,405456
11036,PIK3C3,ENSG00000078142,132597
11037,PIK3CA,ENSG00000121879,91980
11038,PIK3CB,ENSG00000051382,182593
11039,PIK3CD,ENSG00000171608,99226
11040,PIK3CG,ENSG00000105851,43703
11041,PIK3IP1,ENSG00000100100,10941
11042,PIK3R1,ENSG00000145675,86082
11043,PIK3R2,ENSG00000105647,17378
11044,PIK3R3,ENSG00000117461,92897
11045,PIK3R4,ENSG00000196455,67896
11046,PIK3R5,ENSG00000141506,86802
11047,PIK3R6,ENSG00000276231,64956
11048,PIKFYVE,ENSG00000115020,92492
11049,PILRA,ENSG00000085514,32567
11050,PILRB,ENSG00000121716,15656
11051,PIM1,ENSG00000137193,5277
11052,PIM2,ENSG00000102096,5843
11053,PIM3,ENSG00000198355,3305
11054,PIN1,ENSG00000127445,14433
11055,PIN1P1,ENSG00000229359,301
11056,PIN1P1,ENSG00000293134,996
11057,PIN4,ENSG00000102309,121574
11058,PINK1,ENSG00000158828,18054
11059,PIP,ENSG00000159763,7663
11060,PIP4K2A,ENSG00000150867,179725
11061,PIP4K2B,ENSG00000276293,34436
11062,PIP4K2C,ENSG00000166908,12245
11063,PIP5K1A,ENSG00000143398,51588
11064,PIP5K1B,ENSG00000107242,303937
11065,PIP5K1C,ENSG00000186111,70286
11066,PIP5K1P1,ENSG00000219294,1656
11067,PIP5KL1,ENSG00000167103,9905
11068,PIPOX,ENSG00000179761,106704
11069,PIPSL,ENSG00000180764,2733
11070,PIR,ENSG00000087842,108766
11071,PIRT,ENSG00000233670,15618
11072,PISD,ENSG00000241878,43731
11073,PISRT1,ENSG00000281473,531
11074,PITHD1,ENSG00000057757,9815
11075,PITPNA,ENSG00000174238,45075
11076,PITPNB,ENSG00000180957,68466
11077,PITPNC1,ENSG00000154217,319976
11078,PITPNM1,ENSG00000110697,14504
11079,PITPNM2,ENSG00000090975,167611
11080,PITPNM3,ENSG00000091622,105293
11081,PITRM1,ENSG00000107959,35114
11082,PITX1,ENSG00000069011,7080
11083,PITX2,ENSG00000164093,24701
11084,PITX3,ENSG00000107859,11324
11085,PIWIL1,ENSG00000125207,34751
11086,PIWIL2,ENSG00000197181,82253
11087,PIWIL3,ENSG00000184571,55687
11088,PIWIL4,ENSG00000134627,77582
11089,PJA1,ENSG00000181191,4671
11090,PJA2,ENSG00000198961,75262
11091,PKD1,ENSG00000008710,47191
11092,PKD1L1,ENSG00000158683,208265
11093,PKD1L2,ENSG00000166473,119496
11094,PKD1L3,ENSG00000277481,70865
11095,PKD2,ENSG00000118762,70143
11096,PKD2L1,ENSG00000107593,42116
11097,PKD2L2,ENSG00000078795,54780
11098,PKDCC,ENSG00000162878,10497
11099,PKDREJ,ENSG00000130943,7681
11100,PKHD1,ENSG00000170927,472315
11101,PKHD1L1,ENSG00000205038,174747
11102,PKIA,ENSG00000171033,88928
11103,PKIB,ENSG00000135549,254457
11104,PKIG,ENSG00000168734,92463
11105,PKLR,ENSG00000143627,12146
11106,PKM,ENSG00000067225,32791
11107,PKMYT1,ENSG00000127564,12456
11108,PKN1,ENSG00000123143,38815
11109,PKN2,ENSG00000065243,152034
11110,PKN3,ENSG00000160447,18414
11111,PKNOX1,ENSG00000160199,59422
11112,PKNOX2,ENSG00000165495,268703
11113,PKP1,ENSG00000081277,49542
11114,PKP2,ENSG00000057294,106054
11115,PKP3,ENSG00000184363,12295
11116,PKP4,ENSG00000144283,225928
11117,PLA1A,ENSG00000144837,31937
11118,PLA2G10,ENSG00000069764,21761
11119,PLA2G12A,ENSG00000123739,20082
11120,PLA2G12B,ENSG00000138308,20045
11121,PLA2G15,ENSG00000103066,15755
11122,PLA2G1B,ENSG00000170890,5665
11123,PLA2G2A,ENSG00000188257,4986
11124,PLA2G2C,ENSG00000187980,25266
11125,PLA2G2D,ENSG00000117215,7628
11126,PLA2G2E,ENSG00000188784,3609
11127,PLA2G2F,ENSG00000158786,11059
11128,PLA2G3,ENSG00000100078,5702
11129,PLA2G4A,ENSG00000116711,160033
11130,PLA2G4C,ENSG00000105499,62975
11131,PLA2G4D,ENSG00000159337,27554
11132,PLA2G4E,ENSG00000188089,69797
11133,PLA2G4F,ENSG00000168907,17603
11134,PLA2G5,ENSG00000127472,63733
11135,PLA2G6,ENSG00000184381,103284
11136,PLA2G7,ENSG00000146070,31493
11137,PLA2R1,ENSG00000153246,130610
11138,PLAA,ENSG00000137055,43871
11139,PLAC1,ENSG00000170965,198485
11140,PLAC8,ENSG00000145287,77583
11141,PLAC8L1,ENSG00000173261,21265
11142,PLAC9,ENSG00000189129,13678
11143,PLAG1,ENSG00000181690,50416
11144,PLAGL1,ENSG00000118495,124300
11145,PLAGL2,ENSG00000126003,15240
11146,PLAT,ENSG00000104368,32992
11147,PLAU,ENSG00000122861,8320
11148,PLAUR,ENSG00000011422,24453
11149,PLB1,ENSG00000163803,186998
11150,PLBD1,ENSG00000121316,64223
11151,PLBD2,ENSG00000151176,33064
11152,PLCB1,ENSG00000182621,891110
11153,PLCB2,ENSG00000137841,29760
11154,PLCB3,ENSG00000149782,17621
11155,PLCB4,ENSG00000101333,436769
11156,PLCD1,ENSG00000187091,22147
11157,PLCD3,ENSG00000161714,24396
11158,PLCD4,ENSG00000115556,29330
11159,PLCE1,ENSG00000138193,338893
11160,PLCG1,ENSG00000124181,59842
11161,PLCG2,ENSG00000197943,224438
11162,PLCH1,ENSG00000114805,369492
11163,PLCH2,ENSG00000149527,79553
11164,PLCL1,ENSG00000115896,767989
11165,PLCL2,ENSG00000154822,287954
11166,PLCXD1,ENSG00000182378,27035
11167,PLCXD1,ENSG00000292344,27035
11168,PLCXD2,ENSG00000240891,171772
11169,PLCXD3,ENSG00000182836,203650
11170,PLCZ1,ENSG00000139151,54932
11171,PLD1,ENSG00000075651,210547
11172,PLD2,ENSG00000129219,16283
11173,PLD3,ENSG00000105223,41017
11174,PLD4,ENSG00000166428,13049
11175,PLD5,ENSG00000180287,441712
11176,PLD6,ENSG00000179598,5339
11177,BLOC1S6,ENSG00000104164,28732
11178,PLEC,ENSG00000178209,61582
11179,PLEK,ENSG00000115956,32172
11180,PLEK2,ENSG00000100558,25184
11181,PLEKHA1,ENSG00000107679,57659
11182,PLEKHA2,ENSG00000169499,72678
11183,PLEKHA3,ENSG00000116095,36007
11184,PLEKHA4,ENSG00000105559,31526
11185,PLEKHA5,ENSG00000052126,246732
11186,PLEKHA6,ENSG00000143850,159362
11187,PLEKHA7,ENSG00000166689,237119
11188,PLEKHA8,ENSG00000106086,103080
11189,PLEKHA8P1,ENSG00000134297,1524
11190,PLEKHA8P1,ENSG00000293316,76303
11191,PLEKHB1,ENSG00000021300,16642
11192,PLEKHB2,ENSG00000115762,248863
11193,PLEKHD1,ENSG00000175985,46860
11194,PLEKHF2,ENSG00000175895,41057
11195,PLEKHG1,ENSG00000120278,243783
11196,PLEKHG2,ENSG00000090924,15747
11197,PLEKHG3,ENSG00000126822,46148
11198,PLEKHG4,ENSG00000196155,11990
11199,PLEKHG4B,ENSG00000153404,97805
11200,PLEKHG5,ENSG00000171680,52953
11201,PLEKHG6,ENSG00000008323,18071
11202,PLEKHG7,ENSG00000187510,69613
11203,PLEKHH1,ENSG00000054690,56323
11204,PLEKHH2,ENSG00000152527,130728
11205,PLEKHH3,ENSG00000068137,9081
11206,PLEKHJ1,ENSG00000104886,7621
11207,PLEKHM1,ENSG00000225190,54859
11208,PLEKHM2,ENSG00000116786,50450
11209,PLEKHM3,ENSG00000178385,204240
11210,PLEKHN1,ENSG00000187583,9384
11211,PLEKHO1,ENSG00000023902,15538
11212,PLEKHO2,ENSG00000241839,26120
11213,PLG,ENSG00000122194,51904
11214,PLGLA,ENSG00000240935,10694
11215,PLIN1,ENSG00000166819,15061
11216,PLIN2,ENSG00000147872,40916
11217,PLIN3,ENSG00000105355,29354
11218,PLIN4,ENSG00000167676,16295
11219,PLIN5,ENSG00000214456,12694
11220,PLK1,ENSG00000166851,12712
11221,PLK2,ENSG00000145632,6158
11222,PLK3,ENSG00000173846,5619
11223,PLK4,ENSG00000142731,18332
11224,PLLP,ENSG00000102934,36126
11225,PLN,ENSG00000198523,13421
11226,PLOD1,ENSG00000083444,41334
11227,PLOD2,ENSG00000152952,128587
11228,PLOD3,ENSG00000106397,12444
11229,PLP1,ENSG00000123560,18902
11230,PLP2,ENSG00000102007,3338
11231,PLRG1,ENSG00000171566,15396
11232,PLS1,ENSG00000120756,117272
11233,PLS3,ENSG00000102024,89688
11234,PLSCR1,ENSG00000188313,29677
11235,PLSCR2,ENSG00000163746,104571
11236,PLSCR3,ENSG00000187838,5116
11237,PLSCR4,ENSG00000114698,58845
11238,PLSCR5,ENSG00000231213,28792
11239,PLTP,ENSG00000100979,13535
11240,PLVAP,ENSG00000130300,25893
11241,PLXDC1,ENSG00000161381,91082
11242,PLXDC2,ENSG00000120594,473618
11243,PLXNA1,ENSG00000114554,54697
11244,PLXNA2,ENSG00000076356,222143
11245,PLXNA3,ENSG00000130827,19499
11246,PLXNA4,ENSG00000221866,525349
11247,PLXNB1,ENSG00000164050,26233
11248,PLXNB2,ENSG00000196576,32668
11249,PLXNB3,ENSG00000198753,15151
11250,PLXNC1,ENSG00000136040,159099
11251,PLXND1,ENSG00000004399,51463
11252,PM20D1,ENSG00000162877,22108
11253,PM20D2,ENSG00000146281,19511
11254,PMAIP1,ENSG00000141682,4310
11255,PMCH,ENSG00000183395,1375
11256,PMCHL2,ENSG00000169040,507
11257,PMCHL2,ENSG00000290836,95729
11258,PMEL,ENSG00000185664,19213
11259,PMEPA1,ENSG00000124225,63145
11260,PMFBP1,ENSG00000118557,64722
11261,PML,ENSG00000140464,53155
11262,PMM1,ENSG00000100417,12972
11263,PMM2,ENSG00000140650,73712
11264,PMP2,ENSG00000147588,7114
11265,PMP22,ENSG00000109099,42520
11266,PMPCA,ENSG00000165688,17363
11267,PMPCB,ENSG00000105819,34412
11268,PMS1,ENSG00000064933,93545
11269,PMS2,ENSG00000122512,38206
11270,PMS2P1,ENSG00000078319,7025
11271,PMS2P3,ENSG00000127957,5305
11272,PMS2P3,ENSG00000291092,37760
11273,PMVK,ENSG00000163344,11980
11274,PNCK,ENSG00000130822,19278
11275,PNISR,ENSG00000132424,27703
11276,PNKD,ENSG00000127838,77143
11277,PNKP,ENSG00000039650,18470
11278,PNLDC1,ENSG00000146453,20456
11279,PNLIP,ENSG00000175535,21925
11280,PNLIPRP1,ENSG00000187021,18791
11281,PNLIPRP2,ENSG00000266200,24191
11282,PNLIPRP3,ENSG00000203837,50111
11283,PNMA1,ENSG00000176903,2602
11284,PNMA2,ENSG00000240694,9392
11285,PNMA3,ENSG00000183837,4059
11286,PNMA5,ENSG00000198883,5293
11287,PNMT,ENSG00000141744,2495
11288,PNN,ENSG00000100941,8038
11289,PNO1,ENSG00000115946,18351
11290,PNOC,ENSG00000168081,26370
11291,PNP,ENSG00000198805,15103
11292,PNPLA1,ENSG00000180316,70753
11293,PNPLA2,ENSG00000177666,6660
11294,PNPLA3,ENSG00000100344,40697
11295,PNPLA4,ENSG00000006757,29493
11296,PNPLA5,ENSG00000100341,12336
11297,PNPLA6,ENSG00000032444,27761
11298,PNPLA7,ENSG00000130653,90451
11299,PNPLA8,ENSG00000135241,99250
11300,PNPO,ENSG00000108439,7803
11301,PNPT1,ENSG00000138035,59803
11302,PNRC2,ENSG00000189266,6624
11303,POC1A,ENSG00000164087,79465
11304,POC5,ENSG00000152359,43325
11305,PODN,ENSG00000174348,23450
11306,PODNL1,ENSG00000132000,22206
11307,PODXL,ENSG00000128567,57956
11308,PODXL2,ENSG00000114631,43618
11309,POF1B,ENSG00000124429,102322
11310,POFUT1,ENSG00000101346,30804
11311,POFUT2,ENSG00000186866,23971
11312,POGK,ENSG00000143157,16913
11313,POGLUT1,ENSG00000163389,25746
11314,POGZ,ENSG00000143442,56771
11315,POLA1,ENSG00000101868,303114
11316,POLA2,ENSG00000014138,44047
11317,POLB,ENSG00000070501,33355
11318,POLD1,ENSG00000062822,33815
11319,POLD2,ENSG00000106628,9728
11320,POLD3,ENSG00000077514,175267
11321,POLD4,ENSG00000175482,6201
11322,POLDIP2,ENSG00000004142,10895
11323,POLDIP3,ENSG00000100227,31242
11324,POLE,ENSG00000177084,63624
11325,POLE2,ENSG00000100479,44868
11326,POLE3,ENSG00000148229,3441
11327,POLE4,ENSG00000115350,11486
11328,POLG,ENSG00000140521,29664
11329,POLG2,ENSG00000256525,19270
11330,POLH,ENSG00000170734,44339
11331,POLI,ENSG00000101751,51750
11332,POLK,ENSG00000122008,98147
11333,POLL,ENSG00000166169,9389
11334,POLM,ENSG00000122678,10469
11335,POLN,ENSG00000130997,170204
11336,POLQ,ENSG00000051341,114558
11337,POLR1A,ENSG00000068654,85940
11338,POLR1B,ENSG00000125630,37904
11339,POLR1C,ENSG00000171453,52718
11340,POLR1D,ENSG00000186184,123496
11341,POLR1E,ENSG00000137054,17750
11342,POLR2A,ENSG00000181222,30251
11343,POLR2B,ENSG00000047315,53437
11344,POLR2C,ENSG00000102978,9350
11345,POLR2D,ENSG00000144231,14603
11346,POLR2E,ENSG00000099817,8807
11347,POLR2F,ENSG00000100142,89309
11348,POLR2G,ENSG00000168002,5146
11349,POLR2H,ENSG00000163882,6887
11350,POLR2I,ENSG00000105258,1505
11351,POLR2J,ENSG00000005075,5795
11352,POLR2J2,ENSG00000228049,6296
11353,POLR2J3,ENSG00000168255,34736
11354,POLR2J3,ENSG00000285437,10451
11355,POLR2K,ENSG00000147669,3381
11356,POLR2L,ENSG00000177700,5174
11357,POLR2M,ENSG00000255529,76068
11358,POLR3A,ENSG00000148606,76375
11359,POLR3B,ENSG00000013503,152451
11360,POLR3C,ENSG00000186141,20350
11361,POLR3D,ENSG00000168495,9469
11362,POLR3E,ENSG00000058600,37727
11363,POLR3F,ENSG00000132664,17771
11364,POLR3G,ENSG00000113356,42810
11365,POLR3GL,ENSG00000121851,14159
11366,POLR3H,ENSG00000100413,18808
11367,POLR3K,ENSG00000161980,7202
11368,POLRMT,ENSG00000099821,16317
11369,POM121,ENSG00000196313,72092
11370,POM121C,ENSG00000272391,69514
11371,POM121L10P,ENSG00000224124,1285
11372,POM121L12,ENSG00000221900,1293
11373,POM121L1P,ENSG00000183169,1835
11374,POM121L2,ENSG00000158553,26371
11375,POM121L4P,ENSG00000217261,9010
11376,POMC,ENSG00000115138,8051
11377,POMP,ENSG00000132963,19895
11378,POMT1,ENSG00000130714,21018
11379,POMT2,ENSG00000009830,45928
11380,POMZP3,ENSG00000146707,17294
11381,PON1,ENSG00000005421,26857
11382,PON2,ENSG00000105854,30468
11383,POP1,ENSG00000104356,42543
11384,POP4,ENSG00000105171,10955
11385,POP5,ENSG00000167272,2639
11386,POP7,ENSG00000172336,1366
11387,POPDC2,ENSG00000121577,28868
11388,POPDC3,ENSG00000132429,22115
11389,POR,ENSG00000127948,87656
11390,PORCN,ENSG00000102312,11856
11391,POSTN,ENSG00000133110,36262
11392,POT1,ENSG00000128513,107598
11393,POTEA,ENSG00000188877,71036
11394,POTEC,ENSG00000183206,36262
11395,POTED,ENSG00000166351,36047
11396,POTEE,ENSG00000188219,55743
11397,POTEF,ENSG00000196604,55688
11398,POTEG,ENSG00000187537,31856
11399,POTEH,ENSG00000198062,31606
11400,POTEM,ENSG00000222036,36319
11401,POU1F1,ENSG00000064835,17181
11402,POU2AF1,ENSG00000110777,103376
11403,POU2F1,ENSG00000143190,206470
11404,POU2F2,ENSG00000028277,110476
11405,POU3F1,ENSG00000185668,2965
11406,POU3F2,ENSG00000184486,4885
11407,POU3F3,ENSG00000198914,5288
11408,POU3F4,ENSG00000196767,3838
11409,POU4F1,ENSG00000152192,5191
11410,POU4F3,ENSG00000091010,2890
11411,POU5F1,ENSG00000204531,16395
11412,POU5F1B,ENSG00000212993,97884
11413,POU5F1P3,ENSG00000235602,1078
11414,POU5F1P4,ENSG00000237872,1085
11415,POU5F2,ENSG00000248483,8381
11416,POU6F1,ENSG00000184271,31127
11417,POU6F2,ENSG00000106536,515187
11418,PP12613,ENSG00000226757,4226
11419,PPA1,ENSG00000180817,31077
11420,PPA2,ENSG00000138777,104991
11421,PPARA,ENSG00000186951,93235
11422,PPARD,ENSG00000112033,85634
11423,PPARG,ENSG00000132170,146989
11424,PPARGC1A,ENSG00000109819,149049
11425,PPARGC1B,ENSG00000155846,124725
11426,PPAT,ENSG00000128059,42254
11427,PPBP,ENSG00000163736,2311
11428,PPBPP2,ENSG00000248848,780
11429,PPBPP2,ENSG00000290910,1362
11430,PPCDC,ENSG00000138621,93877
11431,PPCS,ENSG00000127125,17269
11432,PPDPF,ENSG00000125534,6323
11433,PPEF1,ENSG00000086717,152013
11434,PPEF2,ENSG00000156194,42708
11435,PPFIA1,ENSG00000131626,114623
11436,PPFIA2,ENSG00000139220,501579
11437,PPFIA3,ENSG00000177380,31483
11438,PPFIBP1,ENSG00000110841,172134
11439,PPFIBP2,ENSG00000166387,143830
11440,PPHLN1,ENSG00000134283,221269
11441,PPIA,ENSG00000196262,27885
11442,PPIAL4A,ENSG00000263353,760
11443,PPIAL4E,ENSG00000271567,760
11444,PPIAL4F,ENSG00000279782,760
11445,PPIAL4G,ENSG00000236334,755
11446,PPIB,ENSG00000166794,7395
11447,PPIC,ENSG00000168938,13476
11448,PPID,ENSG00000171497,14270
11449,PPIE,ENSG00000084072,71733
11450,PPIEL,ENSG00000243970,26870
11451,PPIEL,ENSG00000291129,37419
11452,PPIF,ENSG00000108179,7866
11453,PPIG,ENSG00000138398,57065
11454,PPIH,ENSG00000171960,18424
11455,PPIL1,ENSG00000137168,19977
11456,PPIL2,ENSG00000100023,34016
11457,PPIL3,ENSG00000240344,18397
11458,PPIL4,ENSG00000131013,41549
11459,PPIL6,ENSG00000185250,50957
11460,PPIP5K1,ENSG00000168781,56747
11461,PPIP5K2,ENSG00000145725,92651
11462,PPL,ENSG00000118898,78235
11463,PPM1A,ENSG00000100614,53336
11464,PPM1B,ENSG00000138032,76416
11465,PPM1D,ENSG00000170836,66088
11466,PPM1E,ENSG00000175175,229326
11467,PPM1F,ENSG00000100034,33424
11468,PPM1G,ENSG00000115241,28397
11469,PPM1H,ENSG00000111110,291157
11470,PPM1J,ENSG00000155367,5339
11471,PPM1K,ENSG00000163644,27150
11472,PPM1L,ENSG00000163590,323301
11473,PPM1M,ENSG00000164088,4841
11474,PPM1N,ENSG00000213889,14353
11475,PPME1,ENSG00000214517,83437
11476,PPOX,ENSG00000143224,11958
11477,PPP1CA,ENSG00000172531,23003
11478,PPP1CB,ENSG00000213639,51301
11479,PPP1R10,ENSG00000204569,18200
11480,PPP1R11,ENSG00000204619,3625
11481,PPP1R12A,ENSG00000058272,161898
11482,PPP1R12B,ENSG00000077157,244008
11483,PPP1R12C,ENSG00000125503,26724
11484,PPP1R13B,ENSG00000088808,114381
11485,PPP1R13L,ENSG00000104881,26712
11486,PPP1R14A,ENSG00000167641,5296
11487,PPP1R14B,ENSG00000173457,2465
11488,PPP1R14C,ENSG00000198729,107349
11489,PPP1R14D,ENSG00000166143,13259
11490,PPP1R15A,ENSG00000087074,3848
11491,PPP1R15B,ENSG00000158615,15396
11492,PPP1R16A,ENSG00000160972,24153
11493,PPP1R16B,ENSG00000101445,117328
11494,PPP1R17,ENSG00000106341,21241
11495,PPP1R18,ENSG00000146112,11507
11496,PPP1R1A,ENSG00000135447,13273
11497,PPP1R1B,ENSG00000131771,9887
11498,PPP1R1C,ENSG00000150722,177158
11499,PPP1R2,ENSG00000184203,28959
11500,PPP1R21,ENSG00000162869,74794
11501,PPP1R26,ENSG00000196422,9815
11502,PPP1R27,ENSG00000182676,1559
11503,PPP1R35,ENSG00000160813,1216
11504,PPP1R36,ENSG00000165807,39462
11505,PPP1R37,ENSG00000104866,56682
11506,PPP1R3A,ENSG00000154415,199144
11507,PPP1R3B,ENSG00000173281,15320
11508,PPP1R3C,ENSG00000119938,4630
11509,PPP1R3D,ENSG00000132825,3643
11510,PPP1R3F,ENSG00000049769,31669
11511,PPP1R3G,ENSG00000219607,4147
11512,PPP1R42,ENSG00000178125,92506
11513,PPP1R7,ENSG00000115685,34077
11514,PPP1R8,ENSG00000117751,20895
11515,PPP1R9A,ENSG00000158528,389214
11516,PPP1R9B,ENSG00000108819,16941
11517,PPP2CB,ENSG00000104695,39858
11518,PPP2R1A,ENSG00000105568,58583
11519,PPP2R1B,ENSG00000137713,39482
11520,PPP2R2B,ENSG00000156475,504043
11521,PPP2R2C,ENSG00000074211,243023
11522,PPP2R2D,ENSG00000175470,58827
11523,PPP2R3A,ENSG00000073711,182167
11524,PPP2R3B,ENSG00000167393,53023
11525,PPP2R3B,ENSG00000292327,53023
11526,PPP2R3C,ENSG00000092020,37051
11527,PPP2R5A,ENSG00000066027,76444
11528,PPP2R5B,ENSG00000068971,16923
11529,PPP2R5C,ENSG00000078304,166281
11530,PPP2R5D,ENSG00000112640,27790
11531,PPP2R5E,ENSG00000154001,172014
11532,PPP3CA,ENSG00000138814,324870
11533,PPP3CB,ENSG00000107758,59592
11534,PPP3R1,ENSG00000221823,77381
11535,PPP3R2,ENSG00000188386,3418
11536,PPP4C,ENSG00000149923,9399
11537,PPP4R1,ENSG00000154845,68450
11538,PPP4R2,ENSG00000163605,72396
11539,PPP4R4,ENSG00000119698,133607
11540,PPP5C,ENSG00000011485,45895
11541,PPP6C,ENSG00000119414,43367
11542,PPP6R1,ENSG00000105063,29239
11543,PPP6R2,ENSG00000100239,101787
11544,PPP6R3,ENSG00000110075,154604
11545,DESI2,ENSG00000121644,55931
11546,DESI1,ENSG00000100418,23016
11547,PPRC1,ENSG00000148840,17340
11548,PPT1,ENSG00000131238,24551
11549,PPT2,ENSG00000221988,10238
11550,PPTC7,ENSG00000196850,50074
11551,PPWD1,ENSG00000113593,24314
11552,PPY,ENSG00000108849,1673
11553,PQBP1,ENSG00000102103,13206
11554,PRADC1,ENSG00000135617,5230
11555,PRAM1,ENSG00000133246,12585
11556,PRAME,ENSG00000185686,11661
11557,PRAMEF1,ENSG00000116721,5232
11558,PRAMEF10,ENSG00000187545,5375
11559,PRAMEF11,ENSG00000239810,6806
11560,PRAMEF12,ENSG00000116726,4169
11561,PRAMEF13,ENSG00000279169,5222
11562,PRAMEF14,ENSG00000204481,5243
11563,PRAMEF17,ENSG00000204479,2998
11564,PRAMEF18,ENSG00000279804,3460
11565,PRAMEF2,ENSG00000120952,4824
11566,PRAMEF20,ENSG00000204478,10879
11567,PRAMEF4,ENSG00000243073,6990
11568,PRAMEF6,ENSG00000232423,9109
11569,PRAMEF8,ENSG00000182330,3834
11570,PRB1,ENSG00000251655,3769
11571,PRB2,ENSG00000121335,109502
11572,PRB3,ENSG00000197870,3794
11573,PRB4,ENSG00000230657,3360
11574,PRC1,ENSG00000198901,29590
11575,PRCC,ENSG00000143294,50206
11576,PRCD,ENSG00000214140,25993
11577,PRCP,ENSG00000137509,147649
11578,PRDM1,ENSG00000057657,116477
11579,PRDM10,ENSG00000170325,103130
11580,PRDM12,ENSG00000130711,18393
11581,PRDM13,ENSG00000112238,8805
11582,PRDM14,ENSG00000147596,20043
11583,PRDM15,ENSG00000141956,81258
11584,PRDM16,ENSG00000142611,369454
11585,PRDM2,ENSG00000116731,124892
11586,PRDM4,ENSG00000110851,28402
11587,PRDM5,ENSG00000138738,237952
11588,PRDM6,ENSG00000061455,105026
11589,PRDM7,ENSG00000126856,35507
11590,PRDM8,ENSG00000152784,20451
11591,PRDM9,ENSG00000164256,84508
11592,PRDX1,ENSG00000117450,31819
11593,PRDX2,ENSG00000167815,4981
11594,PRDX3,ENSG00000165672,11093
11595,PRDX4,ENSG00000123131,22136
11596,PRDX5,ENSG00000126432,3691
11597,PRDX6,ENSG00000117592,11486
11598,PREB,ENSG00000138073,3911
11599,PRELID1,ENSG00000169230,3151
11600,PRELID2,ENSG00000186314,363571
11601,PRELP,ENSG00000188783,15547
11602,PREP,ENSG00000085377,180845
11603,PREPL,ENSG00000138078,45582
11604,PREX1,ENSG00000124126,203748
11605,PREX2,ENSG00000046889,284987
11606,PRF1,ENSG00000180644,5412
11607,PRG3,ENSG00000156575,4382
11608,PRG4,ENSG00000116690,18289
11609,PRH1,ENSG00000231887,346649
11610,PRH2,ENSG00000134551,5610
11611,HELZ2,ENSG00000130589,16154
11612,PRICKLE1,ENSG00000139174,133599
11613,PRICKLE2,ENSG00000163637,353241
11614,PRICKLE3,ENSG00000012211,11727
11615,PRICKLE4,ENSG00000278224,6671
11616,PRIM1,ENSG00000198056,21937
11617,PRIMA1,ENSG00000175785,70188
11618,PRKAA1,ENSG00000132356,38986
11619,PRKAA2,ENSG00000162409,70022
11620,PRKAB1,ENSG00000111725,13761
11621,PRKAB2,ENSG00000131791,17445
11622,PRKACA,ENSG00000072062,26397
11623,PRKACB,ENSG00000142875,160437
11624,PRKACG,ENSG00000165059,1610
11625,PRKAG1,ENSG00000181929,16534
11626,PRKAG2,ENSG00000106617,321091
11627,PRKAG3,ENSG00000115592,9779
11628,PRKAR1A,ENSG00000108946,39540
11629,PRKAR1B,ENSG00000188191,178454
11630,PRKAR2A,ENSG00000114302,103278
11631,PRKAR2B,ENSG00000005249,117107
11632,PRKCA,ENSG00000154229,508131
11633,PRKCB,ENSG00000166501,384629
11634,PRKCD,ENSG00000163932,36709
11635,PRKCE,ENSG00000171132,536646
11636,PRKCG,ENSG00000126583,28463
11637,PRKCH,ENSG00000027075,363422
11638,PRKCI,ENSG00000163558,83554
11639,PRKCQ,ENSG00000065675,153159
11640,PRKCSH,ENSG00000130175,15685
11641,PRKCZ,ENSG00000067606,134985
11642,PRKD1,ENSG00000184304,615420
11643,PRKD2,ENSG00000105287,42853
11644,PRKD3,ENSG00000115825,74332
11645,PRKDC,ENSG00000253729,187068
11646,PRKG1,ENSG00000185532,1307536
11647,PRKG2,ENSG00000138669,127853
11648,PRKRA,ENSG00000180228,20221
11649,PRKRIP1,ENSG00000128563,62805
11650,PRKX,ENSG00000183943,109310
11651,PRKY,ENSG00000099725,97556
11652,PRKY,ENSG00000293442,107577
11653,PRL,ENSG00000172179,15583
11654,PRLH,ENSG00000071677,602
11655,PRLHR,ENSG00000119973,5652
11656,PRLR,ENSG00000113494,181732
11657,PRM1,ENSG00000175646,490
11658,PRM2,ENSG00000122304,842
11659,PRM3,ENSG00000178257,431
11660,PRMT1,ENSG00000126457,13244
11661,PRMT2,ENSG00000160310,30091
11662,PRMT3,ENSG00000185238,121781
11663,PRMT5,ENSG00000100462,8884
11664,PRMT6,ENSG00000198890,10963
11665,PRMT7,ENSG00000132600,49902
11666,PRMT8,ENSG00000111218,212625
11667,PRND,ENSG00000171864,6552
11668,PRNP,ENSG00000171867,15241
11669,PROC,ENSG00000115718,10816
11670,PROCA1,ENSG00000167525,8692
11671,PROCR,ENSG00000101000,44169
11672,PRODH,ENSG00000100033,23777
11673,PRODH2,ENSG00000250799,13312
11674,PROK1,ENSG00000143125,6210
11675,PROK2,ENSG00000163421,13552
11676,PROKR1,ENSG00000169618,14673
11677,PROKR2,ENSG00000101292,17737
11678,PROM1,ENSG00000007062,121303
11679,PROM2,ENSG00000155066,16860
11680,PROP1,ENSG00000175325,4008
11681,PROS1,ENSG00000184500,106953
11682,PROSER1,ENSG00000120685,28225
11683,PROX1,ENSG00000117707,58330
11684,PROX2,ENSG00000119608,23284
11685,PROZ,ENSG00000126231,13739
11686,PRPF18,ENSG00000165630,81507
11687,PRPF19,ENSG00000110107,16039
11688,PRPF3,ENSG00000117360,31755
11689,PRPF31,ENSG00000105618,16310
11690,PRPF38A,ENSG00000134748,16235
11691,PRPF38B,ENSG00000134186,10619
11692,PRPF39,ENSG00000185246,32176
11693,PRPF4,ENSG00000136875,18368
11694,PRPF40A,ENSG00000196504,66420
11695,PRPF40B,ENSG00000110844,76449
11696,PRPF6,ENSG00000101161,51969
11697,PRPF8,ENSG00000174231,34239
11698,PRPH,ENSG00000135406,3540
11699,PRPH2,ENSG00000112619,26000
11700,PRPS1,ENSG00000147224,23566
11701,PRPS1L1,ENSG00000229937,1077
11702,PRPS2,ENSG00000101911,32868
11703,PRPSAP1,ENSG00000161542,75044
11704,PRPSAP2,ENSG00000141127,91203
11705,PRR11,ENSG00000068489,50978
11706,PRR12,ENSG00000126464,35258
11707,PRR13,ENSG00000205352,4968
11708,PRR14,ENSG00000156858,5697
11709,PRR14L,ENSG00000183530,73885
11710,PRR15,ENSG00000176532,3459
11711,PRR15L,ENSG00000167183,5917
11712,PRR16,ENSG00000184838,223033
11713,PRR18,ENSG00000176381,3149
11714,PRR19,ENSG00000188368,8717
11715,PRR22,ENSG00000212123,1787
11716,PRR23A,ENSG00000206260,2307
11717,PRR23B,ENSG00000184814,1896
11718,PRR3,ENSG00000204576,6444
11719,PRR4,ENSG00000111215,3627
11720,PRR5L,ENSG00000135362,168917
11721,PRR9,ENSG00000203783,1727
11722,PRRC1,ENSG00000164244,37469
11723,PRRC2A,ENSG00000204469,17057
11724,PRRC2B,ENSG00000288701,126562
11725,PRRC2C,ENSG00000117523,107982
11726,PRRG1,ENSG00000130962,143394
11727,PRRG2,ENSG00000126460,10359
11728,PRRG3,ENSG00000130032,11318
11729,PRRG4,ENSG00000135378,28194
11730,PRRT1,ENSG00000204314,4725
11731,PRRT2,ENSG00000167371,4511
11732,PRRT3,ENSG00000163704,12959
11733,PRRT4,ENSG00000224940,11366
11734,PRRX1,ENSG00000116132,76694
11735,PRRX2,ENSG00000167157,57028
11736,PRSS1,ENSG00000204983,3605
11737,PRSS12,ENSG00000164099,72966
11738,PRSS16,ENSG00000112812,8924
11739,PRSS21,ENSG00000007038,9125
11740,PRSS22,ENSG00000005001,5441
11741,PRSS23,ENSG00000150687,161852
11742,PRSS27,ENSG00000172382,8133
11743,PRSS3,ENSG00000010438,48553
11744,PRSS33,ENSG00000103355,3996
11745,PRSS35,ENSG00000146250,13171
11746,PRSS36,ENSG00000178226,11158
11747,PRSS37,ENSG00000165076,5188
11748,PRSS38,ENSG00000185888,30796
11749,PRSS41,ENSG00000215148,6835
11750,PRSS48,ENSG00000189099,14702
11751,PRSS50,ENSG00000283706,5753
11752,PRSS53,ENSG00000151006,6192
11753,PRSS54,ENSG00000103023,15051
11754,PRSS55,ENSG00000184647,28635
11755,PRSS56,ENSG00000237412,5329
11756,PRSS57,ENSG00000185198,9953
11757,PRSS58,ENSG00000258223,5916
11758,PRSS8,ENSG00000052344,4295
11759,PRTFDC1,ENSG00000099256,103993
11760,PRTG,ENSG00000166450,131609
11761,PRTN3,ENSG00000196415,7177
11762,PRUNE2,ENSG00000106772,294739
11763,PRX,ENSG00000105227,21028
11764,PSAP,ENSG00000197746,34954
11765,PSAPL1,ENSG00000178597,4646
11766,PSAT1,ENSG00000135069,32969
11767,PSCA,ENSG00000167653,12418
11768,PSD,ENSG00000059915,18923
11769,PSD2,ENSG00000146005,48659
11770,PSD3,ENSG00000156011,557428
11771,PSD4,ENSG00000125637,52072
11772,PSEN1,ENSG00000080815,87274
11773,PSEN2,ENSG00000143801,57543
11774,PSENEN,ENSG00000205155,1920
11775,PSG10P,ENSG00000248257,11263
11776,PSG11,ENSG00000243130,18819
11777,PSG2,ENSG00000242221,18837
11778,PSG3,ENSG00000221826,18844
11779,PSG4,ENSG00000243137,14598
11780,PSG5,ENSG00000204941,20281
11781,PSG7,ENSG00000221878,13076
11782,PSG8,ENSG00000124467,12993
11783,PSG9,ENSG00000183668,57740
11784,PSIP1,ENSG00000164985,46930
11785,PSKH1,ENSG00000159792,36423
11786,PSKH2,ENSG00000147613,41513
11787,PSMA1,ENSG00000129084,139425
11788,PSMA2,ENSG00000106588,15358
11789,PSMA3,ENSG00000100567,27170
11790,PSMA4,ENSG00000041357,12013
11791,PSMA5,ENSG00000143106,27407
11792,PSMA6,ENSG00000100902,38861
11793,PSMA7,ENSG00000101182,6708
11794,PSMA8,ENSG00000154611,59504
11795,PSMB1,ENSG00000008018,18188
11796,PSMB10,ENSG00000205220,2359
11797,PSMB11,ENSG00000222028,1849
11798,PSMB2,ENSG00000126067,41986
11799,PSMB3,ENSG00000277791,11485
11800,PSMB4,ENSG00000159377,2378
11801,PSMB5,ENSG00000100804,18688
11802,PSMB6,ENSG00000142507,2359
11803,PSMB7,ENSG00000136930,61980
11804,PSMB8,ENSG00000204264,3963
11805,PSMB9,ENSG00000240065,16599
11806,PSMC1,ENSG00000100764,18903
11807,PSMC2,ENSG00000161057,41777
11808,PSMC3,ENSG00000165916,7705
11809,PSMC3IP,ENSG00000131470,5522
11810,PSMC4,ENSG00000013275,10600
11811,PSMC5,ENSG00000087191,4875
11812,PSMC6,ENSG00000100519,21413
11813,PSMD1,ENSG00000173692,116272
11814,PSMD10,ENSG00000101843,7343
11815,PSMD11,ENSG00000108671,38941
11816,PSMD12,ENSG00000197170,28690
11817,PSMD13,ENSG00000185627,16019
11818,PSMD14,ENSG00000115233,103293
11819,PSMD2,ENSG00000175166,9853
11820,PSMD3,ENSG00000108344,17153
11821,PSMD4,ENSG00000159352,12771
11822,PSMD5,ENSG00000095261,27456
11823,PSMD6,ENSG00000163636,13461
11824,PSMD7,ENSG00000103035,9475
11825,PSMD8,ENSG00000099341,9288
11826,PSMD9,ENSG00000110801,29566
11827,PSME1,ENSG00000092010,2805
11828,PSME2,ENSG00000100911,4209
11829,PSME3,ENSG00000131467,19376
11830,PSME4,ENSG00000068878,106925
11831,PSMF1,ENSG00000125818,76176
11832,PSMG1,ENSG00000183527,8720
11833,PSMG2,ENSG00000128789,70903
11834,PSMG3,ENSG00000157778,3674
11835,PSMG4,ENSG00000180822,71971
11836,PSORS1C1,ENSG00000204540,25343
11837,PSORS1C2,ENSG00000204538,1533
11838,PSORS1C3,ENSG00000204528,12384
11839,PSPC1,ENSG00000121390,108268
11840,PSPH,ENSG00000146733,40554
11841,PSPN,ENSG00000125650,3911
11842,PSRC1,ENSG00000134222,3631
11843,PSTK,ENSG00000179988,43133
11844,PSTPIP1,ENSG00000140368,44117
11845,PSTPIP2,ENSG00000152229,88737
11846,PTAFR,ENSG00000169403,46771
11847,PTAR1,ENSG00000188647,50490
11848,PTBP1,ENSG00000011304,15253
11849,PTBP2,ENSG00000117569,102074
11850,PTBP3,ENSG00000119314,115949
11851,PTCD2,ENSG00000049883,48029
11852,PTCD3,ENSG00000132300,35935
11853,PTCH1,ENSG00000185920,74078
11854,PTCH2,ENSG00000117425,24100
11855,PTCHD1,ENSG00000165186,69526
11856,PTCHD3,ENSG00000182077,17248
11857,PTDSS1,ENSG00000156471,75094
11858,PTDSS2,ENSG00000174915,43132
11859,PTEN,ENSG00000171862,109293
11860,PTENP1,ENSG00000237984,1215
11861,PTENP1,ENSG00000293199,3996
11862,PTER,ENSG00000165983,76803
11863,PTF1A,ENSG00000168267,1934
11864,PTGDR,ENSG00000168229,9027
11865,PTGDR2,ENSG00000183134,5018
11866,PTGDS,ENSG00000107317,6651
11867,PTGER1,ENSG00000160951,2889
11868,PTGER2,ENSG00000125384,15518
11869,PTGER3,ENSG00000050628,195464
11870,PTGER4,ENSG00000171522,13821
11871,PTGES,ENSG00000148344,14712
11872,PTGES2,ENSG00000148334,7770
11873,PTGES3,ENSG00000110958,25068
11874,PTGFR,ENSG00000122420,236818
11875,PTGFRN,ENSG00000134247,80438
11876,PTGIR,ENSG00000160013,6540
11877,PTGIS,ENSG00000124212,64264
11878,PTGR1,ENSG00000106853,50172
11879,PTGR2,ENSG00000140043,33896
11880,PTGS1,ENSG00000095303,25174
11881,PTGS2,ENSG00000073756,9132
11882,PTH,ENSG00000152266,4128
11883,PTH1R,ENSG00000160801,26079
11884,PTH2R,ENSG00000144407,494790
11885,PTHLH,ENSG00000087494,14650
11886,PTK2,ENSG00000169398,344317
11887,PTK2B,ENSG00000120899,147910
11888,PTK6,ENSG00000101213,9376
11889,PTK7,ENSG00000112655,85413
11890,PTMA,ENSG00000187514,6657
11891,PTN,ENSG00000105894,116434
11892,PTOV1,ENSG00000104960,10010
11893,PTP4A1,ENSG00000112245,61843
11894,PTP4A2,ENSG00000184007,38436
11895,PTP4A3,ENSG00000184489,40460
11896,PTPMT1,ENSG00000110536,8032
11897,PTPN1,ENSG00000196396,74921
11898,PTPN11,ENSG00000179295,91568
11899,PTPN12,ENSG00000127947,102775
11900,PTPN13,ENSG00000163629,220857
11901,PTPN14,ENSG00000152104,203750
11902,PTPN18,ENSG00000072135,19361
11903,PTPN2,ENSG00000175354,144166
11904,PTPN21,ENSG00000070778,89230
11905,PTPN22,ENSG00000134242,57943
11906,PTPN23,ENSG00000076201,32425
11907,PTPN3,ENSG00000070159,122848
11908,PTPN4,ENSG00000088179,224978
11909,PTPN5,ENSG00000110786,64794
11910,PTPN6,ENSG00000111679,14849
11911,PTPN7,ENSG00000143851,14577
11912,PTPN9,ENSG00000169410,116065
11913,PTPRA,ENSG00000132670,165657
11914,PTPRB,ENSG00000127329,121571
11915,PTPRC,ENSG00000081237,120886
11916,PTPRD,ENSG00000153707,2298757
11917,PTPRE,ENSG00000132334,178753
11918,PTPRF,ENSG00000142949,98480
11919,PTPRG,ENSG00000144724,736041
11920,PTPRH,ENSG00000080031,28260
11921,PTPRJ,ENSG00000149177,190415
11922,PTPRK,ENSG00000152894,551832
11923,PTPRM,ENSG00000173482,840080
11924,PTPRN,ENSG00000054356,20026
11925,PTPRN2,ENSG00000155093,1048768
11926,PTPRO,ENSG00000151490,279919
11927,PTPRQ,ENSG00000139304,278096
11928,PTPRR,ENSG00000153233,282666
11929,PTPRS,ENSG00000105426,182318
11930,PTPRT,ENSG00000196090,1117219
11931,PTPRU,ENSG00000060656,90298
11932,PTPRZ1,ENSG00000106278,188948
11933,PTRH1,ENSG00000187024,34526
11934,PTRH2,ENSG00000141378,32991
11935,PTRHD1,ENSG00000184924,3664
11936,PTS,ENSG00000150787,43589
11937,PTTG1,ENSG00000164611,6885
11938,PTTG1IP,ENSG00000183255,24319
11939,PTTG2,ENSG00000250254,731
11940,PTTG3P,ENSG00000213005,606
11941,PTX3,ENSG00000163661,6784
11942,PTX4,ENSG00000251692,3096
11943,PUF60,ENSG00000179950,14366
11944,PUM1,ENSG00000134644,134486
11945,PUM2,ENSG00000055917,103544
11946,PURA,ENSG00000185129,17843
11947,PURB,ENSG00000146676,9232
11948,PURG,ENSG00000172733,37914
11949,PUS1,ENSG00000177192,16697
11950,PUS10,ENSG00000162927,78650
11951,PUS3,ENSG00000110060,9737
11952,PUS7,ENSG00000091127,82611
11953,PUS7L,ENSG00000129317,39802
11954,PUSL1,ENSG00000169972,3081
11955,PVALB,ENSG00000100362,18796
11956,PVR,ENSG00000073008,22365
11957,PVRIG,ENSG00000213413,3250
11958,PVT1,ENSG00000249859,393690
11959,PWP1,ENSG00000136045,27364
11960,PWP2,ENSG00000241945,23809
11961,PWRN2,ENSG00000260551,7195
11962,PWWP2A,ENSG00000170234,57650
11963,PWWP2B,ENSG00000171813,20692
11964,PXDC1,ENSG00000168994,29100
11965,PXDN,ENSG00000130508,112966
11966,PXDNL,ENSG00000147485,489869
11967,PXK,ENSG00000168297,93248
11968,PXMP2,ENSG00000176894,17399
11969,PXMP4,ENSG00000101417,17562
11970,PXN,ENSG00000089159,55333
11971,PXT1,ENSG00000179165,52304
11972,PYCARD,ENSG00000103490,1965
11973,PYCR1,ENSG00000183010,10029
11974,PYCR2,ENSG00000143811,4464
11975,PYDC1,ENSG00000169900,1174
11976,PYDC2,ENSG00000253548,294
11977,PYGB,ENSG00000100994,49928
11978,PYGL,ENSG00000100504,86593
11979,PYGM,ENSG00000068976,13586
11980,PYGO1,ENSG00000171016,50064
11981,PYGO2,ENSG00000163348,6828
11982,PYHIN1,ENSG00000163564,46264
11983,PYROXD1,ENSG00000121350,33636
11984,PYROXD2,ENSG00000119943,31618
11985,PYY,ENSG00000131096,51737
11986,PZP,ENSG00000126838,59556
11987,QDPR,ENSG00000151552,51946
11988,QKI,ENSG00000112531,164593
11989,QPCT,ENSG00000115828,30496
11990,QPCTL,ENSG00000011478,11587
11991,QPRT,ENSG00000103485,35421
11992,QRFP,ENSG00000188710,4106
11993,QRFPR,ENSG00000186867,52418
11994,QRICH1,ENSG00000198218,64657
11995,QRICH2,ENSG00000129646,34228
11996,QRSL1,ENSG00000130348,38840
11997,QSER1,ENSG00000060749,100506
11998,QSOX1,ENSG00000116260,49162
11999,QSOX2,ENSG00000165661,39480
12000,QTRT1,ENSG00000213339,12008
12001,R3HCC1,ENSG00000104679,26160
12002,R3HDM1,ENSG00000048991,193816
12003,R3HDM2,ENSG00000179912,177282
12004,R3HDM4,ENSG00000198858,16743
12005,R3HDML,ENSG00000101074,14196
12006,RAB10,ENSG00000084733,103371
12007,RAB11A,ENSG00000103769,165936
12008,RAB11B,ENSG00000185236,14454
12009,RAB11FIP1,ENSG00000156675,40880
12010,RAB11FIP2,ENSG00000107560,42026
12011,RAB11FIP3,ENSG00000090565,97363
12012,RAB11FIP4,ENSG00000131242,146537
12013,RAB11FIP5,ENSG00000135631,83340
12014,RAB12,ENSG00000206418,29947
12015,RAB13,ENSG00000143545,4742
12016,RAB14,ENSG00000119396,44882
12017,RAB15,ENSG00000139998,27413
12018,RAB17,ENSG00000124839,27293
12019,RAB18,ENSG00000099246,40944
12020,RAB19,ENSG00000146955,23917
12021,RAB1A,ENSG00000138069,59636
12022,RAB1B,ENSG00000174903,8903
12023,RAB20,ENSG00000139832,38657
12024,RAB21,ENSG00000080371,45424
12025,RAB22A,ENSG00000124209,57793
12026,RAB23,ENSG00000112210,35316
12027,RAB24,ENSG00000169228,2547
12028,RAB25,ENSG00000132698,9345
12029,RAB26,ENSG00000167964,13363
12030,RAB27A,ENSG00000069974,116148
12031,RAB27B,ENSG00000041353,177657
12032,RAB28,ENSG00000157869,123012
12033,RAB2A,ENSG00000104388,106709
12034,RAB2B,ENSG00000129472,17941
12035,RAB30,ENSG00000137502,98791
12036,RAB31,ENSG00000168461,154277
12037,RAB32,ENSG00000118508,11121
12038,RAB33A,ENSG00000134594,12909
12039,RAB33B,ENSG00000172007,23378
12040,RAB34,ENSG00000109113,4149
12041,RAB35,ENSG00000111737,22404
12042,RAB36,ENSG00000100228,20298
12043,RAB37,ENSG00000172794,76758
12044,RAB38,ENSG00000123892,62193
12045,RAB39A,ENSG00000179331,35035
12046,RAB39B,ENSG00000155961,6257
12047,RAB3A,ENSG00000105649,7259
12048,RAB3B,ENSG00000169213,82745
12049,RAB3C,ENSG00000152932,277174
12050,RAB3D,ENSG00000105514,24203
12051,RAB3GAP1,ENSG00000115839,124379
12052,RAB3GAP2,ENSG00000118873,124237
12053,RAB3IL1,ENSG00000167994,22969
12054,RAB3IP,ENSG00000127328,84345
12055,RAB40A,ENSG00000172476,20360
12056,RAB40AL,ENSG00000102128,1029
12057,RAB40B,ENSG00000141542,43726
12058,RAB40C,ENSG00000197562,39916
12059,RAB41,ENSG00000147127,2910
12060,RAB42,ENSG00000188060,3250
12061,RAB43,ENSG00000172780,35233
12062,RAB4A,ENSG00000168118,34833
12063,RAB4B,ENSG00000167578,18727
12064,RAB5A,ENSG00000144566,38079
12065,RAB5B,ENSG00000111540,22771
12066,RAB6A,ENSG00000175582,85500
12067,RAB6B,ENSG00000154917,71648
12068,RAB6C,ENSG00000222014,3073
12069,RAB7A,ENSG00000075785,132274
12070,RAB8A,ENSG00000167461,22346
12071,RAB8B,ENSG00000166128,78217
12072,RAB9A,ENSG00000123595,21377
12073,RAB9BP1,ENSG00000232159,626
12074,RABAC1,ENSG00000105404,2641
12075,RABEP1,ENSG00000029725,104076
12076,RABEP2,ENSG00000177548,32106
12077,RABEPK,ENSG00000136933,33620
12078,RABGAP1,ENSG00000011454,164034
12079,RABGAP1L,ENSG00000152061,835899
12080,RABGEF1,ENSG00000154710,129301
12081,RABGGTA,ENSG00000100949,6074
12082,RABGGTB,ENSG00000137955,8890
12083,RABIF,ENSG00000183155,10868
12084,RABL2A,ENSG00000144134,16168
12085,RABL2B,ENSG00000079974,16167
12086,RABL3,ENSG00000144840,58056
12087,RAC1,ENSG00000136238,29441
12088,RAC2,ENSG00000128340,34325
12089,RAC3,ENSG00000169750,2527
12090,RACGAP1,ENSG00000161800,56214
12091,RAD1,ENSG00000113456,13730
12092,RAD17,ENSG00000152942,45509
12093,RAD18,ENSG00000070950,188372
12094,RAD21,ENSG00000164754,28843
12095,RAD21L1,ENSG00000244588,70378
12096,RAD23A,ENSG00000179262,7788
12097,RAD23B,ENSG00000119318,49056
12098,RAD50,ENSG00000113522,90331
12099,RAD51,ENSG00000051180,37567
12100,RAD51AP1,ENSG00000111247,21250
12101,RAD51AP2,ENSG00000214842,7862
12102,RAD51B,ENSG00000182185,910440
12103,RAD51C,ENSG00000108384,43039
12104,RAD52,ENSG00000002016,78318
12105,RAD54B,ENSG00000197275,103156
12106,RAD54L,ENSG00000085999,32020
12107,RAD54L2,ENSG00000164080,129949
12108,RAD9A,ENSG00000172613,80540
12109,RAD9B,ENSG00000151164,31902
12110,RADIL,ENSG00000157927,86662
12111,RAE1,ENSG00000101146,27989
12112,RAET1E,ENSG00000164520,14935
12113,RAET1G,ENSG00000203722,6244
12114,RAET1K,ENSG00000218358,5068
12115,RAET1K,ENSG00000290917,7222
12116,RAET1L,ENSG00000155918,7199
12117,RAF1,ENSG00000132155,82101
12118,RAG1,ENSG00000166349,82785
12119,RAG2,ENSG00000175097,22706
12120,RAI1,ENSG00000108557,129996
12121,RAI14,ENSG00000039560,176285
12122,RAI2,ENSG00000131831,61289
12123,RALA,ENSG00000006451,84556
12124,RALB,ENSG00000144118,54647
12125,RALBP1,ENSG00000017797,63106
12126,RALGAPA1,ENSG00000174373,270953
12127,RALGAPA2,ENSG00000188559,323115
12128,RALGAPB,ENSG00000170471,106044
12129,RALGDS,ENSG00000160271,51615
12130,RALGPS1,ENSG00000136828,308393
12131,RALGPS2,ENSG00000116191,196678
12132,RALY,ENSG00000125970,114663
12133,RALYL,ENSG00000184672,739058
12134,RAMP1,ENSG00000132329,53214
12135,RAMP2,ENSG00000131477,4595
12136,RAMP3,ENSG00000122679,28512
12137,RAN,ENSG00000132341,5642
12138,RANBP1,ENSG00000099901,11418
12139,RANBP10,ENSG00000141084,83491
12140,RANBP17,ENSG00000204764,438146
12141,RANBP2,ENSG00000153201,66329
12142,RANBP3,ENSG00000031823,62004
12143,RANBP3L,ENSG00000164188,55202
12144,RANBP6,ENSG00000137040,4601
12145,RANBP9,ENSG00000010017,90338
12146,RANGAP1,ENSG00000100401,41409
12147,RANGRF,ENSG00000108961,1439
12148,RAP1A,ENSG00000116473,174474
12149,RAP1B,ENSG00000127314,61047
12150,RAP1GAP,ENSG00000076864,73137
12151,RAP1GAP2,ENSG00000132359,282037
12152,RAP1GDS1,ENSG00000138698,182475
12153,RAP2A,ENSG00000125249,34960
12154,RAP2B,ENSG00000181467,8402
12155,RAP2C,ENSG00000123728,16457
12156,RAPGEF1,ENSG00000107263,163307
12157,RAPGEF2,ENSG00000109756,257162
12158,RAPGEF3,ENSG00000079337,36678
12159,RAPGEF4,ENSG00000091428,317620
12160,RAPGEF5,ENSG00000136237,238919
12161,RAPGEF6,ENSG00000158987,211311
12162,RAPGEFL1,ENSG00000108352,18647
12163,RAPH1,ENSG00000173166,140991
12164,RAPSN,ENSG00000165917,11380
12165,RARA,ENSG00000131759,48464
12166,RARB,ENSG00000077092,910046
12167,RARG,ENSG00000172819,22414
12168,RARRES1,ENSG00000118849,35598
12169,RARRES2,ENSG00000106538,3346
12170,RARS2,ENSG00000146282,76570
12171,RASA1,ENSG00000145715,124049
12172,RASA2,ENSG00000155903,128318
12173,RASA3,ENSG00000185989,154841
12174,RASA4,ENSG00000105808,37111
12175,RASAL1,ENSG00000111344,37421
12176,RASAL2,ENSG00000075391,390044
12177,RASAL3,ENSG00000105122,12921
12178,RASD1,ENSG00000108551,1959
12179,RASD2,ENSG00000100302,13169
12180,RASEF,ENSG00000165105,83588
12181,RASGEF1A,ENSG00000198915,72531
12182,RASGEF1B,ENSG00000138670,617852
12183,RASGEF1C,ENSG00000146090,108417
12184,RASGRF1,ENSG00000058335,130875
12185,RASGRF2,ENSG00000113319,269800
12186,RASGRP1,ENSG00000172575,77473
12187,RASGRP2,ENSG00000068831,18546
12188,RASGRP3,ENSG00000152689,150346
12189,RASGRP4,ENSG00000171777,17255
12190,RASIP1,ENSG00000105538,20026
12191,RASL10A,ENSG00000100276,6747
12192,RASL10B,ENSG00000270885,11883
12193,RASL11A,ENSG00000122035,4363
12194,RASL11B,ENSG00000128045,4519
12195,RASL12,ENSG00000103710,23354
12196,RASSF1,ENSG00000068028,11199
12197,RASSF10,ENSG00000189431,2804
12198,RASSF2,ENSG00000101265,43586
12199,RASSF3,ENSG00000153179,190564
12200,RASSF4,ENSG00000107551,36485
12201,RASSF5,ENSG00000266094,81918
12202,RASSF6,ENSG00000169435,49082
12203,RASSF7,ENSG00000099849,3622
12204,RASSF8,ENSG00000123094,121661
12205,RASSF9,ENSG00000198774,35707
12206,RAVER1,ENSG00000161847,17318
12207,RAVER2,ENSG00000162437,88158
12208,RAX,ENSG00000134438,7052
12209,RAX2,ENSG00000173976,3140
12210,RB1,ENSG00000139687,295693
12211,RB1CC1,ENSG00000023287,123386
12212,RBAK,ENSG00000146587,23667
12213,RBBP4,ENSG00000162521,35070
12214,RBBP5,ENSG00000117222,35874
12215,RBBP6,ENSG00000122257,35171
12216,RBBP7,ENSG00000102054,31080
12217,RBBP8,ENSG00000101773,228228
12218,RBBP9,ENSG00000089050,10686
12219,RBCK1,ENSG00000125826,24642
12220,RBFA,ENSG00000101546,16263
12221,RBFOX1,ENSG00000078328,2473539
12222,RBFOX2,ENSG00000100320,290089
12223,RBFOX3,ENSG00000167281,521707
12224,RBKS,ENSG00000171174,109303
12225,RBL1,ENSG00000080839,99649
12226,RBL2,ENSG00000103479,57672
12227,RBM10,ENSG00000182872,41593
12228,RBM11,ENSG00000185272,12243
12229,RBM12,ENSG00000244462,16032
12230,RBM14,ENSG00000239306,13309
12231,RBM15,ENSG00000162775,8176
12232,RBM15B,ENSG00000259956,6624
12233,RBM17,ENSG00000134453,28424
12234,RBM18,ENSG00000119446,27219
12235,RBM19,ENSG00000122965,149588
12236,RBM20,ENSG00000203867,195136
12237,RBM22,ENSG00000086589,10286
12238,RBM23,ENSG00000100461,25979
12239,RBM24,ENSG00000112183,12511
12240,RBM25,ENSG00000119707,65368
12241,RBM26,ENSG00000139746,94654
12242,RBM27,ENSG00000091009,85619
12243,RBM28,ENSG00000106344,46224
12244,RBM3,ENSG00000102317,6714
12245,RBM33,ENSG00000184863,137035
12246,RBM34,ENSG00000188739,30101
12247,RBM38,ENSG00000132819,17938
12248,RBM39,ENSG00000131051,40966
12249,RBM41,ENSG00000089682,66729
12250,RBM42,ENSG00000126254,8657
12251,RBM43,ENSG00000184898,13924
12252,RBM44,ENSG00000177483,44420
12253,RBM45,ENSG00000155636,26588
12254,RBM46,ENSG00000151962,47601
12255,RBM47,ENSG00000163694,207609
12256,RBM48,ENSG00000127993,11709
12257,RBM4B,ENSG00000173914,12890
12258,RBM5,ENSG00000003756,30103
12259,RBM6,ENSG00000004534,160039
12260,RBM7,ENSG00000076053,14174
12261,RBM8A,ENSG00000265241,6123
12262,RBMS1,ENSG00000153250,221657
12263,RBMS2,ENSG00000076067,74374
12264,RBMS3,ENSG00000144642,1435601
12265,RBMX,ENSG00000147274,32761
12266,RBMX2,ENSG00000134597,11670
12267,RBMXL1,ENSG00000213516,13505
12268,RBMXL2,ENSG00000170748,2151
12269,RBMY1A3P,ENSG00000197038,11740
12270,RBMY2EP,ENSG00000223637,6595
12271,RBMY3AP,ENSG00000231436,10706
12272,RBP1,ENSG00000114115,22396
12273,RBP2,ENSG00000114113,27864
12274,RBP3,ENSG00000265203,9519
12275,RBP4,ENSG00000138207,10058
12276,RBP5,ENSG00000139194,13154
12277,RBP7,ENSG00000162444,18816
12278,RBPJ,ENSG00000168214,271677
12279,RBPJL,ENSG00000124232,10985
12280,RBPMS,ENSG00000157110,187746
12281,RBPMS2,ENSG00000166831,35699
12282,RBX1,ENSG00000100387,21963
12283,RC3H1,ENSG00000135870,91274
12284,RC3H2,ENSG00000056586,60804
12285,RCAN1,ENSG00000159200,101972
12286,RCAN3,ENSG00000117602,38690
12287,RCBTB1,ENSG00000136144,53613
12288,RCBTB2,ENSG00000136161,44294
12289,RCC1,ENSG00000180198,33358
12290,RCC2,ENSG00000179051,32918
12291,RCCD1,ENSG00000166965,8245
12292,RCE1,ENSG00000173653,3718
12293,RCHY1,ENSG00000163743,35732
12294,RCL1,ENSG00000120158,92974
12295,RCN1,ENSG00000049449,14649
12296,RCN2,ENSG00000117906,22656
12297,RCN3,ENSG00000142552,18960
12298,RCOR1,ENSG00000089902,137913
12299,RCOR2,ENSG00000167771,5935
12300,RCOR3,ENSG00000117625,58009
12301,RCSD1,ENSG00000198771,78604
12302,RCVRN,ENSG00000109047,8952
12303,RD3,ENSG00000198570,15641
12304,RDH10,ENSG00000121039,30680
12305,RDH11,ENSG00000072042,18994
12306,RDH12,ENSG00000139988,32566
12307,RDH13,ENSG00000160439,32184
12308,RDH16,ENSG00000139547,7944
12309,RDH5,ENSG00000135437,4339
12310,RDH8,ENSG00000080511,9031
12311,RDM1,ENSG00000278023,12708
12312,RDX,ENSG00000137710,432418
12313,REC8,ENSG00000100918,8405
12314,RECK,ENSG00000122707,87543
12315,RECQL,ENSG00000004700,32760
12316,RECQL4,ENSG00000160957,6558
12317,RECQL5,ENSG00000108469,40345
12318,REEP1,ENSG00000068615,124091
12319,REEP2,ENSG00000132563,7913
12320,REEP3,ENSG00000165476,103728
12321,REEP4,ENSG00000168476,3932
12322,REEP5,ENSG00000129625,45905
12323,REEP6,ENSG00000115255,6762
12324,REG1A,ENSG00000115386,3048
12325,REG1B,ENSG00000172023,2997
12326,REG3A,ENSG00000172016,2751
12327,REG3G,ENSG00000143954,2820
12328,REG4,ENSG00000134193,17564
12329,REL,ENSG00000162924,50122
12330,RELA,ENSG00000173039,9492
12331,RELB,ENSG00000104856,36732
12332,RELL1,ENSG00000181826,95577
12333,RELL2,ENSG00000164620,4115
12334,RELN,ENSG00000189056,518278
12335,RELT,ENSG00000054967,21076
12336,REM1,ENSG00000088320,9608
12337,REM2,ENSG00000139890,4457
12338,REN,ENSG00000143839,35506
12339,RENBP,ENSG00000102032,9419
12340,REP15,ENSG00000174236,1150
12341,REPIN1,ENSG00000214022,5856
12342,REPS1,ENSG00000135597,84769
12343,REPS2,ENSG00000169891,206615
12344,RER1,ENSG00000157916,13668
12345,RERE,ENSG00000142599,496525
12346,RERG,ENSG00000134533,240893
12347,RERGL,ENSG00000111404,239239
12348,RESP18,ENSG00000182698,5771
12349,REST,ENSG00000084093,58933
12350,RET,ENSG00000165731,53288
12351,RETN,ENSG00000104918,1407
12352,RETNLB,ENSG00000163515,13987
12353,RETSAT,ENSG00000042445,12577
12354,REV1,ENSG00000135945,89561
12355,REV3L,ENSG00000009413,184688
12356,REXO1,ENSG00000079313,33236
12357,REXO2,ENSG00000076043,10845
12358,REXO4,ENSG00000148300,12038
12359,RFC1,ENSG00000035928,78920
12360,RFC2,ENSG00000049541,22960
12361,RFC3,ENSG00000133119,148490
12362,RFC4,ENSG00000163918,17179
12363,RFC5,ENSG00000111445,19543
12364,RFESD,ENSG00000175449,37997
12365,RFFL,ENSG00000092871,83330
12366,RFK,ENSG00000135002,8992
12367,RFNG,ENSG00000169733,3930
12368,RFPL1,ENSG00000128250,3873
12369,RFPL2,ENSG00000128253,14639
12370,RFPL3,ENSG00000128276,6277
12371,RFPL4A,ENSG00000223638,4325
12372,RFPL4B,ENSG00000251258,3965
12373,RFT1,ENSG00000163933,63601
12374,RFTN1,ENSG00000131378,200453
12375,RFTN2,ENSG00000162944,107822
12376,RFWD3,ENSG00000168411,45479
12377,RFX1,ENSG00000132005,45510
12378,RFX2,ENSG00000087903,206409
12379,RFX3,ENSG00000080298,307708
12380,RFX4,ENSG00000111783,179800
12381,RFX5,ENSG00000143390,6687
12382,RFX6,ENSG00000185002,54950
12383,RFX7,ENSG00000181827,157803
12384,RFX8,ENSG00000196460,77754
12385,RFXANK,ENSG00000064490,9641
12386,RFXAP,ENSG00000133111,9883
12387,TRMT10C,ENSG00000174173,4579
12388,TRMT10A,ENSG00000145331,17331
12389,TRMT10B,ENSG00000165275,25170
12390,RGL1,ENSG00000143344,292448
12391,RGL2,ENSG00000237441,7289
12392,RGL3,ENSG00000205517,34988
12393,RGL4,ENSG00000159496,11041
12394,RGMA,ENSG00000182175,53941
12395,RGMB,ENSG00000174136,29994
12396,RGN,ENSG00000130988,14960
12397,ARHGEF28,ENSG00000214944,315836
12398,RGP1,ENSG00000107185,9299
12399,RGPD1,ENSG00000187627,100194
12400,RGPD2,ENSG00000185304,69837
12401,RGPD3,ENSG00000153165,77124
12402,RGPD4,ENSG00000196862,65653
12403,RGPD6,ENSG00000183054,97039
12404,RGR,ENSG00000148604,29295
12405,RGS1,ENSG00000090104,4262
12406,RGS10,ENSG00000148908,42903
12407,RGS11,ENSG00000076344,7680
12408,RGS12,ENSG00000159788,146893
12409,RGS13,ENSG00000127074,24174
12410,RGS14,ENSG00000169220,14673
12411,RGS16,ENSG00000143333,5767
12412,RGS17,ENSG00000091844,126824
12413,RGS18,ENSG00000150681,27354
12414,RGS19,ENSG00000171700,6808
12415,RGS2,ENSG00000116741,3237
12416,RGS20,ENSG00000147509,107509
12417,RGS21,ENSG00000253148,50294
12418,RGS22,ENSG00000132554,170333
12419,RGS3,ENSG00000138835,153013
12420,RGS4,ENSG00000117152,8028
12421,RGS5,ENSG00000143248,210671
12422,RGS6,ENSG00000182732,634102
12423,RGS7,ENSG00000182901,589739
12424,RGS7BP,ENSG00000186479,106305
12425,RGS8,ENSG00000135824,42772
12426,RGS9,ENSG00000108370,126892
12427,RGS9BP,ENSG00000186326,2453
12428,RGSL1,ENSG00000121446,151408
12429,RHAG,ENSG00000112077,31665
12430,RHBDD1,ENSG00000144468,163635
12431,RHBDD2,ENSG00000005486,46325
12432,RHBDD3,ENSG00000100263,8338
12433,RHBDF1,ENSG00000007384,18297
12434,RHBDF2,ENSG00000129667,30900
12435,RHBDL1,ENSG00000103269,2598
12436,RHBDL2,ENSG00000158315,56024
12437,RHBDL3,ENSG00000141314,58828
12438,RHBG,ENSG00000132677,16009
12439,RHCE,ENSG00000188672,67944
12440,RHCG,ENSG00000140519,25192
12441,RHD,ENSG00000187010,58053
12442,RHEB,ENSG00000106615,54109
12443,RHEBL1,ENSG00000167550,5350
12444,RHO,ENSG00000163914,6706
12445,RHOA,ENSG00000067560,53860
12446,RHOB,ENSG00000143878,2367
12447,RHOBTB1,ENSG00000072422,132003
12448,RHOBTB2,ENSG00000008853,33093
12449,RHOBTB3,ENSG00000164292,110862
12450,RHOC,ENSG00000155366,6308
12451,RHOD,ENSG00000173156,15171
12452,RHOF,ENSG00000139725,25650
12453,RHOG,ENSG00000177105,13982
12454,RHOH,ENSG00000168421,55957
12455,RHOJ,ENSG00000126785,89395
12456,RHOQ,ENSG00000119729,42883
12457,RHOT1,ENSG00000126858,110921
12458,RHOT2,ENSG00000140983,6075
12459,RHOU,ENSG00000116574,11186
12460,RHOV,ENSG00000104140,2021
12461,RHOXF1,ENSG00000101883,136217
12462,RHPN1,ENSG00000158106,15346
12463,RHPN2,ENSG00000131941,86297
12464,RIBC1,ENSG00000158423,8431
12465,RIBC2,ENSG00000128408,18817
12466,RIC3,ENSG00000166405,63000
12467,RIC8A,ENSG00000177963,7406
12468,RIC8B,ENSG00000111785,114696
12469,RICTOR,ENSG00000164327,136483
12470,RIF1,ENSG00000080345,98131
12471,RIIAD1,ENSG00000178796,19373
12472,RILP,ENSG00000167705,3722
12473,RILPL1,ENSG00000188026,63666
12474,RILPL2,ENSG00000150977,26971
12475,RIMBP2,ENSG00000060709,372096
12476,RIMBP3,ENSG00000275793,6105
12477,RIMBP3B,ENSG00000274600,5728
12478,RIMBP3C,ENSG00000183246,5796
12479,RIMKLA,ENSG00000177181,43441
12480,RIMKLB,ENSG00000166532,101496
12481,RIMS1,ENSG00000079841,516601
12482,RIMS2,ENSG00000176406,753821
12483,RIMS3,ENSG00000117016,45003
12484,RIMS4,ENSG00000101098,58739
12485,RIN1,ENSG00000174791,6600
12486,RIN2,ENSG00000132669,244852
12487,RIN3,ENSG00000100599,175214
12488,RING1,ENSG00000204227,4223
12489,RINL,ENSG00000187994,10446
12490,RINT1,ENSG00000135249,35509
12491,RIOK1,ENSG00000124784,28245
12492,RIOK2,ENSG00000058729,22381
12493,RIOK3,ENSG00000101782,33317
12494,RIPK1,ENSG00000137275,51364
12495,RIPK2,ENSG00000104312,33259
12496,RIPK3,ENSG00000129465,3998
12497,RIPK4,ENSG00000183421,27721
12498,RIPPLY1,ENSG00000147223,3279
12499,RIPPLY2,ENSG00000203877,4156
12500,RIT1,ENSG00000143622,13597
12501,RIT2,ENSG00000152214,372465
12502,RLBP1,ENSG00000140522,11746
12503,RLF,ENSG00000117000,79535
12504,RLIM,ENSG00000131263,31649
12505,RLN1,ENSG00000107018,4947
12506,RLN2,ENSG00000107014,4853
12507,RLN3,ENSG00000171136,3404
12508,RMI1,ENSG00000178966,23277
12509,RMI2,ENSG00000175643,132044
12510,RMND1,ENSG00000155906,53261
12511,RMND5A,ENSG00000153561,57751
12512,RMND5B,ENSG00000145916,19573
12513,RMRP,ENSG00000277027,264
12514,RMST,ENSG00000255794,211851
12515,RNASE1,ENSG00000129538,1628
12516,RNASE10,ENSG00000182545,8348
12517,RNASE11,ENSG00000173464,26993
12518,RNASE12,ENSG00000258436,1304
12519,RNASE13,ENSG00000206150,1990
12520,RNASE2,ENSG00000169385,950
12521,RNASE3,ENSG00000169397,964
12522,RNASE4,ENSG00000258818,16657
12523,RNASE6,ENSG00000169413,1200
12524,RNASE7,ENSG00000165799,1919
12525,RNASE8,ENSG00000173431,634
12526,RNASE9,ENSG00000188655,4955
12527,RNASEH1,ENSG00000171865,16904
12528,RNASEH2A,ENSG00000104889,7057
12529,RNASEH2B,ENSG00000136104,114374
12530,RNASEH2C,ENSG00000172922,6814
12531,RNASEK,ENSG00000219200,2116
12532,RNASEL,ENSG00000135828,15623
12533,RNASET2,ENSG00000026297,35079
12534,RND1,ENSG00000172602,8726
12535,RND2,ENSG00000108830,6811
12536,RNF10,ENSG00000022840,44109
12537,RNF103,ENSG00000239305,20469
12538,RNF11,ENSG00000123091,37175
12539,RNF111,ENSG00000157450,232245
12540,RNF112,ENSG00000128482,6152
12541,RNF113A,ENSG00000125352,1259
12542,RNF113B,ENSG00000139797,1485
12543,RNF114,ENSG00000124226,17550
12544,RNF115,ENSG00000265491,85228
12545,RNF121,ENSG00000137522,68580
12546,RNF122,ENSG00000133874,19375
12547,RNF123,ENSG00000164068,31992
12548,RNF125,ENSG00000101695,69320
12549,RNF126,ENSG00000070423,15708
12550,RNF126P1,ENSG00000261192,925
12551,RNF126P1,ENSG00000293179,1320
12552,RNF128,ENSG00000133135,103223
12553,RNF13,ENSG00000082996,149370
12554,RNF130,ENSG00000113269,160463
12555,RNF133,ENSG00000188050,1383
12556,RNF135,ENSG00000181481,28928
12557,RNF138,ENSG00000134758,39688
12558,RNF139,ENSG00000170881,13753
12559,RNF14,ENSG00000013561,31965
12560,RNF141,ENSG00000110315,29558
12561,RNF144A,ENSG00000151692,150875
12562,RNF144B,ENSG00000137393,81521
12563,RNF145,ENSG00000145860,52645
12564,RNF146,ENSG00000118518,21842
12565,RNF148,ENSG00000235631,1255
12566,RNF149,ENSG00000163162,37483
12567,RNF150,ENSG00000170153,353071
12568,RNF151,ENSG00000179580,2153
12569,RNF152,ENSG00000176641,86181
12570,RNF157,ENSG00000141576,98029
12571,RNF166,ENSG00000158717,9910
12572,RNF167,ENSG00000108523,5215
12573,RNF168,ENSG00000163961,34986
12574,RNF169,ENSG00000166439,93565
12575,RNF17,ENSG00000132972,115753
12576,RNF170,ENSG00000120925,47654
12577,RNF175,ENSG00000145428,49865
12578,RNF180,ENSG00000164197,207027
12579,RNF181,ENSG00000168894,1984
12580,RNF182,ENSG00000180537,55865
12581,RNF183,ENSG00000165188,6284
12582,RNF185,ENSG00000138942,46838
12583,RNF186,ENSG00000178828,1255
12584,RNF187,ENSG00000168159,12518
12585,RNF19A,ENSG00000034677,79159
12586,RNF19B,ENSG00000116514,28365
12587,RNF2,ENSG00000121481,57107
12588,RNF20,ENSG00000155827,29492
12589,RNF207,ENSG00000158286,15825
12590,RNF208,ENSG00000212864,1994
12591,RNF212,ENSG00000178222,57315
12592,RNF214,ENSG00000167257,53830
12593,RNF215,ENSG00000099999,52961
12594,RNF216,ENSG00000011275,161650
12595,RNF217,ENSG00000146373,130197
12596,RNF220,ENSG00000187147,246530
12597,RNF222,ENSG00000189051,7126
12598,RNF224,ENSG00000233198,2139
12599,RNF24,ENSG00000101236,88250
12600,RNF25,ENSG00000163481,8111
12601,RNF26,ENSG00000173456,2783
12602,RNF31,ENSG00000092098,13978
12603,RNF32,ENSG00000105982,36850
12604,RNF34,ENSG00000170633,30541
12605,RNF38,ENSG00000137075,151153
12606,RNF39,ENSG00000204618,5584
12607,RNF4,ENSG00000063978,53638
12608,RNF40,ENSG00000103549,14563
12609,RNF41,ENSG00000181852,19755
12610,RNF43,ENSG00000108375,63920
12611,RNF44,ENSG00000146083,11314
12612,RNF5,ENSG00000204308,2389
12613,RNF6,ENSG00000127870,90200
12614,RNF7,ENSG00000114125,9312
12615,RNF8,ENSG00000112130,40756
12616,RNFT1,ENSG00000189050,12522
12617,RNFT2,ENSG00000135119,115454
12618,RNGTT,ENSG00000111880,353722
12619,RNH1,ENSG00000023191,12789
12620,RNLS,ENSG00000184719,310667
12621,RNMT,ENSG00000101654,37897
12622,RNPC3,ENSG00000185946,29549
12623,RNPEP,ENSG00000176393,23776
12624,RNPEPL1,ENSG00000142327,15569
12625,RNPS1,ENSG00000205937,15282
12626,RNU12,ENSG00000276027,150
12627,ROBO1,ENSG00000169855,1170760
12628,ROBO2,ENSG00000185008,1743270
12629,ROBO3,ENSG00000154134,16040
12630,ROBO4,ENSG00000154133,14810
12631,ROCK1,ENSG00000067900,167202
12632,ROCK2,ENSG00000134318,168572
12633,ROGDI,ENSG00000067836,5913
12634,ROM1,ENSG00000149489,3395
12635,ROMO1,ENSG00000125995,1713
12636,ROPN1,ENSG00000065371,23658
12637,ROPN1B,ENSG00000114547,14295
12638,ROPN1L,ENSG00000145491,118193
12639,ROR1,ENSG00000185483,407482
12640,ROR2,ENSG00000169071,387138
12641,RORA,ENSG00000069667,741019
12642,RORB,ENSG00000198963,195843
12643,RORC,ENSG00000143365,25775
12644,ROS1,ENSG00000047936,138590
12645,RP1,ENSG00000104237,362299
12646,CHIAP2,ENSG00000203878,5984
12647,CHIAP2,ENSG00000290764,6058
12648,RP1L1,ENSG00000183638,105839
12649,RP2,ENSG00000102218,45316
12650,RP9,ENSG00000164610,14609
12651,RPA1,ENSG00000132383,70381
12652,RPA2,ENSG00000117748,23223
12653,RPA3,ENSG00000106399,82090
12654,RPA4,ENSG00000204086,1560
12655,RPAIN,ENSG00000129197,13237
12656,RPAP1,ENSG00000103932,27094
12657,RPAP2,ENSG00000122484,102998
12658,RPAP3,ENSG00000005175,44782
12659,RPE,ENSG00000197713,19696
12660,RPE65,ENSG00000116745,22282
12661,RPF1,ENSG00000117133,19094
12662,RPF2,ENSG00000197498,46249
12663,RPGR,ENSG00000156313,58382
12664,RPGRIP1,ENSG00000092200,71219
12665,RPGRIP1L,ENSG00000103494,105786
12666,RPH3A,ENSG00000089169,328502
12667,RPH3AL,ENSG00000181031,173866
12668,RPIA,ENSG00000153574,59257
12669,RPL10,ENSG00000147403,19214
12670,RPL10A,ENSG00000198755,2385
12671,RPL10L,ENSG00000165496,772
12672,RPL11,ENSG00000142676,5094
12673,RPL12,ENSG00000197958,3733
12674,RPL13,ENSG00000167526,7158
12675,RPL13A,ENSG00000142541,5548
12676,RPL13AP20,ENSG00000234498,609
12677,RPL13AP3,ENSG00000177350,614
12678,RPL13AP3,ENSG00000293056,1473
12679,RPL13AP6,ENSG00000234118,612
12680,RPL14,ENSG00000188846,11296
12681,RPL18,ENSG00000063177,3857
12682,RPL18A,ENSG00000105640,4244
12683,RPL19,ENSG00000108298,4558
12684,RPL21,ENSG00000122026,8248
12685,RPL22,ENSG00000116251,24370
12686,RPL22L1,ENSG00000163584,5334
12687,RPL23,ENSG00000125691,20785
12688,RPL23A,ENSG00000198242,4375
12689,RPL23AP32,ENSG00000237887,459
12690,RPL23P8,ENSG00000219451,428
12691,RPL24,ENSG00000114391,5643
12692,RPL26,ENSG00000161970,5698
12693,RPL26L1,ENSG00000037241,11043
12694,RPL27,ENSG00000131469,4687
12695,RPL27A,ENSG00000166441,31972
12696,RPL28,ENSG00000108107,17319
12697,RPL29,ENSG00000162244,2374
12698,RPL3,ENSG00000100316,7508
12699,RPL30,ENSG00000156482,21619
12700,RPL31,ENSG00000071082,21804
12701,RPL32,ENSG00000144713,7098
12702,RPL34,ENSG00000109475,9916
12703,RPL35,ENSG00000136942,4102
12704,RPL35A,ENSG00000182899,6421
12705,RPL36,ENSG00000130255,16929
12706,RPL36AL,ENSG00000165502,2097
12707,RPL37,ENSG00000145592,9961
12708,RPL37A,ENSG00000197756,80356
12709,RPL38,ENSG00000172809,7074
12710,RPL39,ENSG00000198918,5127
12711,RPL39L,ENSG00000163923,59961
12712,RPL3L,ENSG00000140986,13633
12713,RPL4,ENSG00000174444,26518
12714,RPL5,ENSG00000122406,9912
12715,RPL6,ENSG00000089009,13650
12716,RPL7,ENSG00000147604,5548
12717,RPL7A,ENSG00000148303,3209
12718,RPL7L1,ENSG00000146223,10310
12719,RPL8,ENSG00000161016,2823
12720,RPL9,ENSG00000163682,6345
12721,RPLP0,ENSG00000089157,4537
12722,RPLP0P2,ENSG00000243742,961
12723,RPLP0P2,ENSG00000293352,24463
12724,RPLP1,ENSG00000137818,3392
12725,RPLP2,ENSG00000177600,7446
12726,RPN1,ENSG00000163902,61107
12727,RPN2,ENSG00000118705,63210
12728,RPP14,ENSG00000163684,18451
12729,RPP25,ENSG00000178718,2355
12730,RPP30,ENSG00000148688,36602
12731,RPP38,ENSG00000152464,42639
12732,RPP40,ENSG00000124787,9347
12733,RPPH1,ENSG00000277209,333
12734,RPRD1A,ENSG00000141425,83190
12735,RPRD1B,ENSG00000101413,94056
12736,RPRD2,ENSG00000163125,113476
12737,RPRM,ENSG00000177519,1425
12738,RPRML,ENSG00000179673,1098
12739,RPS11,ENSG00000142534,3344
12740,RPS12,ENSG00000112306,2996
12741,RPS13,ENSG00000110700,3328
12742,RPS14,ENSG00000164587,7105
12743,RPS15,ENSG00000115268,2138
12744,RPS15A,ENSG00000134419,9089
12745,RPS16,ENSG00000105193,2813
12746,RPS18,ENSG00000231500,4437
12747,RPS19,ENSG00000105372,12671
12748,RPS19BP1,ENSG00000187051,3669
12749,RPS2,ENSG00000140988,2784
12750,RPS20,ENSG00000008988,7257
12751,RPS21,ENSG00000171858,1418
12752,RPS23,ENSG00000186468,5077
12753,RPS24,ENSG00000138326,23054
12754,RPS25,ENSG00000118181,2980
12755,RPS26,ENSG00000197728,3347
12756,RPS27,ENSG00000177954,1394
12757,RPS27A,ENSG00000143947,3951
12758,RPS27L,ENSG00000185088,32150
12759,RPS28,ENSG00000233927,2183
12760,RPS29,ENSG00000213741,28181
12761,RPS3,ENSG00000149273,22766
12762,RPS3A,ENSG00000145425,5019
12763,RPS4X,ENSG00000198034,21570
12764,RPS4Y1,ENSG00000129824,90399
12765,RPS4Y2,ENSG00000280969,24925
12766,RPS5,ENSG00000083845,8407
12767,RPS6,ENSG00000137154,4522
12768,RPS6KA1,ENSG00000117676,45270
12769,RPS6KA2,ENSG00000071242,497088
12770,RPS6KA3,ENSG00000177189,117609
12771,RPS6KA4,ENSG00000162302,13068
12772,RPS6KA5,ENSG00000100784,212781
12773,RPS6KA6,ENSG00000072133,148011
12774,RPS6KB1,ENSG00000108443,57529
12775,RPS6KB2,ENSG00000175634,6942
12776,RPS6KC1,ENSG00000136643,223542
12777,RPS6KL1,ENSG00000198208,19352
12778,RPS7,ENSG00000171863,5661
12779,RPS7P5,ENSG00000217327,581
12780,RPS7P5,ENSG00000287102,5777
12781,RPS8,ENSG00000142937,3529
12782,RPS9,ENSG00000170889,48195
12783,RPSA,ENSG00000168028,19540
12784,RPSAP9,ENSG00000234618,888
12785,RPTN,ENSG00000215853,5634
12786,RPTOR,ENSG00000141564,421553
12787,RPUSD1,ENSG00000007376,3424
12788,RPUSD2,ENSG00000166133,5651
12789,RPUSD3,ENSG00000156990,6754
12790,RPUSD4,ENSG00000165526,9597
12791,RRAD,ENSG00000166592,3851
12792,RRAGA,ENSG00000155876,1599
12793,RRAGB,ENSG00000083750,41026
12794,RRAGC,ENSG00000116954,21575
12795,RRAGD,ENSG00000025039,47658
12796,RRAS,ENSG00000126458,4852
12797,RRAS2,ENSG00000133818,86585
12798,RRBP1,ENSG00000125844,68618
12799,RREB1,ENSG00000124782,144384
12800,RRH,ENSG00000180245,21152
12801,RRM1,ENSG00000167325,44226
12802,RRM2,ENSG00000171848,91028
12803,RRM2B,ENSG00000048392,34460
12804,RRN3,ENSG00000085721,34279
12805,RRN3P1,ENSG00000248124,22635
12806,RRN3P3,ENSG00000257122,6017
12807,RRN3P3,ENSG00000290865,19044
12808,RRP1,ENSG00000160214,15781
12809,RRP12,ENSG00000052749,69720
12810,RRP15,ENSG00000067533,52691
12811,RRP1B,ENSG00000160208,36520
12812,RRP36,ENSG00000124541,12534
12813,RRP7A,ENSG00000189306,11819
12814,RRP8,ENSG00000132275,8545
12815,RRP9,ENSG00000114767,8476
12816,RRS1,ENSG00000179041,1720
12817,RS1,ENSG00000102104,32421
12818,RSAD1,ENSG00000136444,7115
12819,RSAD2,ENSG00000134321,32683
12820,RSBN1,ENSG00000081019,50645
12821,RSBN1L,ENSG00000187257,86564
12822,RSC1A1,ENSG00000215695,2321
12823,RSF1,ENSG00000048649,160861
12824,RSL1D1,ENSG00000171490,17731
12825,RSL24D1,ENSG00000137876,16244
12826,RSPH1,ENSG00000160188,23761
12827,RSPH10B,ENSG00000155026,45140
12828,RSPH3,ENSG00000130363,30119
12829,RSPH4A,ENSG00000111834,16507
12830,RSPH6A,ENSG00000104941,19596
12831,RSPH9,ENSG00000172426,27565
12832,RSPO1,ENSG00000169218,23543
12833,RSPO2,ENSG00000147655,184327
12834,RSPO3,ENSG00000146374,80811
12835,RSPO4,ENSG00000101282,43860
12836,RSPRY1,ENSG00000159579,54333
12837,RSRC1,ENSG00000174891,439876
12838,RSRC2,ENSG00000111011,23547
12839,RSU1,ENSG00000148484,226853
12840,RTBDN,ENSG00000132026,9951
12841,RTCA,ENSG00000137996,26554
12842,RTEL1,ENSG00000258366,38444
12843,RTF1,ENSG00000137815,75156
12844,RTKN,ENSG00000114993,16588
12845,RTKN2,ENSG00000182010,85810
12846,RTL1,ENSG00000254656,23970
12847,RTN1,ENSG00000139970,274801
12848,RTN2,ENSG00000125744,11762
12849,RTN3,ENSG00000133318,78446
12850,RTN4,ENSG00000115310,140435
12851,RTN4IP1,ENSG00000130347,58728
12852,RTN4R,ENSG00000040608,41832
12853,RTN4RL1,ENSG00000185924,90658
12854,RTN4RL2,ENSG00000186907,17007
12855,RTP1,ENSG00000175077,3977
12856,RTP2,ENSG00000198471,4299
12857,RTP3,ENSG00000163825,6340
12858,RTP4,ENSG00000136514,3692
12859,RTTN,ENSG00000176225,202696
12860,RUFY1,ENSG00000176783,59459
12861,RUFY2,ENSG00000204130,66188
12862,RUFY3,ENSG00000018189,104416
12863,RUFY4,ENSG00000188282,55625
12864,RUNDC1,ENSG00000198863,14578
12865,RUNDC3A,ENSG00000108309,10258
12866,RUNDC3B,ENSG00000105784,204749
12867,RUNX1,ENSG00000159216,1216867
12868,RUNX1T1,ENSG00000079102,148414
12869,RUNX2,ENSG00000124813,336193
12870,RUNX3,ENSG00000020633,65611
12871,RUSC1,ENSG00000160753,10221
12872,RUSC2,ENSG00000198853,71788
12873,RUVBL1,ENSG00000175792,89137
12874,RUVBL2,ENSG00000183207,22409
12875,RWDD1,ENSG00000111832,26267
12876,RWDD2A,ENSG00000013392,5579
12877,RWDD2B,ENSG00000156253,14977
12878,RWDD3,ENSG00000122481,13016
12879,RWDD4,ENSG00000182552,19569
12880,RXFP1,ENSG00000171509,338062
12881,RXFP2,ENSG00000133105,63864
12882,RXFP3,ENSG00000182631,2533
12883,RXFP4,ENSG00000173080,1450
12884,RXRA,ENSG00000186350,123488
12885,RXRB,ENSG00000204231,7078
12886,RXRG,ENSG00000143171,44434
12887,RYBP,ENSG00000163602,74797
12888,RYK,ENSG00000163785,185557
12889,RYR1,ENSG00000196218,161583
12890,RYR2,ENSG00000198626,791805
12891,RYR3,ENSG00000198838,555160
12892,S100A1,ENSG00000160678,4114
12893,S100A10,ENSG00000197747,10945
12894,S100A11,ENSG00000163191,15402
12895,S100A12,ENSG00000163221,1911
12896,S100A13,ENSG00000189171,15634
12897,S100A14,ENSG00000189334,2732
12898,S100A16,ENSG00000188643,6260
12899,S100A2,ENSG00000196754,6783
12900,S100A3,ENSG00000188015,1930
12901,S100A4,ENSG00000196154,6524
12902,S100A5,ENSG00000196420,4619
12903,S100A6,ENSG00000197956,1646
12904,S100A7,ENSG00000143556,2908
12905,S100A7A,ENSG00000184330,6703
12906,S100A7L2,ENSG00000197364,1272
12907,S100A8,ENSG00000143546,1042
12908,S100A9,ENSG00000163220,3170
12909,S100B,ENSG00000160307,6605
12910,S100G,ENSG00000169906,4513
12911,S100P,ENSG00000163993,3293
12912,S100PBP,ENSG00000116497,42109
12913,S100Z,ENSG00000171643,71650
12914,S1PR1,ENSG00000170989,6849
12915,S1PR3,ENSG00000213694,14293
12916,S1PR4,ENSG00000125910,7987
12917,S1PR5,ENSG00000180739,5190
12918,SAA1,ENSG00000173432,3718
12919,SAA3P,ENSG00000166787,3453
12920,SAA3P,ENSG00000290741,3661
12921,SAAL1,ENSG00000166788,36153
12922,SAC3D1,ENSG00000168061,3928
12923,SACM1L,ENSG00000211456,56357
12924,SACS,ENSG00000151835,145075
12925,SAE1,ENSG00000142230,97363
12926,SAFB,ENSG00000160633,45444
12927,SAFB2,ENSG00000130254,37066
12928,SAG,ENSG00000130561,39240
12929,SAGE1,ENSG00000181433,22881
12930,SALL1,ENSG00000103449,16353
12931,SALL2,ENSG00000165821,16137
12932,SALL3,ENSG00000256463,22860
12933,SALL4,ENSG00000101115,20191
12934,SAMD1,ENSG00000141858,3186
12935,SAMD10,ENSG00000130590,5893
12936,SAMD11,ENSG00000187634,20653
12937,SAMD12,ENSG00000177570,432658
12938,SAMD13,ENSG00000203943,91592
12939,SAMD14,ENSG00000167100,20121
12940,SAMD15,ENSG00000100583,15475
12941,SAMD3,ENSG00000164483,221111
12942,SAMD4A,ENSG00000020577,227199
12943,SAMD4B,ENSG00000179134,43290
12944,SAMD5,ENSG00000203727,228858
12945,SAMD7,ENSG00000187033,27604
12946,SAMD8,ENSG00000156671,82538
12947,SAMD9,ENSG00000205413,18511
12948,SAMD9L,ENSG00000177409,18330
12949,SAMHD1,ENSG00000101347,61665
12950,SAMM50,ENSG00000100347,55090
12951,SAMSN1,ENSG00000155307,173594
12952,SAP130,ENSG00000136715,86904
12953,SAP18,ENSG00000150459,8979
12954,SAP25,ENSG00000205307,1673
12955,SAP30,ENSG00000164105,7564
12956,SAP30BP,ENSG00000161526,40812
12957,SAP30L,ENSG00000164576,15057
12958,SAPCD1,ENSG00000228727,2195
12959,SAR1A,ENSG00000079332,23235
12960,SAR1B,ENSG00000152700,48123
12961,SARDH,ENSG00000123453,76396
12962,SARM1,ENSG00000004139,39694
12963,SARS2,ENSG00000104835,15498
12964,SART1,ENSG00000175467,18410
12965,SART3,ENSG00000075856,39187
12966,SASH1,ENSG00000111961,279741
12967,SASH3,ENSG00000122122,15253
12968,SASS6,ENSG00000156876,49393
12969,SAT1,ENSG00000130066,3038
12970,SAT2,ENSG00000141504,1643
12971,SATB1,ENSG00000182568,100245
12972,SATB2,ENSG00000119042,201762
12973,SATL1,ENSG00000184788,151628
12974,SAV1,ENSG00000151748,36249
12975,SAYSD1,ENSG00000112167,11131
12976,SBDS,ENSG00000126524,8014
12977,SBF1,ENSG00000100241,40705
12978,SBF1P1,ENSG00000248522,5631
12979,SBF2,ENSG00000133812,528102
12980,SBK1,ENSG00000188322,64604
12981,SBK2,ENSG00000187550,8523
12982,SBNO1,ENSG00000139697,75739
12983,SBNO2,ENSG00000064932,66632
12984,SBSN,ENSG00000189001,4985
12985,SCAF1,ENSG00000126461,16434
12986,SCAF11,ENSG00000139218,72990
12987,SCAF4,ENSG00000156304,61119
12988,SCAF8,ENSG00000213079,100867
12989,SCAI,ENSG00000173611,200921
12990,SCAMP1,ENSG00000085365,120129
12991,SCAMP2,ENSG00000140497,29636
12992,SCAMP3,ENSG00000116521,6455
12993,SCAMP4,ENSG00000227500,20800
12994,SCAMP5,ENSG00000198794,64277
12995,SCAND3,ENSG00000232040,45678
12996,SCAP,ENSG00000114650,63446
12997,SCAPER,ENSG00000140386,557541
12998,SCARA3,ENSG00000168077,42909
12999,SCARA5,ENSG00000168079,122791
13000,SCARB1,ENSG00000073060,105813
13001,SCARB2,ENSG00000138760,75800
13002,SCARF1,ENSG00000074660,11887
13003,SCARF2,ENSG00000244486,13243
13004,SCARNA1,ENSG00000252947,166
13005,SCARNA10,ENSG00000239002,330
13006,SCARNA12,ENSG00000238795,270
13007,SCARNA14,ENSG00000252712,136
13008,SCARNA15,ENSG00000277864,127
13009,SCARNA16,ENSG00000275143,187
13010,SCARNA17,ENSG00000251992,144
13011,SCARNA18,ENSG00000238835,134
13012,SCARNA2,ENSG00000278249,420
13013,SCARNA3,ENSG00000252906,143
13014,SCARNA5,ENSG00000252010,276
13015,SCARNA6,ENSG00000251791,265
13016,SCARNA7,ENSG00000238741,330
13017,SCARNA9,ENSG00000254911,353
13018,SCCPDH,ENSG00000143653,43729
13019,SCD,ENSG00000099194,17594
13020,SCD5,ENSG00000145284,169258
13021,SCEL,ENSG00000136155,109590
13022,SCFD1,ENSG00000092108,115404
13023,SCFD2,ENSG00000184178,493085
13024,SCG2,ENSG00000171951,5422
13025,SCG3,ENSG00000104112,39535
13026,SCG5,ENSG00000166922,55423
13027,SCGB1A1,ENSG00000149021,18093
13028,SCGB1C1,ENSG00000188076,1498
13029,SCGB1D1,ENSG00000168515,3324
13030,SCGB1D2,ENSG00000124935,2574
13031,SCGB1D4,ENSG00000197745,2795
13032,SCGB2A1,ENSG00000124939,5271
13033,SCGB2A2,ENSG00000110484,3003
13034,SCGB2B2,ENSG00000205209,86516
13035,SCGB3A1,ENSG00000161055,1395
13036,SCGB3A2,ENSG00000164265,11510
13037,SCGN,ENSG00000079689,49583
13038,SCIMP,ENSG00000161929,25941
13039,SCIN,ENSG00000006747,89606
13040,SCLT1,ENSG00000151466,228680
13041,SCLY,ENSG00000132330,38490
13042,SCMH1,ENSG00000010803,215105
13043,SCML1,ENSG00000047634,17540
13044,SCML2,ENSG00000102098,115376
13045,SCML4,ENSG00000146285,122164
13046,SCN10A,ENSG00000185313,119485
13047,SCN11A,ENSG00000168356,206394
13048,SCN1A,ENSG00000144285,198166
13049,SCN1B,ENSG00000105711,9980
13050,SCN2A,ENSG00000136531,197318
13051,SCN2B,ENSG00000149575,13834
13052,SCN3A,ENSG00000153253,116525
13053,SCN3B,ENSG00000166257,26058
13054,SCN4A,ENSG00000007314,34365
13055,SCN4B,ENSG00000177098,19512
13056,SCN5A,ENSG00000183873,101687
13057,SCN7A,ENSG00000136546,207910
13058,SCN8A,ENSG00000196876,222599
13059,SCN9A,ENSG00000169432,180817
13060,SCNM1,ENSG00000163156,13633
13061,SCNN1A,ENSG00000111319,30888
13062,SCNN1B,ENSG00000168447,103064
13063,SCNN1D,ENSG00000162572,11594
13064,SCNN1G,ENSG00000166828,34139
13065,SCO1,ENSG00000133028,25902
13066,SCO2,ENSG00000284194,2894
13067,SCOC,ENSG00000153130,128443
13068,SCP2,ENSG00000116171,124423
13069,SCPEP1,ENSG00000121064,28640
13070,SCRG1,ENSG00000164106,21680
13071,SCRIB,ENSG00000180900,24854
13072,SCRN1,ENSG00000136193,70186
13073,SCRN2,ENSG00000141295,3598
13074,SCRN3,ENSG00000144306,33846
13075,SCRT1,ENSG00000261678,5918
13076,SCT,ENSG00000070031,873
13077,SCTR,ENSG00000080293,85459
13078,SCUBE1,ENSG00000159307,146093
13079,SCUBE2,ENSG00000175356,118639
13080,SCUBE3,ENSG00000146197,39124
13081,SCYL1,ENSG00000142186,13628
13082,SCYL2,ENSG00000136021,74576
13083,SCYL3,ENSG00000000457,44637
13084,SDAD1,ENSG00000198301,50013
13085,SDC1,ENSG00000115884,24637
13086,SDC2,ENSG00000169439,117978
13087,SDC3,ENSG00000162512,39293
13088,SDC4,ENSG00000124145,23137
13089,SDC4P,ENSG00000214161,601
13090,SDCBP,ENSG00000137575,29936
13091,SDCBP2,ENSG00000125775,19231
13092,SDCCAG8,ENSG00000054282,244058
13093,SDF2,ENSG00000132581,13844
13094,SDF2L1,ENSG00000128228,1998
13095,SDF4,ENSG00000078808,15101
13096,SDHA,ENSG00000073578,38780
13097,SDHAF1,ENSG00000205138,1125
13098,SDHAF2,ENSG00000167985,16798
13099,SDHB,ENSG00000117118,35488
13100,SDHC,ENSG00000143252,48826
13101,SDHD,ENSG00000204370,33193
13102,SDK1,ENSG00000146555,967749
13103,SDK2,ENSG00000069188,310062
13104,SDR16C5,ENSG00000170786,20772
13105,SDR39U1,ENSG00000100445,3140
13106,SDR42E1,ENSG00000184860,22627
13107,SDR9C7,ENSG00000170426,11276
13108,SDS,ENSG00000135094,33857
13109,SDSL,ENSG00000139410,15897
13110,SEBOX,ENSG00000274529,1694
13111,SEC1P,ENSG00000232871,7874
13112,SEC1P,ENSG00000293426,44175
13113,SEC11A,ENSG00000140612,46923
13114,SEC11C,ENSG00000166562,19358
13115,SEC13,ENSG00000157020,27982
13116,SEC14L1,ENSG00000129657,128353
13117,SEC14L2,ENSG00000100003,28363
13118,SEC14L3,ENSG00000100012,24059
13119,SEC14L4,ENSG00000133488,16810
13120,SEC14L5,ENSG00000103184,60828
13121,SEC14L6,ENSG00000214491,23943
13122,SEC16A,ENSG00000148396,43664
13123,SEC16B,ENSG00000120341,60348
13124,SEC22A,ENSG00000121542,72210
13125,SEC22B,ENSG00000265808,25623
13126,SEC22C,ENSG00000093183,53112
13127,SEC23A,ENSG00000100934,77728
13128,SEC23B,ENSG00000101310,53896
13129,SEC23IP,ENSG00000107651,51951
13130,SEC24A,ENSG00000113615,79125
13131,SEC24B,ENSG00000138802,107125
13132,SEC24C,ENSG00000176986,27790
13133,SEC24D,ENSG00000150961,115861
13134,SEC31A,ENSG00000138674,82658
13135,SEC31B,ENSG00000075826,33219
13136,SEC61A1,ENSG00000058262,20065
13137,SEC61A2,ENSG00000065665,40325
13138,SEC61B,ENSG00000106803,8552
13139,SEC61G,ENSG00000132432,7725
13140,SEC62,ENSG00000008952,31739
13141,SEC63,ENSG00000025796,90453
13142,SECISBP2,ENSG00000187742,41164
13143,SECISBP2L,ENSG00000138593,57972
13144,SECTM1,ENSG00000141574,13051
13145,SEH1L,ENSG00000085415,40404
13146,SEL1L,ENSG00000071537,62307
13147,SEL1L2,ENSG00000101251,147197
13148,SEL1L3,ENSG00000091490,116328
13149,SELE,ENSG00000007908,42066
13150,SELENBP1,ENSG00000143416,8404
13151,SELL,ENSG00000188404,21038
13152,SELP,ENSG00000174175,41345
13153,SELPLG,ENSG00000110876,13482
13154,SEMA3A,ENSG00000075213,536948
13155,SEMA3B,ENSG00000012171,9989
13156,SEMA3C,ENSG00000075223,179822
13157,SEMA3D,ENSG00000153993,191504
13158,SEMA3E,ENSG00000170381,285902
13159,SEMA3F,ENSG00000001617,34031
13160,SEMA3G,ENSG00000010319,12069
13161,SEMA4A,ENSG00000196189,30387
13162,SEMA4B,ENSG00000185033,69076
13163,SEMA4C,ENSG00000168758,11040
13164,SEMA4D,ENSG00000187764,137344
13165,SEMA4F,ENSG00000135622,36409
13166,SEMA4G,ENSG00000095539,16368
13167,SEMA5A,ENSG00000112902,511043
13168,SEMA5B,ENSG00000082684,119524
13169,SEMA6A,ENSG00000092421,131269
13170,SEMA6B,ENSG00000167680,39189
13171,SEMA6C,ENSG00000143434,14947
13172,SEMA6D,ENSG00000137872,590128
13173,SEMA7A,ENSG00000138623,24670
13174,SEMG2,ENSG00000124157,3086
13175,SENP2,ENSG00000163904,51056
13176,SENP3,ENSG00000161956,10051
13177,SENP5,ENSG00000119231,66859
13178,SENP6,ENSG00000112701,116773
13179,SENP7,ENSG00000138468,189037
13180,SENP8,ENSG00000166192,29435
13181,SEPHS1,ENSG00000086475,30871
13182,SEPHS2,ENSG00000179918,2244
13183,SEPSECS,ENSG00000109618,40537
13184,MSRB1,ENSG00000198736,4971
13185,SERAC1,ENSG00000122335,58762
13186,SERBP1,ENSG00000142864,22606
13187,SERF2,ENSG00000140264,27341
13188,SERGEF,ENSG00000129158,225000
13189,SERHL,ENSG00000172250,11567
13190,SERHL,ENSG00000293485,12311
13191,SERHL2,ENSG00000183569,20766
13192,SERINC1,ENSG00000111897,28457
13193,SERINC2,ENSG00000168528,25116
13194,SERINC3,ENSG00000132824,25865
13195,SERINC5,ENSG00000164300,144821
13196,SERP1,ENSG00000120742,61231
13197,SERP2,ENSG00000151778,24050
13198,SERPINA1,ENSG00000197249,13947
13199,SERPINA10,ENSG00000140093,12809
13200,SERPINA11,ENSG00000186910,10337
13201,SERPINA12,ENSG00000165953,30571
13202,SERPINA13P,ENSG00000187483,5403
13203,SERPINA13P,ENSG00000290676,6270
13204,SERPINA3,ENSG00000196136,11672
13205,SERPINA4,ENSG00000100665,8472
13206,SERPINA5,ENSG00000188488,31677
13207,SERPINA6,ENSG00000170099,19142
13208,SERPINA7,ENSG00000123561,6293
13209,SERPINA9,ENSG00000170054,16973
13210,SERPINB1,ENSG00000021355,9628
13211,SERPINB11,ENSG00000206072,78854
13212,SERPINB12,ENSG00000166634,26961
13213,SERPINB13,ENSG00000197641,17651
13214,SERPINB2,ENSG00000197632,32197
13215,SERPINB3,ENSG00000057149,6697
13216,SERPINB5,ENSG00000206075,28128
13217,SERPINB6,ENSG00000124570,24007
13218,SERPINB7,ENSG00000166396,52442
13219,SERPINB8,ENSG00000166401,49751
13220,SERPINB9,ENSG00000170542,16137
13221,SERPINC1,ENSG00000117601,13528
13222,SERPIND1,ENSG00000099937,13608
13223,SERPINE1,ENSG00000106366,12144
13224,SERPINE2,ENSG00000135919,64274
13225,SERPINE3,ENSG00000253309,28963
13226,SERPINF1,ENSG00000132386,15537
13227,SERPINF2,ENSG00000167711,12430
13228,SERPING1,ENSG00000149131,21785
13229,SERPINH1,ENSG00000149257,10728
13230,SERPINI1,ENSG00000163536,90327
13231,SERPINI2,ENSG00000114204,37059
13232,SERTAD1,ENSG00000197019,4404
13233,SERTAD2,ENSG00000179833,119385
13234,SERTAD3,ENSG00000167565,3492
13235,SERTAD4,ENSG00000082497,13836
13236,SERTM1,ENSG00000180440,23820
13237,SESN1,ENSG00000080546,110538
13238,SESN2,ENSG00000130766,22974
13239,SESN3,ENSG00000149212,67029
13240,SESTD1,ENSG00000187231,163155
13241,SET,ENSG00000119335,12977
13242,SETBP1,ENSG00000152217,388338
13243,SETD1A,ENSG00000099381,27371
13244,SETD1B,ENSG00000139718,28648
13245,SETD2,ENSG00000181555,147686
13246,SETD3,ENSG00000183576,83142
13247,SETD4,ENSG00000185917,44849
13248,SETD5,ENSG00000168137,81626
13249,SETD6,ENSG00000103037,8364
13250,SETD7,ENSG00000145391,110759
13251,SETDB1,ENSG00000143379,38482
13252,SETDB2,ENSG00000136169,50730
13253,SETMAR,ENSG00000170364,13934
13254,SETX,ENSG00000107290,93631
13255,SEZ6,ENSG00000063015,51540
13256,SEZ6L,ENSG00000100095,214136
13257,SF1,ENSG00000168066,14181
13258,SF3A1,ENSG00000099995,24932
13259,SF3A2,ENSG00000104897,11832
13260,SF3A3,ENSG00000183431,33101
13261,SF3B1,ENSG00000115524,46565
13262,SF3B2,ENSG00000087365,18580
13263,SF3B3,ENSG00000189091,53880
13264,SF3B4,ENSG00000143368,4487
13265,SF3B5,ENSG00000169976,690
13266,SFI1,ENSG00000198089,129901
13267,SFMBT2,ENSG00000198879,252865
13268,SFN,ENSG00000175793,1308
13269,SFPQ,ENSG00000116560,17069
13270,SFR1,ENSG00000156384,4328
13271,SFRP1,ENSG00000104332,47512
13272,SFRP2,ENSG00000145423,8493
13273,SFRP4,ENSG00000106483,119764
13274,SFRP5,ENSG00000120057,5249
13275,SFSWAP,ENSG00000061936,88658
13276,SFT2D1,ENSG00000198818,22849
13277,SFT2D2,ENSG00000213064,27084
13278,SFT2D3,ENSG00000173349,3746
13279,SFTA1P,ENSG00000225383,14204
13280,SFTA2,ENSG00000196260,24284
13281,SFTA3,ENSG00000257520,47943
13282,SFTA3,ENSG00000229415,40586
13283,SFTPA1,ENSG00000122852,4517
13284,SFTPA2,ENSG00000185303,4556
13285,SFTPB,ENSG00000168878,11428
13286,SFTPC,ENSG00000168484,7567
13287,SFTPD,ENSG00000133661,45148
13288,SFXN1,ENSG00000164466,52681
13289,SFXN2,ENSG00000156398,28955
13290,SFXN3,ENSG00000107819,10008
13291,SFXN4,ENSG00000183605,24948
13292,SFXN5,ENSG00000144040,133584
13293,SGCA,ENSG00000108823,11715
13294,SGCB,ENSG00000163069,17594
13295,SGCD,ENSG00000170624,897445
13296,SGCE,ENSG00000127990,132369
13297,SGCG,ENSG00000102683,144184
13298,SGCZ,ENSG00000185053,1153587
13299,SGIP1,ENSG00000118473,217873
13300,SGK1,ENSG00000118515,148865
13301,SGK2,ENSG00000101049,29270
13302,SGK3,ENSG00000104205,149289
13303,SGMS1,ENSG00000198964,319578
13304,SGMS2,ENSG00000164023,90485
13305,SGPL1,ENSG00000166224,142797
13306,SGPP1,ENSG00000126821,43850
13307,SGPP2,ENSG00000163082,138079
13308,SGSH,ENSG00000181523,14208
13309,SGSM1,ENSG00000167037,121410
13310,SGSM2,ENSG00000141258,43561
13311,SGSM3,ENSG00000100359,39699
13312,SGTA,ENSG00000104969,28648
13313,SGTB,ENSG00000197860,57108
13314,SH2B1,ENSG00000178188,27613
13315,SH2B2,ENSG00000160999,36621
13316,SH2B3,ENSG00000111252,45701
13317,SH2D1A,ENSG00000183918,145330
13318,SH2D1B,ENSG00000198574,16871
13319,SH2D2A,ENSG00000027869,10609
13320,SH2D3A,ENSG00000125731,15304
13321,SH2D3C,ENSG00000095370,40394
13322,SH2D4A,ENSG00000104611,82526
13323,SH2D4B,ENSG00000178217,108659
13324,SH2D5,ENSG00000189410,13107
13325,SH2D6,ENSG00000152292,18316
13326,SH2D7,ENSG00000183476,26563
13327,SH3BGR,ENSG00000185437,69652
13328,SH3BGRL,ENSG00000131171,96446
13329,SH3BGRL2,ENSG00000198478,166471
13330,SH3BGRL3,ENSG00000142669,1437
13331,SH3BP1,ENSG00000100092,21464
13332,SH3BP2,ENSG00000087266,48269
13333,SH3BP4,ENSG00000130147,103698
13334,SH3BP5,ENSG00000131370,87016
13335,SH3BP5L,ENSG00000175137,15470
13336,SH3D19,ENSG00000109686,306615
13337,SH3D21,ENSG00000214193,22973
13338,SH3GL1,ENSG00000141985,40178
13339,SH3GL1P1,ENSG00000266777,1088
13340,SH3GL2,ENSG00000107295,218059
13341,SH3GL3,ENSG00000140600,171516
13342,SH3GLB1,ENSG00000097033,43615
13343,SH3GLB2,ENSG00000148341,21296
13344,SH3KBP1,ENSG00000147010,353624
13345,SH3PXD2A,ENSG00000107957,261558
13346,SH3PXD2B,ENSG00000174705,129526
13347,SH3RF1,ENSG00000154447,176698
13348,SH3RF2,ENSG00000156463,145214
13349,SH3RF3,ENSG00000172985,375430
13350,SH3TC1,ENSG00000125089,59732
13351,SH3TC2,ENSG00000169247,139525
13352,SH3YL1,ENSG00000035115,48669
13353,SHANK1,ENSG00000161681,60548
13354,SHANK2,ENSG00000162105,784724
13355,SHARPIN,ENSG00000179526,9492
13356,SHB,ENSG00000107338,153330
13357,SHBG,ENSG00000129214,19437
13358,SHC1,ENSG00000160691,12098
13359,SHC2,ENSG00000129946,44445
13360,SHC3,ENSG00000148082,173048
13361,SHC4,ENSG00000185634,140179
13362,SHCBP1,ENSG00000171241,42789
13363,SHCBP1L,ENSG00000157060,53661
13364,SHD,ENSG00000105251,11457
13365,SHE,ENSG00000169291,32641
13366,SHF,ENSG00000138606,33962
13367,SHH,ENSG00000164690,12484
13368,SHISA2,ENSG00000180730,7420
13369,SHISA3,ENSG00000178343,5000
13370,SHISA4,ENSG00000198892,3908
13371,SHISA5,ENSG00000164054,37029
13372,SHISA6,ENSG00000188803,322851
13373,SHISA7,ENSG00000187902,14561
13374,SHISA8,ENSG00000234965,5532
13375,SHISA9,ENSG00000237515,338819
13376,SHKBP1,ENSG00000160410,14547
13377,SHMT1,ENSG00000176974,35678
13378,SHMT2,ENSG00000182199,5363
13379,SHOC2,ENSG00000108061,97941
13380,SHOX,ENSG00000185960,35068
13381,SHOX,ENSG00000292354,35068
13382,SHOX2,ENSG00000168779,10516
13383,SHPK,ENSG00000197417,28011
13384,SHPRH,ENSG00000146414,100179
13385,SHQ1,ENSG00000144736,112638
13386,SHROOM1,ENSG00000164403,8519
13387,SHROOM2,ENSG00000146950,163015
13388,SHROOM3,ENSG00000138771,348025
13389,SHROOM4,ENSG00000158352,227507
13390,SI,ENSG00000090402,99599
13391,SIAE,ENSG00000110013,62595
13392,SIAH2,ENSG00000181788,22353
13393,SIAH3,ENSG00000215475,74512
13394,SIDT1,ENSG00000072858,97160
13395,SIDT2,ENSG00000149577,18710
13396,SIGIRR,ENSG00000185187,11741
13397,SIGLEC1,ENSG00000088827,25631
13398,SIGLEC10,ENSG00000142512,7784
13399,SIGLEC11,ENSG00000161640,12188
13400,SIGLEC12,ENSG00000254521,10574
13401,SIGLEC14,ENSG00000254415,7348
13402,SIGLEC15,ENSG00000197046,18420
13403,SIGLEC16,ENSG00000161643,6220
13404,SIGLEC5,ENSG00000105501,15445
13405,SIGLEC5,ENSG00000268500,19454
13406,SIGLEC6,ENSG00000105492,14038
13407,SIGLEC7,ENSG00000168995,11228
13408,SIGLEC8,ENSG00000105366,7610
13409,SIGLEC9,ENSG00000129450,11746
13410,SIGMAR1,ENSG00000147955,3123
13411,SIK1,ENSG00000142178,12649
13412,SIK2,ENSG00000170145,128407
13413,SIK3,ENSG00000160584,255036
13414,SIKE1,ENSG00000052723,11207
13415,SIL1,ENSG00000120725,346834
13416,SIM1,ENSG00000112246,79913
13417,SIM2,ENSG00000159263,50803
13418,SIN3A,ENSG00000169375,86464
13419,SIN3B,ENSG00000127511,50956
13420,SIPA1,ENSG00000213445,12818
13421,SIPA1L1,ENSG00000197555,420781
13422,SIPA1L2,ENSG00000116991,232607
13423,SIPA1L3,ENSG00000105738,301162
13424,SIRPA,ENSG00000198053,46426
13425,SIRPB1,ENSG00000101307,58677
13426,SIRPB2,ENSG00000196209,20847
13427,SIRPD,ENSG00000125900,23455
13428,SIRPG,ENSG00000089012,28628
13429,SIRT1,ENSG00000096717,33735
13430,SIRT2,ENSG00000068903,21308
13431,SIRT3,ENSG00000142082,21902
13432,SIRT4,ENSG00000089163,10934
13433,SIRT5,ENSG00000124523,40932
13434,SIRT6,ENSG00000077463,8458
13435,SIRT7,ENSG00000187531,9385
13436,SIT1,ENSG00000137078,1637
13437,SIVA1,ENSG00000184990,15348
13438,SIX1,ENSG00000126778,14839
13439,SIX2,ENSG00000170577,4271
13440,SIX4,ENSG00000100625,14813
13441,SIX5,ENSG00000177045,4468
13442,SIX6,ENSG00000184302,3705
13443,SKA1,ENSG00000154839,19129
13444,SKA2,ENSG00000182628,45404
13445,SKA3,ENSG00000165480,22958
13446,SKAP1,ENSG00000141293,296839
13447,SKAP2,ENSG00000005020,328172
13448,SKI,ENSG00000157933,82826
13449,SKP1,ENSG00000113558,28030
13450,SKP1P2,ENSG00000256211,811
13451,SKP2,ENSG00000145604,44861
13452,SLA,ENSG00000155926,66185
13453,SLA2,ENSG00000101082,33879
13454,SLAIN1,ENSG00000139737,66556
13455,SLAIN2,ENSG00000109171,84673
13456,SLAMF1,ENSG00000117090,38939
13457,SLAMF6,ENSG00000162739,38233
13458,SLAMF7,ENSG00000026751,15765
13459,SLAMF8,ENSG00000158714,10682
13460,SLAMF9,ENSG00000162723,2746
13461,SLBP,ENSG00000163950,19614
13462,SLC10A1,ENSG00000100652,21826
13463,SLC10A2,ENSG00000125255,22420
13464,SLC10A3,ENSG00000126903,3385
13465,SLC10A4,ENSG00000145248,6184
13466,SLC10A5,ENSG00000253598,1428
13467,SLC10A6,ENSG00000145283,25917
13468,SLC10A7,ENSG00000120519,268398
13469,SLC11A1,ENSG00000018280,14866
13470,SLC11A2,ENSG00000110911,49166
13471,SLC12A1,ENSG00000074803,125641
13472,SLC12A2,ENSG00000064651,105912
13473,SLC12A3,ENSG00000070915,50644
13474,SLC12A4,ENSG00000124067,26128
13475,SLC12A5,ENSG00000124140,38461
13476,SLC12A6,ENSG00000140199,108277
13477,SLC12A7,ENSG00000113504,61680
13478,SLC12A8,ENSG00000221955,130229
13479,SLC12A9,ENSG00000146828,40191
13480,SLC13A1,ENSG00000081800,86442
13481,SLC13A2,ENSG00000007216,24489
13482,SLC13A3,ENSG00000158296,126645
13483,SLC13A4,ENSG00000164707,48028
13484,SLC13A5,ENSG00000141485,28659
13485,SLC14A1,ENSG00000141469,65496
13486,SLC14A2,ENSG00000132874,470694
13487,SLC15A1,ENSG00000088386,68872
13488,SLC15A2,ENSG00000163406,49788
13489,SLC15A3,ENSG00000110446,15594
13490,SLC15A4,ENSG00000139370,30765
13491,SLC15A5,ENSG00000188991,89201
13492,SLC16A1,ENSG00000155380,45747
13493,SLC16A10,ENSG00000112394,143692
13494,SLC16A11,ENSG00000174326,2472
13495,SLC16A12,ENSG00000152779,126343
13496,SLC16A13,ENSG00000174327,4103
13497,SLC16A14,ENSG00000163053,34012
13498,SLC16A2,ENSG00000147100,112425
13499,SLC16A3,ENSG00000141526,43196
13500,SLC16A4,ENSG00000168679,28232
13501,SLC16A5,ENSG00000170190,18436
13502,SLC16A6,ENSG00000108932,24242
13503,SLC16A7,ENSG00000118596,193827
13504,SLC16A8,ENSG00000100156,6051
13505,SLC16A9,ENSG00000165449,85239
13506,SLC17A1,ENSG00000124568,49138
13507,SLC17A2,ENSG00000112337,17938
13508,SLC17A3,ENSG00000124564,49221
13509,SLC17A4,ENSG00000146039,26501
13510,SLC17A5,ENSG00000119899,60614
13511,SLC17A6,ENSG00000091664,41123
13512,SLC17A7,ENSG00000104888,12960
13513,SLC17A8,ENSG00000179520,64982
13514,SLC17A9,ENSG00000101194,16879
13515,SLC18A1,ENSG00000036565,38352
13516,SLC18A2,ENSG00000165646,38338
13517,SLC18A3,ENSG00000187714,2411
13518,SLC19A1,ENSG00000173638,79794
13519,SLC19A2,ENSG00000117479,22036
13520,SLC19A3,ENSG00000135917,34266
13521,SLC1A1,ENSG00000106688,97002
13522,SLC1A2,ENSG00000110436,168859
13523,SLC1A3,ENSG00000079215,91747
13524,SLC1A4,ENSG00000115902,35389
13525,SLC1A5,ENSG00000105281,13712
13526,SLC1A6,ENSG00000105143,72958
13527,SLC1A7,ENSG00000162383,55460
13528,SLC20A1,ENSG00000144136,17887
13529,SLC20A2,ENSG00000168575,125452
13530,SLC22A1,ENSG00000175003,36904
13531,SLC22A10,ENSG00000184999,43762
13532,SLC22A11,ENSG00000168065,17186
13533,SLC22A12,ENSG00000197891,11713
13534,SLC22A13,ENSG00000172940,12946
13535,SLC22A14,ENSG00000144671,36282
13536,SLC22A15,ENSG00000163393,93542
13537,SLC22A16,ENSG00000004809,51955
13538,SLC22A17,ENSG00000092096,6599
13539,SLC22A18,ENSG00000110628,25526
13540,SLC22A18AS,ENSG00000254827,16471
13541,SLC22A2,ENSG00000112499,106578
13542,SLC22A23,ENSG00000137266,188089
13543,SLC22A24,ENSG00000197658,64282
13544,SLC22A25,ENSG00000196600,85163
13545,SLC22A3,ENSG00000146477,104200
13546,SLC22A31,ENSG00000259803,5891
13547,SLC22A4,ENSG00000197208,49797
13548,SLC22A5,ENSG00000197375,25904
13549,SLC22A6,ENSG00000197901,48583
13550,SLC22A7,ENSG00000137204,9845
13551,SLC22A8,ENSG00000149452,26688
13552,SLC22A9,ENSG00000149742,40510
13553,SLC23A1,ENSG00000170482,17358
13554,SLC23A2,ENSG00000089057,157938
13555,SLC23A3,ENSG00000213901,8631
13556,SLC24A1,ENSG00000074621,49630
13557,SLC24A2,ENSG00000155886,281586
13558,SLC24A3,ENSG00000185052,510285
13559,SLC24A4,ENSG00000140090,178901
13560,SLC24A5,ENSG00000188467,21683
13561,SLC25A1,ENSG00000100075,3159
13562,SLC25A10,ENSG00000183048,8781
13563,SLC25A11,ENSG00000108528,2924
13564,SLC25A12,ENSG00000115840,216455
13565,SLC25A13,ENSG00000004864,201928
13566,SLC25A14,ENSG00000102078,33474
13567,SLC25A15,ENSG00000102743,23049
13568,SLC25A16,ENSG00000122912,49526
13569,SLC25A17,ENSG00000100372,49770
13570,SLC25A18,ENSG00000182902,27546
13571,SLC25A19,ENSG00000125454,16530
13572,SLC25A2,ENSG00000120329,1415
13573,SLC25A20,ENSG00000178537,41979
13574,SLC25A21,ENSG00000183032,494686
13575,SLC25A22,ENSG00000177542,7807
13576,SLC25A23,ENSG00000125648,29125
13577,SLC25A24,ENSG00000085491,66807
13578,SLC25A25,ENSG00000148339,41045
13579,SLC25A26,ENSG00000144741,254507
13580,SLC25A27,ENSG00000153291,25276
13581,SLC25A28,ENSG00000155287,12275
13582,SLC25A29,ENSG00000197119,15432
13583,SLC25A3,ENSG00000075415,12789
13584,SLC25A30,ENSG00000174032,25140
13585,SLC25A31,ENSG00000151475,43893
13586,SLC25A32,ENSG00000164933,16555
13587,SLC25A33,ENSG00000171612,45709
13588,SLC25A34,ENSG00000162461,5135
13589,SLC25A35,ENSG00000125434,7638
13590,SLC25A36,ENSG00000114120,39166
13591,SLC25A37,ENSG00000147454,46508
13592,SLC25A38,ENSG00000144659,13982
13593,SLC25A39,ENSG00000013306,5246
13594,SLC25A4,ENSG00000151729,7117
13595,SLC25A40,ENSG00000075303,42793
13596,SLC25A41,ENSG00000181240,7743
13597,SLC25A42,ENSG00000181035,49037
13598,SLC25A43,ENSG00000077713,55143
13599,SLC25A44,ENSG00000160785,18865
13600,SLC25A45,ENSG00000162241,8510
13601,SLC25A46,ENSG00000164209,27026
13602,SLC25A47,ENSG00000140107,7083
13603,SLC25A48,ENSG00000145832,412858
13604,SLC25A5,ENSG00000005022,2975
13605,SLC25A6,ENSG00000169100,5962
13606,SLC25A6,ENSG00000292334,5962
13607,SLC26A1,ENSG00000145217,14368
13608,SLC26A11,ENSG00000181045,33811
13609,SLC26A2,ENSG00000155850,32698
13610,SLC26A3,ENSG00000091138,37759
13611,SLC26A4,ENSG00000091137,56982
13612,SLC26A5,ENSG00000170615,93478
13613,SLC26A7,ENSG00000147606,188662
13614,SLC26A8,ENSG00000112053,81353
13615,SLC26A9,ENSG00000174502,30413
13616,SLC27A1,ENSG00000130304,37400
13617,SLC27A2,ENSG00000140284,54190
13618,SLC27A3,ENSG00000143554,5804
13619,SLC27A4,ENSG00000167114,20944
13620,SLC27A5,ENSG00000083807,32902
13621,SLC27A6,ENSG00000113396,495630
13622,SLC28A1,ENSG00000156222,61145
13623,SLC28A2,ENSG00000137860,25613
13624,SLC28A3,ENSG00000197506,65302
13625,SLC29A1,ENSG00000112759,14590
13626,SLC29A2,ENSG00000174669,9694
13627,SLC29A3,ENSG00000198246,62165
13628,SLC29A4,ENSG00000164638,32544
13629,SLC2A1,ENSG00000117394,33541
13630,SLC2A10,ENSG00000197496,26699
13631,SLC2A11,ENSG00000133460,29610
13632,SLC2A12,ENSG00000146411,65044
13633,SLC2A13,ENSG00000151229,351065
13634,SLC2A14,ENSG00000173262,78637
13635,SLC2A2,ENSG00000163581,30397
13636,SLC2A3,ENSG00000059804,99778
13637,SLC2A4,ENSG00000181856,6540
13638,SLC2A4RG,ENSG00000125520,4275
13639,SLC2A5,ENSG00000142583,53373
13640,SLC2A6,ENSG00000160326,8034
13641,SLC2A7,ENSG00000197241,23451
13642,SLC2A8,ENSG00000136856,11287
13643,SLC2A9,ENSG00000109667,283784
13644,SLC30A1,ENSG00000170385,7594
13645,SLC30A10,ENSG00000196660,273592
13646,SLC30A2,ENSG00000158014,8867
13647,SLC30A3,ENSG00000115194,22134
13648,SLC30A4,ENSG00000104154,43150
13649,SLC30A5,ENSG00000145740,37079
13650,SLC30A6,ENSG00000152683,58539
13651,SLC30A7,ENSG00000162695,100185
13652,SLC30A8,ENSG00000164756,226442
13653,SLC30A9,ENSG00000014824,99960
13654,SLC31A1,ENSG00000136868,42949
13655,SLC31A2,ENSG00000136867,13165
13656,SLC32A1,ENSG00000101438,4887
13657,SLC33A1,ENSG00000169359,33433
13658,SLC34A1,ENSG00000131183,19614
13659,SLC34A2,ENSG00000157765,30738
13660,SLC34A3,ENSG00000198569,5799
13661,SLC35A1,ENSG00000164414,41714
13662,SLC35A2,ENSG00000102100,8779
13663,SLC35A3,ENSG00000117620,66284
13664,SLC35A4,ENSG00000176087,4282
13665,SLC35A5,ENSG00000138459,23871
13666,SLC35B1,ENSG00000121073,8081
13667,SLC35B2,ENSG00000157593,3795
13668,SLC35B3,ENSG00000124786,24127
13669,SLC35B4,ENSG00000205060,27599
13670,SLC35C1,ENSG00000181830,8945
13671,SLC35C2,ENSG00000080189,18479
13672,SLC35D1,ENSG00000116704,54799
13673,SLC35D2,ENSG00000130958,70268
13674,SLC35D3,ENSG00000182747,3360
13675,SLC35E1,ENSG00000127526,22585
13676,SLC35E2B,ENSG00000189339,33267
13677,SLC35E3,ENSG00000175782,47840
13678,SLC35E4,ENSG00000100036,33236
13679,SLC35F1,ENSG00000196376,410413
13680,SLC35F2,ENSG00000110660,137303
13681,SLC35F3,ENSG00000183780,419836
13682,SLC35F4,ENSG00000151812,418275
13683,SLC35F5,ENSG00000115084,51683
13684,SLC35G1,ENSG00000176273,62090
13685,SLC35G3,ENSG00000164729,1874
13686,SLC35G5,ENSG00000177710,1349
13687,SLC35G6,ENSG00000259224,2051
13688,SLC36A1,ENSG00000123643,55334
13689,SLC36A2,ENSG00000186335,32619
13690,SLC36A3,ENSG00000186334,27409
13691,SLC36A4,ENSG00000180773,53818
13692,SLC37A1,ENSG00000160190,85433
13693,SLC37A2,ENSG00000134955,27215
13694,SLC37A3,ENSG00000157800,110741
13695,SLC37A4,ENSG00000137700,7156
13696,SLC38A1,ENSG00000111371,86955
13697,SLC38A10,ENSG00000157637,50737
13698,SLC38A11,ENSG00000169507,61172
13699,SLC38A2,ENSG00000134294,14586
13700,SLC38A3,ENSG00000188338,16241
13701,SLC38A4,ENSG00000139209,67648
13702,SLC38A5,ENSG00000017483,11724
13703,SLC38A6,ENSG00000139974,133203
13704,SLC38A7,ENSG00000103042,19662
13705,SLC38A8,ENSG00000166558,33129
13706,SLC38A9,ENSG00000177058,147350
13707,SLC39A1,ENSG00000143570,9086
13708,SLC39A10,ENSG00000196950,161726
13709,SLC39A11,ENSG00000133195,446764
13710,SLC39A12,ENSG00000148482,91454
13711,SLC39A13,ENSG00000165915,9365
13712,SLC39A14,ENSG00000104635,66852
13713,SLC39A2,ENSG00000165794,2617
13714,SLC39A3,ENSG00000141873,7825
13715,SLC39A4,ENSG00000147804,7103
13716,SLC39A5,ENSG00000139540,7798
13717,SLC39A6,ENSG00000141424,20855
13718,SLC39A7,ENSG00000112473,4135
13719,SLC39A8,ENSG00000138821,180179
13720,SLC39A9,ENSG00000029364,64376
13721,SLC3A1,ENSG00000138079,46037
13722,SLC3A2,ENSG00000168003,32877
13723,SLC40A1,ENSG00000138449,23169
13724,SLC41A1,ENSG00000133065,24655
13725,SLC41A2,ENSG00000136052,156944
13726,SLC41A3,ENSG00000114544,95205
13727,SLC43A1,ENSG00000149150,31247
13728,SLC43A2,ENSG00000167703,59619
13729,SLC43A3,ENSG00000134802,20627
13730,SLC44A1,ENSG00000070214,194550
13731,SLC44A2,ENSG00000129353,42101
13732,SLC44A3,ENSG00000143036,74905
13733,SLC44A4,ENSG00000204385,15855
13734,SLC44A5,ENSG00000137968,408986
13735,SLC45A1,ENSG00000162426,26054
13736,SLC45A2,ENSG00000164175,40071
13737,SLC45A3,ENSG00000158715,22659
13738,SLC45A4,ENSG00000022567,101140
13739,SLC46A1,ENSG00000076351,12556
13740,SLC46A2,ENSG00000119457,11957
13741,SLC46A3,ENSG00000139508,18907
13742,SLC47A1,ENSG00000142494,83650
13743,SLC47A2,ENSG00000180638,40692
13744,SLC48A1,ENSG00000211584,28836
13745,SLC4A1,ENSG00000004939,19752
13746,SLC4A10,ENSG00000144290,560951
13747,SLC4A11,ENSG00000088836,12143
13748,SLC4A1AP,ENSG00000163798,31941
13749,SLC4A2,ENSG00000164889,19317
13750,SLC4A3,ENSG00000114923,14587
13751,SLC4A4,ENSG00000080493,509421
13752,SLC4A5,ENSG00000188687,127175
13753,SLC4A7,ENSG00000033867,111698
13754,SLC4A8,ENSG00000050438,124447
13755,SLC4A9,ENSG00000113073,14948
13756,SLC50A1,ENSG00000169241,3514
13757,SLC5A1,ENSG00000100170,69769
13758,SLC5A10,ENSG00000154025,72251
13759,SLC5A11,ENSG00000158865,65788
13760,SLC5A12,ENSG00000148942,56408
13761,SLC5A2,ENSG00000140675,7859
13762,SLC5A3,ENSG00000198743,32683
13763,SLC5A4,ENSG00000100191,36884
13764,SLC5A5,ENSG00000105641,23230
13765,SLC5A6,ENSG00000138074,13372
13766,SLC5A7,ENSG00000115665,27472
13767,SLC5A8,ENSG00000256870,54746
13768,SLC5A9,ENSG00000117834,25960
13769,SLC6A1,ENSG00000157103,47062
13770,SLC6A11,ENSG00000132164,124514
13771,SLC6A12,ENSG00000111181,24494
13772,SLC6A13,ENSG00000010379,42253
13773,SLC6A14,ENSG00000268104,24853
13774,SLC6A15,ENSG00000072041,54139
13775,SLC6A16,ENSG00000063127,35578
13776,SLC6A17,ENSG00000197106,51709
13777,SLC6A18,ENSG00000164363,20809
13778,SLC6A19,ENSG00000174358,23517
13779,SLC6A2,ENSG00000103546,51658
13780,SLC6A20,ENSG00000163817,41126
13781,SLC6A3,ENSG00000142319,52647
13782,SLC6A4,ENSG00000108576,41684
13783,SLC6A5,ENSG00000165970,59692
13784,SLC6A6,ENSG00000131389,86774
13785,SLC6A7,ENSG00000011083,32727
13786,SLC6A8,ENSG00000130821,8663
13787,SLC6A9,ENSG00000196517,39968
13788,SLC7A1,ENSG00000139514,86275
13789,SLC7A10,ENSG00000130876,17187
13790,SLC7A11,ENSG00000151012,78253
13791,SLC7A13,ENSG00000164893,107084
13792,SLC7A14,ENSG00000013293,126528
13793,SLC7A2,ENSG00000003989,73486
13794,SLC7A3,ENSG00000165349,5547
13795,SLC7A4,ENSG00000099960,4123
13796,SLC7A5,ENSG00000103257,39492
13797,SLC7A5P1,ENSG00000260727,538
13798,SLC7A6,ENSG00000103064,37308
13799,SLC7A6OS,ENSG00000103061,26444
13800,SLC7A7,ENSG00000155465,56599
13801,SLC7A8,ENSG00000092068,58380
13802,SLC8A1,ENSG00000183023,513784
13803,SLC8A2,ENSG00000118160,43877
13804,SLC8A3,ENSG00000100678,145266
13805,SLC9A1,ENSG00000090020,68173
13806,SLC9C1,ENSG00000172139,153330
13807,SLC9C2,ENSG00000162753,102613
13808,SLC9A2,ENSG00000115616,91803
13809,SLC9A3,ENSG00000066230,53994
13810,SLC9A4,ENSG00000180251,60747
13811,SLC9A5,ENSG00000135740,34509
13812,SLC9A6,ENSG00000198689,73429
13813,SLC9A7,ENSG00000065923,159868
13814,SLC9A8,ENSG00000197818,79530
13815,SLC9A9,ENSG00000181804,583264
13816,SLC9B1,ENSG00000164037,134672
13817,SLC9B2,ENSG00000164038,65962
13818,SLCO1A2,ENSG00000084453,154995
13819,SLCO1B1,ENSG00000134538,108603
13820,SLCO1B3,ENSG00000111700,106210
13821,SLCO1C1,ENSG00000139155,58055
13822,SLCO2A1,ENSG00000174640,119484
13823,SLCO2B1,ENSG00000137491,105987
13824,SLCO3A1,ENSG00000176463,318728
13825,SLCO4A1,ENSG00000101187,43283
13826,SLCO4C1,ENSG00000173930,62299
13827,SLCO5A1,ENSG00000137571,167933
13828,SLCO6A1,ENSG00000205359,127243
13829,SLFN11,ENSG00000172716,23397
13830,SLFN12,ENSG00000172123,24011
13831,SLFN12L,ENSG00000205045,73435
13832,SLFN13,ENSG00000154760,13742
13833,SLFN14,ENSG00000236320,16835
13834,SLFN5,ENSG00000166750,30585
13835,SLFNL1,ENSG00000171790,7649
13836,SLIRP,ENSG00000119705,53034
13837,SLIT1,ENSG00000187122,187922
13838,SLIT2,ENSG00000145147,368657
13839,SLIT3,ENSG00000184347,639400
13840,SLITRK1,ENSG00000178235,5270
13841,SLITRK2,ENSG00000185985,12028
13842,SLITRK3,ENSG00000121871,10390
13843,SLITRK4,ENSG00000179542,13312
13844,SLITRK5,ENSG00000165300,24902
13845,SLITRK6,ENSG00000184564,13894
13846,SLK,ENSG00000065613,62094
13847,SLMAP,ENSG00000163681,174554
13848,SLN,ENSG00000170290,12316
13849,SLPI,ENSG00000124107,2326
13850,SLTM,ENSG00000137776,54630
13851,SLU7,ENSG00000164609,20071
13852,SLURP1,ENSG00000126233,1458
13853,SLX4,ENSG00000188827,30426
13854,SMAD1,ENSG00000170365,77983
13855,SMAD2,ENSG00000175387,122190
13856,SMAD3,ENSG00000166949,131411
13857,SMAD4,ENSG00000141646,56518
13858,SMAD5,ENSG00000113658,55903
13859,SMAD6,ENSG00000137834,80614
13860,SMAD7,ENSG00000101665,31113
13861,SMAD9,ENSG00000120693,76057
13862,SMAGP,ENSG00000170545,25858
13863,SMAP1,ENSG00000112305,194236
13864,SMAP2,ENSG00000084070,78477
13865,SMARCA1,ENSG00000102038,77000
13866,SMARCA2,ENSG00000080503,213335
13867,SMARCA4,ENSG00000127616,118495
13868,SMARCA5,ENSG00000153147,43785
13869,SMARCAD1,ENSG00000163104,83682
13870,SMARCAL1,ENSG00000138375,70671
13871,SMARCB1,ENSG00000099956,51079
13872,SMARCC1,ENSG00000173473,196838
13873,SMARCC2,ENSG00000139613,27209
13874,SMARCD1,ENSG00000066117,15508
13875,SMARCD2,ENSG00000108604,10985
13876,SMARCD3,ENSG00000082014,39133
13877,SMARCE1,ENSG00000073584,23693
13878,SMC1A,ENSG00000072501,48580
13879,SMC1B,ENSG00000077935,69557
13880,SMC2,ENSG00000136824,47160
13881,SMC3,ENSG00000108055,38365
13882,SMC4,ENSG00000113810,35681
13883,SMC5,ENSG00000198887,95896
13884,SMC6,ENSG00000163029,136431
13885,SMCHD1,ENSG00000101596,149292
13886,SMCP,ENSG00000163206,6726
13887,SMCR5,ENSG00000226746,2844
13888,SMCR8,ENSG00000176994,12764
13889,SMG1,ENSG00000157106,121549
13890,SMG5,ENSG00000198952,33602
13891,SMG6,ENSG00000070366,243947
13892,SMG7,ENSG00000116698,126031
13893,SMG8,ENSG00000167447,5840
13894,SMG9,ENSG00000105771,26980
13895,SMN2,ENSG00000205571,28885
13896,SMNDC1,ENSG00000119953,14209
13897,SMO,ENSG00000128602,24913
13898,SMOC1,ENSG00000198732,178236
13899,SMOC2,ENSG00000112562,232295
13900,SMOX,ENSG00000088826,66768
13901,SMPD1,ENSG00000166311,4559
13902,SMPD2,ENSG00000135587,3196
13903,SMPD3,ENSG00000103056,90182
13904,SMPD4,ENSG00000136699,31359
13905,SMPDL3A,ENSG00000172594,20672
13906,SMPDL3B,ENSG00000130768,24158
13907,SMPX,ENSG00000091482,52139
13908,SMR3A,ENSG00000109208,6399
13909,SMS,ENSG00000102172,54129
13910,SMTN,ENSG00000183963,40653
13911,SMTNL1,ENSG00000214872,12678
13912,SMTNL2,ENSG00000188176,24321
13913,SMU1,ENSG00000122692,34910
13914,SMURF1,ENSG00000198742,116669
13915,SMURF2,ENSG00000108854,120026
13916,SMYD1,ENSG00000115593,45560
13917,SMYD2,ENSG00000143499,56030
13918,SMYD3,ENSG00000185420,757971
13919,SMYD4,ENSG00000186532,51150
13920,SMYD5,ENSG00000135632,13000
13921,SNAI1,ENSG00000124216,5907
13922,SNAI2,ENSG00000019549,4143
13923,SNAI3,ENSG00000185669,8820
13924,SNAP23,ENSG00000092531,54124
13925,SNAP25,ENSG00000132639,135864
13926,SNAP29,ENSG00000099940,32208
13927,SNAP47,ENSG00000143740,53627
13928,SNAP91,ENSG00000065609,156812
13929,SNAPC1,ENSG00000023608,34009
13930,SNAPC2,ENSG00000104976,2913
13931,SNAPC3,ENSG00000164975,43220
13932,SNAPC4,ENSG00000165684,24610
13933,SNAPC5,ENSG00000174446,7646
13934,SNAPIN,ENSG00000143553,3150
13935,SNCA,ENSG00000145335,137971
13936,SNCAIP,ENSG00000064692,152866
13937,SNCB,ENSG00000074317,10475
13938,SNCG,ENSG00000173267,4660
13939,SND1,ENSG00000197157,440416
13940,SNED1,ENSG00000162804,96951
13941,SNF8,ENSG00000159210,15527
13942,SNHG11,ENSG00000174365,4601
13943,DANCR,ENSG00000226950,11299
13944,SNHG6,ENSG00000245910,30536
13945,SNHG9,ENSG00000255198,988
13946,SNIP1,ENSG00000163877,19845
13947,SNORA10,ENSG00000206811,133
13948,SNORA12,ENSG00000212464,147
13949,SNORA14A,ENSG00000201643,135
13950,SNORA14B,ENSG00000207181,135
13951,SNORA21,ENSG00000199293,132
13952,SNORA23,ENSG00000201998,182
13953,SNORA24,ENSG00000275994,131
13954,SNORA27,ENSG00000207051,126
13955,SNORA28,ENSG00000272533,126
13956,SNORA29,ENSG00000206910,140
13957,SNORA2A,ENSG00000206612,135
13958,SNORA2B,ENSG00000207313,137
13959,SNORA30,ENSG00000206755,129
13960,SNORA31,ENSG00000199477,130
13961,SNORA38,ENSG00000200816,132
13962,SNORA41,ENSG00000207406,132
13963,SNORA46,ENSG00000207493,135
13964,SNORA47,ENSG00000238961,138
13965,SNORA48,ENSG00000209582,135
13966,SNORA49,ENSG00000208892,136
13967,SNORA52,ENSG00000199785,134
13968,SNORA53,ENSG00000212443,249
13969,SNORA55,ENSG00000201457,135
13970,SNORA56,ENSG00000206693,129
13971,SNORA57,ENSG00000206597,149
13972,SNORA58,ENSG00000249020,137
13973,SNORA5A,ENSG00000206838,134
13974,SNORA5C,ENSG00000201772,137
13975,SNORA6,ENSG00000206760,151
13976,SNORA62,ENSG00000201542,152
13977,SNORA62,ENSG00000202363,153
13978,SNORA62,ENSG00000202374,151
13979,SNORA62,ENSG00000201157,154
13980,SNORA62,ENSG00000201980,153
13981,SNORA62,ENSG00000252443,120
13982,SNORA62,ENSG00000272015,83
13983,SNORA63,ENSG00000201791,119
13984,SNORA63,ENSG00000252448,81
13985,SNORA63,ENSG00000200320,132
13986,SNORA63,ENSG00000202449,123
13987,SNORA63,ENSG00000199552,132
13988,SNORA63,ENSG00000199473,126
13989,SNORA63,ENSG00000199633,126
13990,SNORA64,ENSG00000207405,134
13991,SNORA65,ENSG00000201302,130
13992,SNORA67,ENSG00000277985,137
13993,SNORA68,ENSG00000207166,133
13994,SNORA69,ENSG00000206622,132
13995,SNORA70,ENSG00000252969,124
13996,SNORA70,ENSG00000253042,118
13997,SNORA70,ENSG00000202379,134
13998,SNORA70,ENSG00000252014,110
13999,SNORA70,ENSG00000206958,136
14000,SNORA70,ENSG00000206886,133
14001,SNORA70,ENSG00000207165,135
14002,SNORA70,ENSG00000206661,134
14003,SNORA70,ENSG00000252505,98
14004,SNORA70,ENSG00000207244,134
14005,SNORA70,ENSG00000276094,95
14006,SNORA70,ENSG00000252724,95
14007,SNORA70,ENSG00000278010,95
14008,SNORA70,ENSG00000252133,95
14009,SNORA70,ENSG00000251893,153
14010,SNORA70,ENSG00000201945,132
14011,SNORA70,ENSG00000201376,135
14012,SNORA70,ENSG00000252526,90
14013,SNORA70,ENSG00000202389,135
14014,SNORA70,ENSG00000252657,126
14015,SNORA70,ENSG00000252258,133
14016,SNORA70,ENSG00000200237,141
14017,SNORA70,ENSG00000253027,151
14018,SNORA70,ENSG00000251925,138
14019,SNORA70,ENSG00000251796,138
14020,SNORA70,ENSG00000252199,95
14021,SNORA70,ENSG00000207098,135
14022,SNORA70B,ENSG00000206937,135
14023,SNORA70C,ENSG00000207268,135
14024,SNORA70D,ENSG00000263666,135
14025,SNORA70E,ENSG00000207221,135
14026,SNORA70F,ENSG00000206869,135
14027,SNORA70G,ENSG00000206650,142
14028,SNORA71A,ENSG00000225091,134
14029,SNORA71B,ENSG00000235408,272
14030,SNORA71C,ENSG00000201512,134
14031,SNORA71D,ENSG00000200354,134
14032,SNORA74A,ENSG00000200959,198
14033,SNORA74B,ENSG00000212402,201
14034,SNORA75,ENSG00000206885,137
14035,SNORA75,ENSG00000212580,119
14036,SNORA75,ENSG00000212620,127
14037,SNORA75,ENSG00000212440,150
14038,SNORA75,ENSG00000212533,150
14039,SNORA75,ENSG00000212432,148
14040,SNORA75,ENSG00000212593,81
14041,SNORA77,ENSG00000221643,125
14042,SNORA79,ENSG00000221303,140
14043,SNORA80B,ENSG00000206633,136
14044,SNORD15A,ENSG00000206941,148
14045,SNORD15B,ENSG00000207445,146
14046,SNORD17,ENSG00000212232,237
14047,SNORD94,ENSG00000208772,137
14048,SNPH,ENSG00000101298,43049
14049,SNRK,ENSG00000163788,138253
14050,SNRNP200,ENSG00000144028,46934
14051,SNRNP25,ENSG00000161981,3842
14052,SNRNP27,ENSG00000124380,11620
14053,SNRNP35,ENSG00000184209,15067
14054,SNRNP40,ENSG00000060688,37221
14055,SNRNP48,ENSG00000168566,21770
14056,SNRNP70,ENSG00000104852,23187
14057,SNRPA,ENSG00000077312,14753
14058,SNRPA1,ENSG00000131876,13773
14059,SNRPB,ENSG00000125835,9220
14060,SNRPB2,ENSG00000125870,12604
14061,SNRPC,ENSG00000124562,16353
14062,SNRPD1,ENSG00000167088,21211
14063,SNRPD2,ENSG00000125743,5110
14064,SNRPD3,ENSG00000100028,26095
14065,SNRPE,ENSG00000182004,9554
14066,SNRPF,ENSG00000139343,44877
14067,SNRPG,ENSG00000143977,12379
14068,SNRPN,ENSG00000128739,155087
14069,SNTA1,ENSG00000101400,35807
14070,SNTB1,ENSG00000172164,277529
14071,SNTB2,ENSG00000168807,121906
14072,SNTG1,ENSG00000147481,886904
14073,SNTG2,ENSG00000172554,416765
14074,SNTN,ENSG00000188817,26346
14075,SNUPN,ENSG00000169371,28387
14076,SNURF,ENSG00000273173,22864
14077,SNW1,ENSG00000100603,43609
14078,SNX10,ENSG00000086300,82522
14079,SNX11,ENSG00000002919,20245
14080,SNX12,ENSG00000147164,17095
14081,SNX13,ENSG00000071189,149741
14082,SNX14,ENSG00000135317,89381
14083,SNX15,ENSG00000110025,13134
14084,SNX16,ENSG00000104497,43286
14085,SNX17,ENSG00000115234,7040
14086,SNX18,ENSG00000178996,28828
14087,SNX19,ENSG00000120451,50230
14088,SNX2,ENSG00000205302,59465
14089,SNX20,ENSG00000167208,15054
14090,SNX21,ENSG00000124104,9478
14091,SNX22,ENSG00000157734,5767
14092,SNX24,ENSG00000064652,185916
14093,SNX25,ENSG00000109762,165949
14094,SNX27,ENSG00000143376,87086
14095,SNX29,ENSG00000048471,597554
14096,SNX3,ENSG00000112335,50025
14097,SNX30,ENSG00000148158,130912
14098,SNX31,ENSG00000174226,90527
14099,SNX32,ENSG00000172803,23063
14100,SNX33,ENSG00000173548,14390
14101,SNX4,ENSG00000114520,73553
14102,SNX5,ENSG00000089006,27384
14103,SNX6,ENSG00000129515,69068
14104,SNX7,ENSG00000162627,98800
14105,SNX8,ENSG00000106266,102549
14106,SNX9,ENSG00000130340,244691
14107,SOAT1,ENSG00000057252,64967
14108,SOAT2,ENSG00000167780,21050
14109,SOBP,ENSG00000112320,171201
14110,SOCS2,ENSG00000120833,13674
14111,SOCS3,ENSG00000184557,3300
14112,SOCS4,ENSG00000180008,22260
14113,SOCS5,ENSG00000171150,81294
14114,SOCS7,ENSG00000274211,53750
14115,SOD1,ENSG00000142168,9266
14116,SOD2,ENSG00000291237,93461
14117,SOD3,ENSG00000109610,10931
14118,SOHLH1,ENSG00000165643,11092
14119,SON,ENSG00000159140,34444
14120,SORBS1,ENSG00000095637,249644
14121,SORBS2,ENSG00000154556,371209
14122,SORBS3,ENSG00000120896,30803
14123,SORCS1,ENSG00000108018,591044
14124,SORCS2,ENSG00000184985,550290
14125,SORCS3,ENSG00000156395,623953
14126,SORD,ENSG00000140263,54039
14127,SORL1,ENSG00000137642,181450
14128,SORT1,ENSG00000134243,88351
14129,SOS1,ENSG00000115904,162140
14130,SOS2,ENSG00000100485,114449
14131,SOST,ENSG00000167941,5054
14132,SOSTDC1,ENSG00000171243,69100
14133,SOX1,ENSG00000182968,4558
14134,SOX10,ENSG00000100146,16737
14135,SOX11,ENSG00000176887,9002
14136,SOX12,ENSG00000177732,4673
14137,SOX13,ENSG00000143842,54629
14138,SOX14,ENSG00000168875,2020
14139,SOX15,ENSG00000129194,1917
14140,SOX17,ENSG00000164736,2958
14141,SOX18,ENSG00000203883,2058
14142,SOX2,ENSG00000181449,2512
14143,SOX21,ENSG00000125285,2924
14144,SOX3,ENSG00000134595,2085
14145,SOX30,ENSG00000039600,45802
14146,SOX4,ENSG00000124766,4869
14147,SOX5,ENSG00000134532,1033041
14148,SOX6,ENSG00000110693,773143
14149,SOX7,ENSG00000171056,6744
14150,SOX8,ENSG00000005513,5536
14151,SOX9,ENSG00000125398,5397
14152,SP1,ENSG00000185591,36271
14153,SP100,ENSG00000067066,129665
14154,SP110,ENSG00000135899,60544
14155,SP140,ENSG00000079263,110106
14156,SP140L,ENSG00000185404,76549
14157,SP2,ENSG00000167182,32808
14158,SP3,ENSG00000172845,84524
14159,SP4,ENSG00000105866,86780
14160,SP5,ENSG00000204335,2742
14161,SP6,ENSG00000189120,10967
14162,SP7,ENSG00000170374,18741
14163,SP8,ENSG00000164651,4608
14164,SP9,ENSG00000217236,3547
14165,SPA17,ENSG00000064199,23675
14166,SPACA1,ENSG00000118434,18998
14167,SPACA3,ENSG00000141316,27502
14168,SPACA4,ENSG00000177202,973
14169,SPACA5,ENSG00000171489,5398
14170,SPACA7,ENSG00000153498,58335
14171,SPAG1,ENSG00000104450,101373
14172,SPAG11B,ENSG00000164871,20991
14173,SPAG16,ENSG00000144451,1126113
14174,SPAG17,ENSG00000155761,231639
14175,SPAG4,ENSG00000061656,5266
14176,SPAG5,ENSG00000076382,21461
14177,SPAG6,ENSG00000077327,108780
14178,SPAG7,ENSG00000091640,8592
14179,SPAG8,ENSG00000137098,4228
14180,SPAG9,ENSG00000008294,158695
14181,SPAM1,ENSG00000106304,46178
14182,SPANXN1,ENSG00000203923,8706
14183,SPANXN2,ENSG00000268988,8798
14184,SPANXN3,ENSG00000189252,8741
14185,SPANXN4,ENSG00000189326,8775
14186,SPANXN5,ENSG00000204363,1284
14187,SPARC,ENSG00000113140,25880
14188,SPARCL1,ENSG00000152583,57727
14189,SPAST,ENSG00000021574,94082
14190,SPATA12,ENSG00000186451,14769
14191,SPATA13,ENSG00000182957,327270
14192,SPATA13,ENSG00000228741,55218
14193,SPATA16,ENSG00000144962,251879
14194,SPATA17,ENSG00000162814,240373
14195,SPATA18,ENSG00000163071,45996
14196,SPATA19,ENSG00000166118,4908
14197,SPATA2,ENSG00000158480,12139
14198,SPATA20,ENSG00000006282,12795
14199,SPATA21,ENSG00000187144,50308
14200,SPATA22,ENSG00000141255,73834
14201,SPATA24,ENSG00000170469,7527
14202,SPATA25,ENSG00000149634,1132
14203,SPATA2L,ENSG00000158792,5349
14204,SPATA3,ENSG00000173699,34732
14205,SPATA4,ENSG00000150628,11007
14206,SPATA6,ENSG00000132122,176836
14207,SPATA7,ENSG00000042317,85427
14208,SPATA8,ENSG00000185594,4643
14209,SPATA9,ENSG00000145757,46531
14210,SPATC1,ENSG00000186583,34835
14211,SPATS1,ENSG00000249481,37530
14212,SPATS2,ENSG00000123352,160842
14213,SPATS2L,ENSG00000196141,176384
14214,SPC24,ENSG00000161888,24288
14215,SPC25,ENSG00000152253,79240
14216,SPCS1,ENSG00000114902,6194
14217,SPCS2,ENSG00000118363,29773
14218,SPCS3,ENSG00000129128,12280
14219,SPDEF,ENSG00000124664,18532
14220,SPDYA,ENSG00000163806,68095
14221,SPDYC,ENSG00000204710,3142
14222,SPDYE1,ENSG00000136206,12228
14223,SPDYE3,ENSG00000214300,14671
14224,SPDYE4,ENSG00000183318,11036
14225,SPDYE5,ENSG00000170092,11997
14226,SPDYE6,ENSG00000260097,10699
14227,SPDYE7P,ENSG00000179994,7679
14228,SPECC1L,ENSG00000100014,146923
14229,SPEF1,ENSG00000101222,3945
14230,SPEF2,ENSG00000152582,196768
14231,SPEG,ENSG00000072195,58787
14232,SPEM1,ENSG00000181323,1309
14233,SPEN,ENSG00000065526,104362
14234,SPESP1,ENSG00000258484,128591
14235,SPG11,ENSG00000104133,108871
14236,SPG21,ENSG00000090487,27289
14237,SPG7,ENSG00000197912,67048
14238,SPHK1,ENSG00000176170,11277
14239,SPHK2,ENSG00000063176,11427
14240,SPHKAP,ENSG00000153820,201733
14241,SPI1,ENSG00000066336,54510
14242,SPIB,ENSG00000269404,12377
14243,SPIC,ENSG00000166211,11662
14244,SPICE1,ENSG00000163611,72470
14245,SPIN1,ENSG00000106723,90265
14246,SPIN2A,ENSG00000147059,2994
14247,SPIN2B,ENSG00000186787,2998
14248,SPIN3,ENSG00000204271,177530
14249,SPIN4,ENSG00000186767,4105
14250,SPINK1,ENSG00000164266,7100
14251,SPINK13,ENSG00000214510,18076
14252,SPINK14,ENSG00000196800,7074
14253,SPINK2,ENSG00000128040,11883
14254,SPINK4,ENSG00000122711,30203
14255,SPINK5,ENSG00000133710,111700
14256,SPINK6,ENSG00000178172,12344
14257,SPINK7,ENSG00000145879,3504
14258,SPINK8,ENSG00000229453,26820
14259,SPINK9,ENSG00000204909,18650
14260,SPINT1,ENSG00000166145,14190
14261,SPINT2,ENSG00000167642,48581
14262,SPINT3,ENSG00000101446,3162
14263,SPINT4,ENSG00000149651,3484
14264,SPIRE1,ENSG00000134278,211596
14265,SPIRE2,ENSG00000204991,53141
14266,SPN,ENSG00000197471,7898
14267,SPNS1,ENSG00000169682,10328
14268,SPNS2,ENSG00000183018,40155
14269,SPNS3,ENSG00000182557,54269
14270,SPO11,ENSG00000054796,14192
14271,SPOCD1,ENSG00000134668,25601
14272,SPOCK1,ENSG00000152377,623082
14273,SPOCK3,ENSG00000196104,501413
14274,SPON1,ENSG00000262655,305411
14275,SPON2,ENSG00000159674,42031
14276,SPOP,ENSG00000121067,79280
14277,SPOPL,ENSG00000144228,72689
14278,SPP1,ENSG00000118785,7866
14279,SPP2,ENSG00000072080,26456
14280,SPPL2A,ENSG00000138600,63683
14281,SPPL2B,ENSG00000005206,26481
14282,SPPL3,ENSG00000157837,141849
14283,SPR,ENSG00000116096,4777
14284,SPRED1,ENSG00000166068,104414
14285,SPRED2,ENSG00000198369,121787
14286,SPRED3,ENSG00000188766,11167
14287,SPRN,ENSG00000203772,3960
14288,SPRR1A,ENSG00000169474,1734
14289,SPRR1B,ENSG00000169469,1698
14290,SPRR2C,ENSG00000229035,219
14291,SPRR2D,ENSG00000163216,2200
14292,SPRR2E,ENSG00000203785,13050
14293,SPRR2F,ENSG00000244094,1396
14294,SPRR2G,ENSG00000159516,1309
14295,SPRR3,ENSG00000163209,2110
14296,SPRY1,ENSG00000164056,6966
14297,SPRY2,ENSG00000136158,5151
14298,SPRY3,ENSG00000168939,169888
14299,SPRY4,ENSG00000187678,16029
14300,SPRYD3,ENSG00000167778,15089
14301,SPRYD4,ENSG00000176422,11131
14302,TRIM51,ENSG00000124900,8514
14303,SPRYD7,ENSG00000123178,23789
14304,SPSB1,ENSG00000171621,76639
14305,SPSB2,ENSG00000111671,18424
14306,SPSB3,ENSG00000162032,16989
14307,SPSB4,ENSG00000175093,97265
14308,SPTA1,ENSG00000163554,76012
14309,SPTAN1,ENSG00000197694,81105
14310,SPTB,ENSG00000070182,133625
14311,SPTBN1,ENSG00000115306,215120
14312,SPTBN2,ENSG00000173898,62175
14313,SPTBN4,ENSG00000160460,110224
14314,SPTBN5,ENSG00000137877,45908
14315,SPTLC1,ENSG00000090054,115327
14316,SPTLC2,ENSG00000100596,110641
14317,SPTLC3,ENSG00000172296,160132
14318,SPTSSA,ENSG00000165389,29453
14319,SPTSSB,ENSG00000196542,28083
14320,SPTY2D1,ENSG00000179119,28389
14321,SPZ1,ENSG00000164299,2218
14322,SQLE,ENSG00000104549,23787
14323,SQSTM1,ENSG00000161011,31681
14324,SRBD1,ENSG00000068784,223486
14325,SRC,ENSG00000197122,61366
14326,SRCAP,ENSG00000080603,43201
14327,SRCIN1,ENSG00000277363,75922
14328,SRD5A1,ENSG00000145545,43250
14329,SRD5A1P1,ENSG00000232549,786
14330,SRD5A2,ENSG00000277893,58459
14331,SRD5A3,ENSG00000128039,26888
14332,SREBF1,ENSG00000072310,26604
14333,SREBF2,ENSG00000198911,74202
14334,SREK1,ENSG00000153914,43645
14335,SREK1IP1,ENSG00000153006,50544
14336,SRF,ENSG00000112658,10238
14337,SRFBP1,ENSG00000151304,113596
14338,SRGAP1,ENSG00000196935,318457
14339,SRGAP2,ENSG00000266028,261091
14340,SRGAP2B,ENSG00000196369,208264
14341,SRGAP3,ENSG00000196220,382463
14342,SRGN,ENSG00000122862,16709
14343,SRI,ENSG00000075142,21879
14344,SRL,ENSG00000185739,52707
14345,SRM,ENSG00000116649,5437
14346,SRMS,ENSG00000125508,9261
14347,SRP14,ENSG00000140319,3492
14348,SRP19,ENSG00000153037,37184
14349,SRP54,ENSG00000100883,47730
14350,SRP68,ENSG00000167881,33743
14351,SRP72,ENSG00000174780,36065
14352,SRP9,ENSG00000143742,12656
14353,SRPK1,ENSG00000096063,88377
14354,SRPK2,ENSG00000135250,288605
14355,SRPK3,ENSG00000184343,9321
14356,SRPRB,ENSG00000144867,41750
14357,SRPX,ENSG00000101955,71589
14358,SRPX2,ENSG00000102359,31594
14359,SRR,ENSG00000167720,21878
14360,SRRD,ENSG00000100104,10782
14361,SRRM1,ENSG00000133226,41566
14362,SRRM2,ENSG00000167978,19913
14363,SRRM3,ENSG00000177679,85393
14364,SRRM4,ENSG00000139767,181511
14365,SRRM5,ENSG00000226763,17882
14366,SRRT,ENSG00000087087,13562
14367,SRSF1,ENSG00000136450,6428
14368,SRSF10,ENSG00000188529,16581
14369,SRSF11,ENSG00000116754,47371
14370,SRSF12,ENSG00000154548,24123
14371,SRSF2,ENSG00000161547,3219
14372,SRSF3,ENSG00000112081,11559
14373,SRSF4,ENSG00000116350,34158
14374,SRSF5,ENSG00000100650,45106
14375,SRSF6,ENSG00000124193,8154
14376,SRSF7,ENSG00000115875,7896
14377,SRSF8,ENSG00000263465,4307
14378,SRSF9,ENSG00000111786,34275
14379,SRXN1,ENSG00000271303,6586
14380,SRY,ENSG00000184895,828
14381,SS18,ENSG00000141380,74965
14382,SS18L1,ENSG00000184402,38746
14383,SS18L2,ENSG00000008324,15095
14384,SSB,ENSG00000138385,20132
14385,SSBP1,ENSG00000106028,49589
14386,SSBP2,ENSG00000145687,338994
14387,SSBP3,ENSG00000157216,188048
14388,SSBP4,ENSG00000130511,15699
14389,SSC5D,ENSG00000179954,30696
14390,SSH1,ENSG00000084112,79400
14391,SSH2,ENSG00000141298,304339
14392,SSH3,ENSG00000172830,9130
14393,SSNA1,ENSG00000176101,1711
14394,SSPN,ENSG00000123096,177300
14395,SSR1,ENSG00000124783,79141
14396,SSR2,ENSG00000163479,11904
14397,SSR3,ENSG00000114850,15597
14398,SSR4,ENSG00000180879,4984
14399,SSRP1,ENSG00000149136,9907
14400,SST,ENSG00000157005,1483
14401,SSTR1,ENSG00000139874,5164
14402,SSTR2,ENSG00000180616,11624
14403,SSTR3,ENSG00000278195,8241
14404,SSTR4,ENSG00000132671,3926
14405,SSU72,ENSG00000160075,33191
14406,SSX1,ENSG00000126752,12053
14407,SSX2,ENSG00000241476,10283
14408,SSX2IP,ENSG00000117155,47098
14409,SSX3,ENSG00000165584,10281
14410,SSX4,ENSG00000268009,9832
14411,SSX4B,ENSG00000269791,9879
14412,SSX5,ENSG00000165583,10576
14413,SSX7,ENSG00000187754,10840
14414,ST13,ENSG00000100380,32105
14415,ST14,ENSG00000149418,50581
14416,ST18,ENSG00000147488,350122
14417,ST3GAL1,ENSG00000008513,117079
14418,ST3GAL2,ENSG00000157350,63261
14419,ST3GAL3,ENSG00000126091,225342
14420,ST3GAL5,ENSG00000115525,68080
14421,ST3GAL6,ENSG00000064225,88966
14422,ST6GAL1,ENSG00000073849,148229
14423,ST6GAL2,ENSG00000144057,85509
14424,ST6GALNAC1,ENSG00000070526,19026
14425,ST6GALNAC2,ENSG00000070731,21580
14426,ST6GALNAC3,ENSG00000184005,559858
14427,ST6GALNAC4,ENSG00000136840,9156
14428,ST6GALNAC5,ENSG00000117069,200067
14429,ST6GALNAC6,ENSG00000160408,20088
14430,ST7,ENSG00000004866,276939
14431,ST7L,ENSG00000007341,97312
14432,ST8SIA1,ENSG00000111728,373269
14433,ST8SIA2,ENSG00000140557,74848
14434,ST8SIA3,ENSG00000177511,19175
14435,ST8SIA4,ENSG00000113532,96350
14436,ST8SIA5,ENSG00000101638,91437
14437,ST8SIA6,ENSG00000148488,139175
14438,STAB1,ENSG00000010327,29158
14439,STAB2,ENSG00000136011,179447
14440,STAC,ENSG00000144681,167505
14441,STAC2,ENSG00000141750,15405
14442,STAC3,ENSG00000185482,7736
14443,STAG1,ENSG00000118007,416168
14444,STAG2,ENSG00000101972,462453
14445,STAG3,ENSG00000066923,36825
14446,STAM,ENSG00000136738,72674
14447,STAM2,ENSG00000115145,58963
14448,STAMBP,ENSG00000124356,44744
14449,STAMBPL1,ENSG00000138134,95420
14450,STAP1,ENSG00000035720,48611
14451,STAP2,ENSG00000178078,18744
14452,STAR,ENSG00000147465,8293
14453,STARD10,ENSG00000214530,39319
14454,STARD13,ENSG00000133121,247494
14455,STARD3,ENSG00000131748,27112
14456,STARD3NL,ENSG00000010270,52426
14457,STARD4,ENSG00000164211,16558
14458,STARD5,ENSG00000172345,15131
14459,STARD6,ENSG00000174448,33607
14460,STARD7,ENSG00000084090,23969
14461,STARD8,ENSG00000130052,78177
14462,STARD9,ENSG00000159433,145393
14463,STAT1,ENSG00000115415,112501
14464,STAT2,ENSG00000170581,18607
14465,STAT3,ENSG00000168610,75245
14466,STAT5A,ENSG00000126561,24397
14467,STAT5B,ENSG00000173757,89458
14468,STAT6,ENSG00000166888,36732
14469,STATH,ENSG00000126549,6605
14470,STAU1,ENSG00000124214,75029
14471,STAU2,ENSG00000040341,327340
14472,STBD1,ENSG00000118804,4398
14473,STC1,ENSG00000159167,12878
14474,STC2,ENSG00000113739,13725
14475,STEAP1,ENSG00000164647,10374
14476,STEAP1B,ENSG00000105889,308170
14477,STEAP2,ENSG00000157214,70548
14478,STEAP3,ENSG00000115107,41822
14479,STEAP4,ENSG00000127954,36003
14480,STH,ENSG00000256762,445
14481,STIL,ENSG00000123473,64754
14482,STIM1,ENSG00000167323,238684
14483,STIM2,ENSG00000109689,167781
14484,STIP1,ENSG00000168439,19272
14485,STK10,ENSG00000072786,146146
14486,STK11,ENSG00000118046,50874
14487,STK11IP,ENSG00000144589,18595
14488,STK16,ENSG00000115661,4883
14489,STK17A,ENSG00000164543,67956
14490,STK17B,ENSG00000081320,42921
14491,STK19,ENSG00000204344,11731
14492,STK24,ENSG00000102572,132756
14493,STK25,ENSG00000115694,17061
14494,STK3,ENSG00000104375,571600
14495,STK31,ENSG00000196335,122311
14496,STK32A,ENSG00000169302,152893
14497,STK32B,ENSG00000152953,449515
14498,STK32C,ENSG00000165752,124356
14499,STK33,ENSG00000130413,202422
14500,STK35,ENSG00000125834,75212
14501,STK36,ENSG00000163482,30648
14502,STK38,ENSG00000112079,53588
14503,STK38L,ENSG00000211455,81992
14504,STK39,ENSG00000198648,293576
14505,STK4,ENSG00000101109,117721
14506,STK40,ENSG00000196182,46301
14507,STMN1,ENSG00000117632,22811
14508,STMN2,ENSG00000104435,55042
14509,STMN3,ENSG00000197457,17978
14510,STMN4,ENSG00000015592,23113
14511,STOM,ENSG00000148175,31318
14512,STOML1,ENSG00000067221,15697
14513,STOML2,ENSG00000165283,3420
14514,STOML3,ENSG00000133115,24935
14515,STON2,ENSG00000140022,175814
14516,STOX1,ENSG00000165730,67902
14517,STOX2,ENSG00000173320,225835
14518,STRA6,ENSG00000137868,32802
14519,STRA8,ENSG00000146857,26685
14520,STRADA,ENSG00000266173,59651
14521,STRADB,ENSG00000082146,92989
14522,STRAP,ENSG00000023734,21092
14523,STRBP,ENSG00000165209,159087
14524,STRC,ENSG00000242866,19238
14525,STRN,ENSG00000115808,128839
14526,STRN3,ENSG00000196792,132603
14527,STRN4,ENSG00000090372,27484
14528,STS,ENSG00000101846,657122
14529,STT3A,ENSG00000134910,33504
14530,STT3B,ENSG00000163527,105911
14531,STUB1,ENSG00000103266,2647
14532,STX10,ENSG00000104915,6326
14533,STX11,ENSG00000135604,41453
14534,STX12,ENSG00000117758,51225
14535,STX16,ENSG00000124222,28255
14536,STX17,ENSG00000136874,67881
14537,STX18,ENSG00000168818,126605
14538,STX19,ENSG00000178750,14233
14539,STX1A,ENSG00000106089,20467
14540,STX1B,ENSG00000099365,21383
14541,STX2,ENSG00000111450,49655
14542,STX3,ENSG00000166900,92427
14543,STX4,ENSG00000103496,10087
14544,STX5,ENSG00000162236,25192
14545,STX6,ENSG00000135823,50410
14546,STX7,ENSG00000079950,67332
14547,STX8,ENSG00000170310,326121
14548,STXBP1,ENSG00000136854,116658
14549,STXBP2,ENSG00000076944,11102
14550,STXBP3,ENSG00000116266,62850
14551,STXBP4,ENSG00000166263,204906
14552,STXBP5,ENSG00000164506,186831
14553,STXBP5L,ENSG00000145087,516690
14554,STXBP6,ENSG00000168952,240694
14555,STYK1,ENSG00000060140,55396
14556,STYX,ENSG00000198252,44824
14557,STYXL1,ENSG00000127952,51667
14558,SUB1,ENSG00000113387,72875
14559,SUCLA2,ENSG00000136143,292233
14560,SUCLG1,ENSG00000163541,36518
14561,SUCLG2,ENSG00000172340,294153
14562,SUCNR1,ENSG00000198829,10977
14563,SUDS3,ENSG00000111707,41479
14564,SUFU,ENSG00000107882,129564
14565,SUGP1,ENSG00000105705,44492
14566,SUGP2,ENSG00000064607,43136
14567,SUGT1,ENSG00000165416,48201
14568,SULF1,ENSG00000137573,194292
14569,SULF2,ENSG00000196562,130420
14570,SULT1A1,ENSG00000196502,4849
14571,SULT1A2,ENSG00000197165,5108
14572,SULT1B1,ENSG00000173597,66795
14573,SULT1C2,ENSG00000198203,21277
14574,SULT1C3,ENSG00000196228,25384
14575,SULT1C4,ENSG00000198075,11079
14576,SULT1E1,ENSG00000109193,18934
14577,SULT2A1,ENSG00000105398,15849
14578,SULT2B1,ENSG00000088002,47254
14579,SULT4A1,ENSG00000130540,38005
14580,SULT6B1,ENSG00000138068,28779
14581,SUMF1,ENSG00000144455,766460
14582,SUMF2,ENSG00000129103,16669
14583,SUMO1,ENSG00000116030,32418
14584,SUMO2,ENSG00000188612,17374
14585,SUMO3,ENSG00000184900,13163
14586,SUMO4,ENSG00000177688,1017
14587,SUN1,ENSG00000164828,79821
14588,SUN2,ENSG00000100242,60854
14589,SUN3,ENSG00000164744,41972
14590,SUN5,ENSG00000167098,20661
14591,SUOX,ENSG00000139531,9462
14592,SUPT16H,ENSG00000092201,32544
14593,SUPT3H,ENSG00000196284,568637
14594,SUPT4H1,ENSG00000213246,7919
14595,SUPT5H,ENSG00000196235,40515
14596,SUPT6H,ENSG00000109111,40482
14597,SUPT7L,ENSG00000119760,13032
14598,SUPV3L1,ENSG00000156502,28866
14599,SURF1,ENSG00000148290,4919
14600,SURF2,ENSG00000148291,4609
14601,SURF4,ENSG00000148248,14717
14602,SURF6,ENSG00000148296,7413
14603,SUSD1,ENSG00000106868,134515
14604,SUSD2,ENSG00000099994,7620
14605,SUSD3,ENSG00000157303,26446
14606,SUSD4,ENSG00000143502,143415
14607,SUSD5,ENSG00000173705,68768
14608,SUV39H1,ENSG00000101945,13463
14609,SUV39H2,ENSG00000152455,25496
14610,SUZ12,ENSG00000178691,64039
14611,SV2A,ENSG00000159164,14527
14612,SV2B,ENSG00000185518,202616
14613,SV2C,ENSG00000122012,270557
14614,SVEP1,ENSG00000165124,214633
14615,SVIL,ENSG00000197321,279622
14616,SVIP,ENSG00000198168,16501
14617,SVOP,ENSG00000166111,113328
14618,SVOPL,ENSG00000157703,107078
14619,SWAP70,ENSG00000133789,88917
14620,SWI5,ENSG00000175854,40745
14621,SWSAP1,ENSG00000173928,2286
14622,SWT1,ENSG00000116668,134702
14623,SYAP1,ENSG00000169895,45729
14624,SYBU,ENSG00000147642,117814
14625,SYCE1,ENSG00000171772,15935
14626,SYCE1L,ENSG00000205078,13808
14627,SYCE2,ENSG00000161860,20508
14628,SYCE3,ENSG00000217442,11808
14629,SYCN,ENSG00000179751,1439
14630,SYCP1,ENSG00000198765,140508
14631,SYCP2,ENSG00000196074,70092
14632,SYCP2L,ENSG00000153157,92490
14633,SYCP3,ENSG00000139351,10825
14634,SYDE1,ENSG00000105137,7585
14635,SYDE2,ENSG00000097096,44836
14636,SYF2,ENSG00000117614,10227
14637,SYK,ENSG00000165025,96763
14638,SYMPK,ENSG00000125755,47816
14639,SYN1,ENSG00000008056,47957
14640,SYN2,ENSG00000157152,187645
14641,SYN3,ENSG00000185666,550562
14642,SYNC,ENSG00000162520,23691
14643,SYNCRIP,ENSG00000135316,36285
14644,SYNDIG1,ENSG00000101463,196988
14645,SYNDIG1L,ENSG00000183379,20317
14646,SYNE1,ENSG00000131018,516115
14647,SYNE2,ENSG00000054654,464535
14648,SYNGAP1,ENSG00000197283,34029
14649,SYNGR2,ENSG00000108639,4947
14650,SYNGR3,ENSG00000127561,4616
14651,SYNGR4,ENSG00000105467,12011
14652,SYNJ1,ENSG00000159082,99282
14653,SYNJ2,ENSG00000078269,117314
14654,SYNM,ENSG00000182253,37377
14655,SYNPO,ENSG00000171992,58128
14656,SYNPO2,ENSG00000172403,210560
14657,SYNPO2L,ENSG00000166317,18923
14658,SYNPR,ENSG00000163630,388610
14659,SYNRG,ENSG00000275066,94666
14660,SYP,ENSG00000102003,12404
14661,SYPL1,ENSG00000008282,22085
14662,SYPL2,ENSG00000143028,15589
14663,SYS1,ENSG00000204070,14862
14664,SYT1,ENSG00000067715,588016
14665,SYT10,ENSG00000110975,65582
14666,SYT11,ENSG00000132718,25633
14667,SYT12,ENSG00000173227,44086
14668,SYT13,ENSG00000019505,46040
14669,SYT14,ENSG00000143469,270467
14670,SYT15,ENSG00000204176,15957
14671,SYT16,ENSG00000139973,300577
14672,SYT17,ENSG00000103528,100362
14673,SYT2,ENSG00000143858,119859
14674,SYT3,ENSG00000213023,18575
14675,SYT4,ENSG00000132872,9644
14676,SYT5,ENSG00000129990,9094
14677,SYT8,ENSG00000149043,9215
14678,SYT9,ENSG00000170743,230266
14679,SYTL1,ENSG00000142765,11918
14680,SYTL2,ENSG00000137501,116936
14681,SYTL3,ENSG00000164674,114863
14682,SYTL4,ENSG00000102362,60341
14683,SYTL5,ENSG00000147041,122267
14684,SYVN1,ENSG00000162298,12753
14685,SZT2,ENSG00000198198,64366
14686,TAAR1,ENSG00000146399,15871
14687,TAAR2,ENSG00000146378,7254
14688,TAAR5,ENSG00000135569,1150
14689,TAAR6,ENSG00000146383,1038
14690,TAAR8,ENSG00000146385,1085
14691,TAAR9,ENSG00000237110,1060
14692,TAB1,ENSG00000100324,37283
14693,TAB2,ENSG00000055208,192973
14694,TAB3,ENSG00000157625,147643
14695,TAC1,ENSG00000006128,8389
14696,TAC3,ENSG00000166863,18884
14697,TAC4,ENSG00000176358,9770
14698,TACC1,ENSG00000147526,124843
14699,TACC2,ENSG00000138162,265383
14700,TACC3,ENSG00000013810,32314
14701,TACO1,ENSG00000136463,7484
14702,TACR1,ENSG00000115353,153058
14703,TACR2,ENSG00000075073,13016
14704,TACR3,ENSG00000169836,133955
14705,TACSTD2,ENSG00000184292,1820
14706,TADA1,ENSG00000152382,19755
14707,TADA2A,ENSG00000276234,72840
14708,TADA2B,ENSG00000173011,16054
14709,TADA3,ENSG00000171148,13045
14710,TAF1,ENSG00000147133,166239
14711,TAF10,ENSG00000166337,6246
14712,TAF11,ENSG00000064995,11731
14713,TAF12,ENSG00000120656,60463
14714,TAF13,ENSG00000197780,13517
14715,TAF15,ENSG00000270647,55134
14716,TAF1A,ENSG00000143498,32032
14717,TAF1B,ENSG00000115750,90974
14718,TAF1D,ENSG00000166012,54444
14719,TAF1L,ENSG00000122728,6216
14720,TAF2,ENSG00000064313,102090
14721,TAF3,ENSG00000165632,198135
14722,TAF4,ENSG00000130699,112413
14723,TAF4B,ENSG00000141384,165241
14724,TAF5,ENSG00000148835,21100
14725,TAF5L,ENSG00000135801,32989
14726,TAF6,ENSG00000106290,12966
14727,TAF6L,ENSG00000162227,15986
14728,TAF7,ENSG00000178913,60901
14729,TAF7L,ENSG00000102387,24805
14730,TAF8,ENSG00000137413,36949
14731,TAF9,ENSG00000273841,7988
14732,TAF9B,ENSG00000187325,9903
14733,TAGAP,ENSG00000164691,61356
14734,TAGLN,ENSG00000149591,8095
14735,TAGLN2,ENSG00000158710,7401
14736,TAGLN3,ENSG00000144834,15149
14737,TAL1,ENSG00000162367,15936
14738,TAL2,ENSG00000186051,668
14739,TALDO1,ENSG00000177156,17598
14740,TAMM41,ENSG00000144559,56478
14741,TANC1,ENSG00000115183,264020
14742,TANC2,ENSG00000170921,461469
14743,TANK,ENSG00000136560,99323
14744,TAOK1,ENSG00000160551,161541
14745,TAOK2,ENSG00000149930,18394
14746,TAOK3,ENSG00000135090,223107
14747,TAP1,ENSG00000168394,8608
14748,TAP2,ENSG00000204267,16907
14749,TAPBP,ENSG00000231925,14591
14750,TAPBPL,ENSG00000139192,14828
14751,TAPT1,ENSG00000169762,66906
14752,TARBP1,ENSG00000059588,87867
14753,TARBP2,ENSG00000139546,5511
14754,TARDBP,ENSG00000120948,18185
14755,TARM1,ENSG00000248385,11471
14756,TARP,ENSG00000289746,13994
14757,TARS2,ENSG00000143374,20189
14758,TAS1R1,ENSG00000173662,24449
14759,TAS1R2,ENSG00000179002,20062
14760,TAS1R3,ENSG00000169962,4035
14761,TAS2R1,ENSG00000169777,85032
14762,TAS2R10,ENSG00000121318,1140
14763,TAS2R13,ENSG00000212128,1637
14764,TAS2R14,ENSG00000212127,234166
14765,TAS2R16,ENSG00000128519,997
14766,TAS2R19,ENSG00000212124,1002
14767,TAS2R20,ENSG00000255837,2344
14768,TAS2R3,ENSG00000127362,1101
14769,TAS2R30,ENSG00000256188,1687
14770,TAS2R31,ENSG00000256436,1021
14771,TAS2R38,ENSG00000257138,1143
14772,TAS2R39,ENSG00000236398,1017
14773,TAS2R4,ENSG00000127364,5018
14774,TAS2R40,ENSG00000221937,1043
14775,TAS2R41,ENSG00000221855,924
14776,TAS2R42,ENSG00000186136,945
14777,TAS2R43,ENSG00000255374,1027
14778,TAS2R46,ENSG00000226761,930
14779,TAS2R5,ENSG00000127366,1151
14780,TAS2R50,ENSG00000212126,1000
14781,TAS2R60,ENSG00000185899,957
14782,TAS2R7,ENSG00000121377,1096
14783,TAS2R8,ENSG00000121314,1236
14784,TAS2R9,ENSG00000121381,1075
14785,TASP1,ENSG00000089123,249541
14786,TAT,ENSG00000198650,11433
14787,TATDN1,ENSG00000147687,50974
14788,TATDN2,ENSG00000157014,33196
14789,TATDN3,ENSG00000203705,25003
14790,TAX1BP1,ENSG00000106052,105234
14791,TAX1BP3,ENSG00000213977,5785
14792,TBC1D1,ENSG00000065882,248092
14793,TBC1D10A,ENSG00000099992,34958
14794,TBC1D10B,ENSG00000169221,13393
14795,TBC1D10C,ENSG00000175463,6175
14796,TBC1D12,ENSG00000108239,133792
14797,TBC1D13,ENSG00000107021,23178
14798,TBC1D14,ENSG00000132405,123877
14799,TBC1D15,ENSG00000121749,87542
14800,TBC1D16,ENSG00000167291,103530
14801,TBC1D17,ENSG00000104946,11085
14802,TBC1D19,ENSG00000109680,179787
14803,TBC1D2,ENSG00000095383,56639
14804,TBC1D20,ENSG00000125875,38971
14805,TBC1D21,ENSG00000167139,15651
14806,TBC1D22A,ENSG00000054611,413083
14807,TBC1D22B,ENSG00000065491,75199
14808,TBC1D23,ENSG00000036054,64260
14809,TBC1D24,ENSG00000162065,34621
14810,TBC1D25,ENSG00000068354,22896
14811,TBC1D26,ENSG00000214946,13916
14812,TBC1D28,ENSG00000189375,10181
14813,TBC1D2B,ENSG00000167202,93689
14814,TBC1D30,ENSG00000111490,121550
14815,TBC1D3B,ENSG00000274808,10954
14816,TBC1D3C,ENSG00000278299,10942
14817,TBC1D3P1-DHX40P1,ENSG00000267104,56691
14818,TBC1D3P5,ENSG00000290422,13934
14819,TBC1D3P5,ENSG00000266433,11764
14820,TBC1D4,ENSG00000136111,198667
14821,TBC1D5,ENSG00000131374,1287656
14822,TBC1D7,ENSG00000145979,62042
14823,TBC1D8,ENSG00000204634,245639
14824,TBC1D8B,ENSG00000133138,73478
14825,TBC1D9,ENSG00000109436,135604
14826,TBC1D9B,ENSG00000197226,45832
14827,TBCA,ENSG00000171530,177615
14828,TBCB,ENSG00000105254,11659
14829,TBCC,ENSG00000124659,1606
14830,TBCCD1,ENSG00000113838,24477
14831,TBCD,ENSG00000141556,193873
14832,TBCE,ENSG00000284770,85084
14833,TBCEL,ENSG00000154114,66705
14834,TBCK,ENSG00000145348,275085
14835,TBK1,ENSG00000183735,50025
14836,TBKBP1,ENSG00000198933,17892
14837,TBL1X,ENSG00000101849,277718
14838,TBL1XR1,ENSG00000177565,208661
14839,TBL1Y,ENSG00000092377,191285
14840,TBL2,ENSG00000106638,11255
14841,TBL3,ENSG00000183751,10877
14842,TBP,ENSG00000112592,18569
14843,TBPL2,ENSG00000182521,42517
14844,TBR1,ENSG00000136535,9574
14845,TBRG1,ENSG00000154144,13091
14846,TBRG4,ENSG00000136270,11948
14847,TBX1,ENSG00000184058,26891
14848,TBX10,ENSG00000167800,8461
14849,TBX15,ENSG00000092607,106511
14850,TBX18,ENSG00000112837,77248
14851,TBX19,ENSG00000143178,33550
14852,TBX2,ENSG00000121068,9624
14853,TBX20,ENSG00000164532,51671
14854,TBX21,ENSG00000073861,12887
14855,TBX22,ENSG00000122145,17022
14856,TBX3,ENSG00000135111,13921
14857,TBX4,ENSG00000121075,32707
14858,TBX5,ENSG00000089225,54532
14859,TBX6,ENSG00000149922,6132
14860,TBXA2R,ENSG00000006638,12369
14861,TBXAS1,ENSG00000059377,243275
14862,TC2N,ENSG00000165929,87791
14863,TCAM1P,ENSG00000240280,5749
14864,TCAM1P,ENSG00000293480,15115
14865,TCAP,ENSG00000173991,1206
14866,TCEA1,ENSG00000187735,55897
14867,TCEA2,ENSG00000171703,22512
14868,TCEA3,ENSG00000204219,43840
14869,TCEAL1,ENSG00000172465,2250
14870,TCEAL2,ENSG00000184905,14748
14871,TCEAL3,ENSG00000196507,22240
14872,TCEAL4,ENSG00000133142,11499
14873,TCEAL5,ENSG00000204065,3060
14874,TCEAL6,ENSG00000204071,2495
14875,TCEAL7,ENSG00000182916,2098
14876,TCEAL8,ENSG00000180964,2198
14877,TCEANC,ENSG00000176896,28853
14878,TCEANC2,ENSG00000116205,58936
14879,TCERG1,ENSG00000113649,64651
14880,TCERG1L,ENSG00000176769,219331
14881,TCF12,ENSG00000140262,380659
14882,TCF15,ENSG00000125878,6053
14883,TCF19,ENSG00000137310,8829
14884,TCF20,ENSG00000100207,183604
14885,TCF21,ENSG00000118526,6441
14886,TCF23,ENSG00000163792,7971
14887,TCF24,ENSG00000261787,16091
14888,TCF25,ENSG00000141002,40058
14889,TCF3,ENSG00000071564,43325
14890,TCF7,ENSG00000081059,37185
14891,TCF7L1,ENSG00000152284,176996
14892,TCF7L2,ENSG00000148737,217432
14893,TCFL5,ENSG00000101190,20818
14894,TCHH,ENSG00000159450,9128
14895,TCHHL1,ENSG00000182898,4924
14896,TCHP,ENSG00000139437,83578
14897,TCIRG1,ENSG00000110719,11871
14898,TCL1A,ENSG00000100721,4250
14899,TCL1B,ENSG00000213231,6203
14900,TCN1,ENSG00000134827,13690
14901,TCN2,ENSG00000185339,20269
14902,TCOF1,ENSG00000070814,42680
14903,TCP1,ENSG00000120438,11206
14904,TCP10L2,ENSG00000166984,24535
14905,TCP11,ENSG00000124678,30540
14906,TCP11L1,ENSG00000176148,66527
14907,TCP11L2,ENSG00000166046,45610
14908,TCTA,ENSG00000145022,4265
14909,TCTE1,ENSG00000146221,18965
14910,TCTN1,ENSG00000204852,49405
14911,TCTN2,ENSG00000168778,37290
14912,TCTN3,ENSG00000119977,34321
14913,TDG,ENSG00000139372,23053
14914,TDH,ENSG00000154316,9603
14915,TDH,ENSG00000293451,28816
14916,TDO2,ENSG00000151790,65669
14917,TDP1,ENSG00000042088,89826
14918,TDP2,ENSG00000111802,16952
14919,TDRD1,ENSG00000095627,53397
14920,TDRD10,ENSG00000163239,45929
14921,TDRD3,ENSG00000083544,177422
14922,TDRD5,ENSG00000162782,99660
14923,TDRD6,ENSG00000180113,16445
14924,TDRD7,ENSG00000196116,84030
14925,TDRD9,ENSG00000156414,124212
14926,TDRG1,ENSG00000204091,101911
14927,TDRKH,ENSG00000182134,21310
14928,TEAD1,ENSG00000187079,270317
14929,TEAD2,ENSG00000074219,21863
14930,TEAD3,ENSG00000007866,23483
14931,TEAD4,ENSG00000197905,81347
14932,TEC,ENSG00000135605,134056
14933,TECPR1,ENSG00000205356,37609
14934,TECPR2,ENSG00000196663,139537
14935,TECR,ENSG00000099797,48896
14936,TECRL,ENSG00000205678,134212
14937,TECTA,ENSG00000109927,90248
14938,TECTB,ENSG00000119913,21639
14939,TEDDM1,ENSG00000203730,2551
14940,TEF,ENSG00000167074,31994
14941,TEFM,ENSG00000172171,8903
14942,TEK,ENSG00000120156,121034
14943,TEKT1,ENSG00000167858,42629
14944,TEKT2,ENSG00000092850,4182
14945,TEKT3,ENSG00000125409,37822
14946,TEKT4,ENSG00000163060,5394
14947,TEKT5,ENSG00000153060,67430
14948,TELO2,ENSG00000100726,17114
14949,TEP1,ENSG00000129566,47835
14950,TERC,ENSG00000270141,1096
14951,TERF1,ENSG00000147601,39268
14952,TERF2,ENSG00000132604,53005
14953,TERF2IP,ENSG00000166848,114100
14954,TERT,ENSG00000164362,41922
14955,TES,ENSG00000135269,48278
14956,TESC,ENSG00000088992,60557
14957,TESK1,ENSG00000107140,4780
14958,TESK2,ENSG00000070759,147281
14959,TET1,ENSG00000138336,134151
14960,TET2,ENSG00000168769,133942
14961,TET3,ENSG00000187605,123268
14962,TEX10,ENSG00000136891,50866
14963,TEX101,ENSG00000131126,17102
14964,TEX11,ENSG00000120498,379772
14965,TEX12,ENSG00000150783,5185
14966,TEX13A,ENSG00000268629,1766
14967,TEX13B,ENSG00000170925,1507
14968,TEX14,ENSG00000121101,135378
14969,TEX15,ENSG00000133863,81465
14970,TEX19,ENSG00000182459,4529
14971,TEX2,ENSG00000136478,116034
14972,TEX21P,ENSG00000234911,28496
14973,TEX22,ENSG00000226174,51569
14974,TEX261,ENSG00000144043,26549
14975,TEX28,ENSG00000278057,24589
14976,TEX9,ENSG00000151575,202027
14977,TF,ENSG00000091513,50602
14978,TFAM,ENSG00000108064,13876
14979,TFAMP1,ENSG00000230444,736
14980,TFAP2A,ENSG00000137203,26474
14981,TFAP2B,ENSG00000008196,28897
14982,TFAP2C,ENSG00000087510,9978
14983,TFAP2D,ENSG00000008197,59508
14984,TFAP2E,ENSG00000116819,22015
14985,TFAP4,ENSG00000090447,15890
14986,TFB1M,ENSG00000029639,58360
14987,TFB2M,ENSG00000162851,25701
14988,TFCP2,ENSG00000135457,79480
14989,TFCP2L1,ENSG00000115112,68616
14990,TFDP1,ENSG00000198176,56753
14991,TFDP2,ENSG00000114126,205117
14992,TFDP3,ENSG00000183434,1693
14993,TFE3,ENSG00000068323,14685
14994,TFEB,ENSG00000112561,52282
14995,TFEC,ENSG00000105967,224749
14996,TFF1,ENSG00000160182,4254
14997,TFF2,ENSG00000160181,4641
14998,TFF3,ENSG00000160180,3743
14999,TFG,ENSG00000114354,39670
15000,TFIP11,ENSG00000100109,21281
15001,TFPI,ENSG00000003436,101531
15002,TFPI2,ENSG00000105825,5358
15003,TFPT,ENSG00000105619,8638
15004,TFR2,ENSG00000106327,22364
15005,TFRC,ENSG00000072274,69643
15006,TG,ENSG00000042832,267946
15007,TGDS,ENSG00000088451,22189
15008,TGFA,ENSG00000163235,106910
15009,TGFB1,ENSG00000105329,52336
15010,TGFB1I1,ENSG00000140682,6376
15011,TGFB2,ENSG00000092969,99284
15012,TGFB3,ENSG00000119699,24915
15013,TGFBI,ENSG00000120708,34831
15014,TGFBR1,ENSG00000106799,50155
15015,TGFBR2,ENSG00000163513,87772
15016,TGFBR3,ENSG00000069702,225993
15017,TGFBRAP1,ENSG00000135966,65345
15018,TGIF1,ENSG00000177426,48371
15019,TGIF2,ENSG00000118707,20463
15020,TGIF2LX,ENSG00000153779,976
15021,TGIF2LY,ENSG00000176679,975
15022,TGM1,ENSG00000092295,15319
15023,TGM2,ENSG00000198959,39194
15024,TGM3,ENSG00000125780,45079
15025,TGM4,ENSG00000163810,40383
15026,TGM5,ENSG00000104055,34339
15027,TGM6,ENSG00000166948,51853
15028,TGM7,ENSG00000159495,25985
15029,TGOLN2,ENSG00000152291,10225
15030,TGS1,ENSG00000137574,53000
15031,TH,ENSG00000180176,7887
15032,THADA,ENSG00000115970,365188
15033,THAP1,ENSG00000131931,6652
15034,THAP10,ENSG00000129028,11092
15035,THAP11,ENSG00000168286,1876
15036,THAP2,ENSG00000173451,16344
15037,THAP3,ENSG00000041988,10719
15038,THAP4,ENSG00000176946,52754
15039,THAP5,ENSG00000177683,15208
15040,THAP6,ENSG00000174796,36528
15041,THAP7,ENSG00000184436,3093
15042,THAP8,ENSG00000161277,19756
15043,THAP9,ENSG00000168152,19286
15044,THBD,ENSG00000178726,4040
15045,THBS1,ENSG00000137801,18388
15046,THBS2,ENSG00000186340,38271
15047,THBS3,ENSG00000169231,13464
15048,THBS4,ENSG00000113296,91977
15049,THEM4,ENSG00000159445,38772
15050,THEM5,ENSG00000196407,6612
15051,THEMIS,ENSG00000172673,210560
15052,THG1L,ENSG00000113272,10030
15053,THNSL1,ENSG00000185875,10053
15054,THOC1,ENSG00000079134,53531
15055,THOC2,ENSG00000125676,132496
15056,THOC3,ENSG00000051596,116808
15057,THOC5,ENSG00000100296,49338
15058,THOC6,ENSG00000131652,3729
15059,THOC7,ENSG00000163634,29999
15060,THOP1,ENSG00000172009,30305
15061,THPO,ENSG00000090534,10034
15062,THRA,ENSG00000126351,35578
15063,THRAP3,ENSG00000054118,80926
15064,THRB,ENSG00000151090,378604
15065,THRSP,ENSG00000151365,4491
15066,THSD1,ENSG00000136114,39207
15067,THSD4,ENSG00000187720,686432
15068,THSD7A,ENSG00000005108,461834
15069,THSD7B,ENSG00000144229,912174
15070,THTPA,ENSG00000259431,4284
15071,THUMPD1,ENSG00000066654,39269
15072,THUMPD2,ENSG00000138050,43208
15073,THUMPD3,ENSG00000134077,23821
15074,THY1,ENSG00000154096,9510
15075,THYN1,ENSG00000151500,5092
15076,TIA1,ENSG00000116001,39217
15077,TIAL1,ENSG00000151923,25228
15078,TIAM1,ENSG00000156299,441562
15079,TIAM2,ENSG00000146426,425027
15080,TIE1,ENSG00000066056,22127
15081,TIFA,ENSG00000145365,12988
15082,TIFAB,ENSG00000255833,8126
15083,TIGD1,ENSG00000221944,6675
15084,TIGD2,ENSG00000180346,3369
15085,TIGD3,ENSG00000173825,2863
15086,TIGD5,ENSG00000179886,5394
15087,TIGD6,ENSG00000164296,7537
15088,TIGD7,ENSG00000140993,6922
15089,TIGIT,ENSG00000181847,33376
15090,TIMD4,ENSG00000145850,43935
15091,TIMELESS,ENSG00000111602,33064
15092,TIMM10,ENSG00000134809,2340
15093,TIMM13,ENSG00000099800,1962
15094,TIMM17A,ENSG00000134375,15162
15095,TIMM17B,ENSG00000126768,4697
15096,TIMM21,ENSG00000075336,12009
15097,TIMM22,ENSG00000177370,6543
15098,TIMM23,ENSG00000265354,31254
15099,TIMM44,ENSG00000104980,16950
15100,TIMM50,ENSG00000105197,13374
15101,TIMM8A,ENSG00000126953,3082
15102,TIMM8B,ENSG00000150779,1999
15103,TIMM9,ENSG00000100575,19037
15104,TIMMDC1,ENSG00000113845,26544
15105,TIMP1,ENSG00000102265,4382
15106,TIMP2,ENSG00000035862,72411
15107,TIMP3,ENSG00000100234,61337
15108,TIMP4,ENSG00000157150,5845
15109,TINAG,ENSG00000137251,82284
15110,TINAGL1,ENSG00000142910,11202
15111,TINF2,ENSG00000092330,4378
15112,TIPARP,ENSG00000163659,33536
15113,TIPIN,ENSG00000075131,50556
15114,TIPRL,ENSG00000143155,23148
15115,TIRAP,ENSG00000150455,16349
15116,TJAP1,ENSG00000137221,29034
15117,TJP1,ENSG00000104067,269549
15118,TJP2,ENSG00000119139,153352
15119,TK1,ENSG00000167900,13143
15120,TK2,ENSG00000166548,44542
15121,TKT,ENSG00000163931,31341
15122,TKTL1,ENSG00000007350,34556
15123,TKTL2,ENSG00000151005,2660
15124,TLCD1,ENSG00000160606,3588
15125,TLCD2,ENSG00000185561,7562
15126,TLE1,ENSG00000196781,105865
15127,TLE2,ENSG00000065717,49997
15128,TLE3,ENSG00000140332,50387
15129,TLE4,ENSG00000106829,155110
15130,TLE6,ENSG00000104953,17642
15131,TLK1,ENSG00000198586,240492
15132,TLK2,ENSG00000146872,156824
15133,TLL1,ENSG00000038295,231221
15134,TLL2,ENSG00000095587,149319
15135,TLN1,ENSG00000137076,35248
15136,TLN2,ENSG00000171914,454106
15137,TLR1,ENSG00000174125,69263
15138,TLR10,ENSG00000174123,10753
15139,TLR2,ENSG00000137462,22211
15140,TLR3,ENSG00000164342,19163
15141,TLR4,ENSG00000136869,20561
15142,TLR5,ENSG00000187554,33889
15143,TLR6,ENSG00000174130,33921
15144,TLR7,ENSG00000196664,23290
15145,TLR8,ENSG00000101916,16550
15146,TLR9,ENSG00000239732,4566
15147,TLX1,ENSG00000107807,6490
15148,TLX1NB,ENSG00000236311,52118
15149,TLX2,ENSG00000115297,3686
15150,TLX3,ENSG00000164438,2892
15151,TM2D1,ENSG00000162604,44378
15152,TM2D2,ENSG00000169490,8017
15153,TM2D3,ENSG00000184277,30948
15154,TM4SF1,ENSG00000169908,8671
15155,TM4SF18,ENSG00000163762,15917
15156,TM4SF19,ENSG00000145107,19162
15157,TM4SF20,ENSG00000168955,19958
15158,TM4SF4,ENSG00000169903,28698
15159,TM4SF5,ENSG00000142484,11330
15160,TM6SF1,ENSG00000136404,37283
15161,TM6SF2,ENSG00000213996,9028
15162,TM7SF2,ENSG00000149809,4540
15163,TM7SF3,ENSG00000064115,42856
15164,DCSTAMP,ENSG00000164935,17603
15165,TM9SF1,ENSG00000100926,6539
15166,TM9SF2,ENSG00000125304,117738
15167,TM9SF3,ENSG00000077147,69343
15168,TM9SF4,ENSG00000101337,57545
15169,TMBIM1,ENSG00000135926,18390
15170,TMBIM4,ENSG00000155957,34182
15171,TMBIM6,ENSG00000139644,57210
15172,TMC1,ENSG00000165091,316690
15173,TMC2,ENSG00000149488,107008
15174,TMC3,ENSG00000188869,43126
15175,TMC4,ENSG00000167608,13143
15176,TMC5,ENSG00000103534,88618
15177,TMC6,ENSG00000141524,25011
15178,TMC7,ENSG00000170537,80009
15179,TMC8,ENSG00000167895,12199
15180,TMCC1,ENSG00000172765,245920
15181,TMCC2,ENSG00000133069,57687
15182,TMCC3,ENSG00000057704,83436
15183,TMCO1,ENSG00000143183,103463
15184,TMCO2,ENSG00000188800,5738
15185,TMCO3,ENSG00000150403,63570
15186,TMCO4,ENSG00000162542,117706
15187,TMCO5A,ENSG00000166069,45786
15188,TMCO6,ENSG00000113119,5974
15189,TMED1,ENSG00000099203,4252
15190,TMED10,ENSG00000170348,45144
15191,TMED10P1,ENSG00000254618,655
15192,TMED11P,ENSG00000215367,38464
15193,TMED2,ENSG00000086598,14050
15194,TMED3,ENSG00000166557,116321
15195,TMED4,ENSG00000158604,5896
15196,TMED5,ENSG00000117500,30775
15197,TMED6,ENSG00000157315,8537
15198,TMED8,ENSG00000100580,42066
15199,TMED9,ENSG00000184840,5040
15200,TMEFF2,ENSG00000144339,245891
15201,TMEM100,ENSG00000166292,12495
15202,TMEM101,ENSG00000091947,12759
15203,TMEM102,ENSG00000181284,2245
15204,TMEM104,ENSG00000109066,63255
15205,TMEM105,ENSG00000185332,19405
15206,TMEM106A,ENSG00000184988,8207
15207,TMEM106B,ENSG00000106460,32098
15208,TMEM106C,ENSG00000134291,5310
15209,TMEM107,ENSG00000179029,3943
15210,TMEM108,ENSG00000144868,359385
15211,TMEM109,ENSG00000110108,9537
15212,TMEM11,ENSG00000178307,16223
15213,EMC3,ENSG00000125037,48521
15214,TMEM114,ENSG00000232258,52907
15215,TMEM115,ENSG00000126062,4772
15216,TMEM116,ENSG00000198270,82585
15217,TMEM117,ENSG00000139173,553796
15218,TMEM119,ENSG00000183160,8470
15219,TMEM120A,ENSG00000189077,7826
15220,TMEM120B,ENSG00000188735,70250
15221,TMEM123,ENSG00000152558,74053
15222,TMEM125,ENSG00000179178,4020
15223,TMEM126A,ENSG00000171202,8581
15224,TMEM126B,ENSG00000171204,7967
15225,TMEM127,ENSG00000135956,17548
15226,TMEM128,ENSG00000132406,12682
15227,TMEM129,ENSG00000168936,5407
15228,TMEM130,ENSG00000166448,24284
15229,TMEM131,ENSG00000075568,239616
15230,TMEM132A,ENSG00000006118,12700
15231,TMEM132B,ENSG00000139364,475992
15232,TMEM132C,ENSG00000181234,440742
15233,TMEM132D,ENSG00000151952,832301
15234,TMEM132E,ENSG00000181291,59832
15235,TMEM134,ENSG00000172663,7563
15236,TMEM135,ENSG00000166575,290981
15237,TMEM138,ENSG00000149483,15927
15238,TMEM139,ENSG00000178826,8092
15239,TMEM140,ENSG00000146859,18144
15240,TMEM141,ENSG00000244187,1974
15241,TMEM143,ENSG00000161558,31704
15242,TMEM144,ENSG00000164124,53813
15243,TMEM145,ENSG00000167619,11756
15244,CATSPERD,ENSG00000174898,58098
15245,TMEM147,ENSG00000105677,1927
15246,TMEM14A,ENSG00000096092,15476
15247,TMEM14B,ENSG00000137210,104995
15248,TMEM14C,ENSG00000111843,8215
15249,TMEM150A,ENSG00000168890,4650
15250,TMEM150B,ENSG00000180061,21248
15251,TMEM150C,ENSG00000249242,79188
15252,TMEM151B,ENSG00000178233,37057
15253,TMEM154,ENSG00000170006,61385
15254,TMEM156,ENSG00000121895,66179
15255,TMEM158,ENSG00000249992,1822
15256,TMEM160,ENSG00000130748,2716
15257,TMEM161A,ENSG00000064545,19345
15258,TMEM161B,ENSG00000164180,79844
15259,TMEM163,ENSG00000152128,263242
15260,TMEM164,ENSG00000157600,181617
15261,TMEM165,ENSG00000134851,57441
15262,TMEM167A,ENSG00000174695,25018
15263,TMEM167B,ENSG00000215717,6171
15264,TMEM168,ENSG00000146802,28047
15265,TMEM169,ENSG00000163449,20918
15266,TMEM17,ENSG00000186889,11677
15267,TMEM170A,ENSG00000166822,22444
15268,TMEM170B,ENSG00000205269,45776
15269,TMEM171,ENSG00000157111,11241
15270,TMEM174,ENSG00000164325,1951
15271,TMEM175,ENSG00000127419,26270
15272,TMEM176A,ENSG00000002933,4716
15273,TMEM176B,ENSG00000106565,10076
15274,TMEM178A,ENSG00000152154,52982
15275,TMEM179,ENSG00000258986,130970
15276,TMEM179B,ENSG00000185475,2999
15277,TMEM18,ENSG00000151353,13530
15278,TMEM181,ENSG00000146433,98998
15279,TMEM182,ENSG00000170417,282996
15280,TMEM184A,ENSG00000164855,18587
15281,TMEM184B,ENSG00000198792,53720
15282,TMEM184C,ENSG00000164168,54659
15283,TMEM185A,ENSG00000269556,35357
15284,TMEM185B,ENSG00000226479,5922
15285,TMEM186,ENSG00000184857,17259
15286,TMEM187,ENSG00000177854,10441
15287,CNEP1R1,ENSG00000205423,12679
15288,TMEM19,ENSG00000139291,18966
15289,TMEM190,ENSG00000160472,1421
15290,TMEM191A,ENSG00000226287,2484
15291,TMEM191A,ENSG00000291085,3504
15292,TMEM191B,ENSG00000278558,2772
15293,TMEM192,ENSG00000170088,137942
15294,TMEM196,ENSG00000173452,54303
15295,TMEM198,ENSG00000188760,6933
15296,TMEM199,ENSG00000244045,6042
15297,TMEM200A,ENSG00000164484,77051
15298,TMEM200C,ENSG00000206432,13884
15299,TMEM201,ENSG00000188807,25967
15300,TMEM202,ENSG00000187806,10066
15301,TMEM203,ENSG00000187713,1567
15302,TMEM204,ENSG00000131634,26893
15303,TMEM205,ENSG00000105518,3743
15304,TMEM207,ENSG00000198398,21247
15305,TMEM208,ENSG00000168701,2176
15306,TMEM209,ENSG00000146842,43058
15307,TMEM212,ENSG00000186329,95367
15308,TMEM213,ENSG00000214128,40150
15309,TMEM214,ENSG00000119777,8785
15310,TMEM215,ENSG00000188133,5662
15311,TMEM216,ENSG00000187049,6474
15312,TMEM217,ENSG00000172738,45976
15313,TMEM218,ENSG00000150433,17375
15314,TMEM219,ENSG00000149932,32166
15315,SLC35G2,ENSG00000168917,37242
15316,TMEM220,ENSG00000187824,31009
15317,TMEM221,ENSG00000188051,13160
15318,TMEM222,ENSG00000186501,14256
15319,TMEM223,ENSG00000168569,20378
15320,TMEM225,ENSG00000204300,2751
15321,TMEM229A,ENSG00000234224,2147
15322,TMEM229B,ENSG00000198133,86656
15323,TMEM231,ENSG00000205084,19549
15324,TMEM232,ENSG00000186952,449724
15325,TMEM233,ENSG00000224982,49302
15326,TMEM234,ENSG00000160055,7888
15327,TMEM235,ENSG00000204278,9678
15328,TMEM236,ENSG00000148483,48668
15329,TMEM237,ENSG00000155755,23387
15330,TMEM239,ENSG00000198326,3983
15331,TMEM240,ENSG00000205090,5847
15332,TMEM241,ENSG00000134490,240818
15333,TMEM242,ENSG00000215712,34577
15334,TMEM25,ENSG00000149582,16240
15335,TMEM26,ENSG00000196932,46740
15336,TMEM30A,ENSG00000112697,32025
15337,TMEM30B,ENSG00000182107,4392
15338,TMEM31,ENSG00000179363,3124
15339,TMEM33,ENSG00000109133,25675
15340,TMEM38A,ENSG00000072954,28885
15341,TMEM38B,ENSG00000095209,82089
15342,TMEM39A,ENSG00000176142,39882
15343,TMEM39B,ENSG00000121775,30836
15344,TMEM40,ENSG00000088726,35930
15345,TMEM41A,ENSG00000163900,22562
15346,TMEM41B,ENSG00000166471,33983
15347,TMEM42,ENSG00000169964,3767
15348,TMEM43,ENSG00000170876,18666
15349,TMEM44,ENSG00000145014,46017
15350,TMEM45A,ENSG00000181458,84826
15351,TMEM45B,ENSG00000151715,44156
15352,TMEM47,ENSG00000147027,30211
15353,TMEM50A,ENSG00000183726,24045
15354,TMEM50B,ENSG00000142188,47490
15355,TMEM51,ENSG00000171729,67947
15356,TMEM52,ENSG00000178821,1690
15357,TMEM53,ENSG00000126106,39244
15358,TMEM54,ENSG00000121900,6845
15359,TMEM59,ENSG00000116209,26824
15360,TMEM59L,ENSG00000105696,13610
15361,TMEM60,ENSG00000135211,4707
15362,TMEM61,ENSG00000143001,105464
15363,TMEM62,ENSG00000137842,61866
15364,TMEM63A,ENSG00000196187,36845
15365,TMEM63B,ENSG00000137216,28606
15366,TMEM63C,ENSG00000165548,142928
15367,TMEM64,ENSG00000180694,169638
15368,TMEM65,ENSG00000164983,66513
15369,TMEM67,ENSG00000164953,64391
15370,TMEM68,ENSG00000167904,76984
15371,TMEM69,ENSG00000159596,6256
15372,TMEM70,ENSG00000175606,10347
15373,TMEM71,ENSG00000165071,75706
15374,TMEM72,ENSG00000187783,25695
15375,TMEM74,ENSG00000164841,180745
15376,TMEM74B,ENSG00000125895,4855
15377,TMEM79,ENSG00000163472,10251
15378,TMEM80,ENSG00000177042,9438
15379,TMEM81,ENSG00000174529,1332
15380,TMEM82,ENSG00000162460,5484
15381,EMC4,ENSG00000128463,5144
15382,TMEM86A,ENSG00000151117,11664
15383,TMEM86B,ENSG00000180089,2147
15384,TMEM87A,ENSG00000103978,63088
15385,TMEM87B,ENSG00000153214,64050
15386,TMEM88,ENSG00000167874,1034
15387,TMEM89,ENSG00000183396,1011
15388,TMEM8B,ENSG00000137103,51068
15389,TMEM9,ENSG00000116857,36803
15390,TMEM92,ENSG00000167105,10080
15391,EMC6,ENSG00000127774,857
15392,TMEM95,ENSG00000182896,2097
15393,TMEM97,ENSG00000109084,9486
15394,TMEM98,ENSG00000006042,17197
15395,TMEM9B,ENSG00000175348,17810
15396,TMF1,ENSG00000144747,32513
15397,TMIE,ENSG00000181585,16359
15398,TMIGD1,ENSG00000182271,17727
15399,TMIGD2,ENSG00000167664,10205
15400,TMLHE,ENSG00000185973,230088
15401,TMOD1,ENSG00000136842,100564
15402,TMOD2,ENSG00000128872,64767
15403,TMOD3,ENSG00000138594,117668
15404,TMOD4,ENSG00000163157,6299
15405,TMPO,ENSG00000120802,34791
15406,TMPPE,ENSG00000188167,6726
15407,TMPRSS11A,ENSG00000187054,54746
15408,TMPRSS11B,ENSG00000185873,19042
15409,TMPRSS11BNL,ENSG00000250026,33833
15410,TMPRSS11D,ENSG00000153802,63127
15411,TMPRSS11E,ENSG00000087128,50142
15412,TMPRSS11F,ENSG00000198092,76672
15413,TMPRSS12,ENSG00000186452,44965
15414,TMPRSS13,ENSG00000137747,28819
15415,TMPRSS15,ENSG00000154646,216764
15416,TMPRSS2,ENSG00000184012,66817
15417,TMPRSS3,ENSG00000160183,24205
15418,TMPRSS4,ENSG00000137648,48499
15419,TMPRSS5,ENSG00000166682,18827
15420,TMPRSS6,ENSG00000187045,44278
15421,TMPRSS7,ENSG00000176040,46534
15422,TMPRSS9,ENSG00000178297,66024
15423,TMSB10,ENSG00000034510,1016
15424,TMSB15A,ENSG00000158164,3058
15425,TMSB15B,ENSG00000158427,47817
15426,TMSB4X,ENSG00000205542,2118
15427,TMSB4Y,ENSG00000154620,2126
15428,TMTC1,ENSG00000133687,283920
15429,TMTC2,ENSG00000179104,447991
15430,TMTC3,ENSG00000139324,57592
15431,TMTC4,ENSG00000125247,71469
15432,TMUB1,ENSG00000164897,2409
15433,TMUB2,ENSG00000168591,4960
15434,TMX1,ENSG00000139921,17494
15435,TMX2,ENSG00000213593,30408
15436,TMX3,ENSG00000166479,41421
15437,TMX4,ENSG00000125827,42460
15438,TNC,ENSG00000041982,98633
15439,TNF,ENSG00000232810,2772
15440,TNFAIP1,ENSG00000109079,11408
15441,TNFAIP2,ENSG00000185215,15964
15442,TNFAIP3,ENSG00000118503,16101
15443,TNFAIP6,ENSG00000123610,22455
15444,TNFAIP8,ENSG00000145779,130997
15445,TNFAIP8L1,ENSG00000185361,16053
15446,TNFAIP8L2,ENSG00000163154,3101
15447,TNFAIP8L3,ENSG00000183578,48679
15448,TNFRSF10A,ENSG00000104689,34651
15449,TNFRSF10B,ENSG00000120889,48899
15450,TNFRSF10C,ENSG00000173535,14525
15451,TNFRSF10D,ENSG00000173530,28440
15452,TNFRSF11A,ENSG00000141655,66002
15453,TNFRSF11B,ENSG00000164761,28329
15454,TNFRSF12A,ENSG00000006327,3939
15455,TNFRSF13B,ENSG00000240505,42303
15456,TNFRSF13C,ENSG00000159958,4775
15457,TNFRSF14,ENSG00000157873,9744
15458,TNFRSF17,ENSG00000048462,2859
15459,TNFRSF18,ENSG00000186891,3085
15460,TNFRSF19,ENSG00000127863,105735
15461,TNFRSF1A,ENSG00000067182,13358
15462,TNFRSF1B,ENSG00000028137,42238
15463,TNFRSF21,ENSG00000146072,78374
15464,TNFRSF25,ENSG00000215788,5390
15465,TNFRSF4,ENSG00000186827,2828
15466,TNFRSF6B,ENSG00000243509,2033
15467,TNFRSF8,ENSG00000120949,80905
15468,TNFRSF9,ENSG00000049249,27295
15469,TNFSF10,ENSG00000121858,17968
15470,TNFSF11,ENSG00000120659,45278
15471,TNFSF13B,ENSG00000102524,57245
15472,TNFSF14,ENSG00000125735,12504
15473,TNFSF15,ENSG00000181634,21388
15474,TNFSF18,ENSG00000120337,11740
15475,TNFSF4,ENSG00000117586,314939
15476,TNFSF8,ENSG00000106952,37253
15477,TNFSF9,ENSG00000125657,4899
15478,TNIK,ENSG00000154310,401995
15479,TNIP2,ENSG00000168884,14695
15480,TNK2,ENSG00000061938,48582
15481,TNKS,ENSG00000173273,226435
15482,TNKS1BP1,ENSG00000149115,25315
15483,TNKS2,ENSG00000107854,67050
15484,TNMD,ENSG00000000005,14950
15485,TNN,ENSG00000120332,80243
15486,TNNC1,ENSG00000114854,2942
15487,TNNC2,ENSG00000101470,10532
15488,TNNI1,ENSG00000159173,26083
15489,TNNI2,ENSG00000130598,2700
15490,TNNI3,ENSG00000129991,6007
15491,TNNT1,ENSG00000105048,16509
15492,TNNT2,ENSG00000118194,18757
15493,TNNT3,ENSG00000130595,19004
15494,TNP1,ENSG00000118245,607
15495,TNP2,ENSG00000178279,1786
15496,TNPO1,ENSG00000083312,100422
15497,TNPO2,ENSG00000105576,24811
15498,TNPO3,ENSG00000064419,100994
15499,TNR,ENSG00000116147,428402
15500,TNRC18,ENSG00000182095,118625
15501,TNRC6A,ENSG00000090905,217424
15502,TNRC6B,ENSG00000100354,290992
15503,TNRC6C,ENSG00000078687,150120
15504,TNS1,ENSG00000079308,234395
15505,TNS3,ENSG00000136205,307405
15506,TNS4,ENSG00000131746,25796
15507,TNXB,ENSG00000168477,74182
15508,TOB2,ENSG00000183864,13310
15509,TOB2P1,ENSG00000176933,992
15510,TOE1,ENSG00000132773,3922
15511,TOLLIP,ENSG00000078902,35284
15512,TOM1,ENSG00000100284,48718
15513,TOM1L1,ENSG00000141198,62570
15514,TOM1L2,ENSG00000175662,128916
15515,TOMM20,ENSG00000173726,19497
15516,TOMM20L,ENSG00000196860,12775
15517,TOMM22,ENSG00000100216,3465
15518,TOMM34,ENSG00000025772,18268
15519,TOMM40,ENSG00000130204,13121
15520,TOMM40L,ENSG00000158882,4808
15521,TOMM5,ENSG00000175768,9959
15522,TOMM6,ENSG00000214736,2237
15523,TOMM7,ENSG00000196683,10222
15524,TONSL,ENSG00000160949,15666
15525,TOP1,ENSG00000198900,95666
15526,TOP1MT,ENSG00000184428,55596
15527,TOP2A,ENSG00000131747,29372
15528,TOP2B,ENSG00000077097,66932
15529,TOP3A,ENSG00000177302,43580
15530,TOP3B,ENSG00000100038,25789
15531,TOPBP1,ENSG00000163781,64206
15532,TOPORS,ENSG00000197579,12043
15533,TOR1A,ENSG00000136827,11303
15534,TOR1AIP1,ENSG00000143337,38036
15535,TOR1AIP2,ENSG00000169905,37837
15536,TOR1B,ENSG00000136816,8125
15537,TOR2A,ENSG00000160404,3790
15538,TOR3A,ENSG00000186283,15954
15539,TOX,ENSG00000198846,313736
15540,TOX2,ENSG00000124191,154765
15541,TOX3,ENSG00000103460,111386
15542,TOX4,ENSG00000092203,22579
15543,TP53,ENSG00000141510,25768
15544,TP53AIP1,ENSG00000120471,8669
15545,TP53BP1,ENSG00000067369,107668
15546,TP53BP2,ENSG00000143514,66062
15547,TP53I11,ENSG00000175274,65404
15548,TP53I13,ENSG00000167543,7106
15549,TP53I3,ENSG00000115129,8429
15550,TP53INP1,ENSG00000164938,23407
15551,TP53INP2,ENSG00000078804,9101
15552,TP53RK,ENSG00000172315,5080
15553,TP53TG3B,ENSG00000261509,2638
15554,TP53TG5,ENSG00000124251,35333
15555,TP63,ENSG00000073282,265888
15556,TP73,ENSG00000078900,83686
15557,TPCN1,ENSG00000186815,77536
15558,TPCN2,ENSG00000162341,87385
15559,TPD52,ENSG00000076554,196488
15560,TPD52L1,ENSG00000111907,145359
15561,TPD52L2,ENSG00000101150,26318
15562,TPD52L3,ENSG00000170777,3517
15563,TPGS1,ENSG00000141933,12158
15564,TPGS2,ENSG00000134779,51570
15565,TPH1,ENSG00000129167,28715
15566,TPH2,ENSG00000139287,247774
15567,TPI1,ENSG00000111669,3830
15568,TPI1P2,ENSG00000230359,752
15569,TPI1P2,ENSG00000293205,2017
15570,TPI1P3,ENSG00000186743,740
15571,TPK1,ENSG00000196511,384455
15572,TPM1,ENSG00000140416,29296
15573,TPM2,ENSG00000198467,8065
15574,TPM3,ENSG00000143549,39341
15575,TPM4,ENSG00000167460,35985
15576,TPMT,ENSG00000137364,26767
15577,TPO,ENSG00000115705,169646
15578,TPP1,ENSG00000166340,6681
15579,TPP2,ENSG00000134900,83001
15580,TPPP,ENSG00000171368,33491
15581,TPPP2,ENSG00000179636,12168
15582,TPPP3,ENSG00000159713,3710
15583,TPR,ENSG00000047410,64042
15584,TPRA1,ENSG00000163870,27036
15585,TPRG1,ENSG00000188001,378091
15586,TPRG1L,ENSG00000158109,5113
15587,TPRKB,ENSG00000144034,8297
15588,TPRN,ENSG00000176058,12577
15589,TPRX1,ENSG00000178928,17820
15590,TPSB2,ENSG00000197253,5486
15591,TPSD1,ENSG00000095917,2950
15592,TPSG1,ENSG00000116176,4143
15593,TPST1,ENSG00000169902,215227
15594,TPST2,ENSG00000128294,74722
15595,TPT1,ENSG00000133112,7814
15596,TPTE,ENSG00000274391,84588
15597,TPTE2,ENSG00000132958,138750
15598,TPTE2P1,ENSG00000253771,16067
15599,TPTE2P3,ENSG00000244471,83587
15600,TPX2,ENSG00000088325,62535
15601,TRA2A,ENSG00000164548,27262
15602,TRA2B,ENSG00000136527,23546
15603,TRABD,ENSG00000170638,13686
15604,TRADD,ENSG00000102871,5725
15605,TRAF1,ENSG00000056558,26781
15606,TRAF2,ENSG00000127191,44696
15607,TRAF3,ENSG00000131323,134052
15608,TRAF3IP1,ENSG00000204104,80457
15609,TRAF3IP2,ENSG00000056972,51526
15610,TRAF3IP3,ENSG00000009790,26289
15611,TRAF4,ENSG00000076604,6946
15612,TRAF5,ENSG00000082512,48332
15613,TRAF6,ENSG00000175104,26504
15614,TRAF7,ENSG00000131653,22432
15615,TRAFD1,ENSG00000135148,28067
15616,TRAIP,ENSG00000183763,27974
15617,TRAK1,ENSG00000182606,212267
15618,TRAK2,ENSG00000115993,74294
15619,TRAM1,ENSG00000067167,35199
15620,TRAM1L1,ENSG00000174599,2023
15621,TRAM2,ENSG00000065308,79653
15622,TRANK1,ENSG00000168016,118239
15623,TRAP1,ENSG00000126602,65915
15624,TRAPPC1,ENSG00000170043,1779
15625,TRAPPC10,ENSG00000160218,94244
15626,TRAPPC11,ENSG00000168538,54328
15627,TRAPPC12,ENSG00000171853,105420
15628,TRAPPC2,ENSG00000196459,22392
15629,TRAPPC2L,ENSG00000167515,6467
15630,TRAPPC3,ENSG00000054116,19484
15631,TRAPPC4,ENSG00000196655,6692
15632,TRAPPC5,ENSG00000181029,6871
15633,TRAPPC6A,ENSG00000007255,15310
15634,TRAPPC6B,ENSG00000182400,22722
15635,TRAPPC8,ENSG00000153339,123940
15636,TRAPPC9,ENSG00000167632,730855
15637,TRAT1,ENSG00000163519,32236
15638,TRDMT1,ENSG00000107614,64719
15639,TRDN,ENSG00000186439,420851
15640,TREH,ENSG00000118094,22375
15641,TREM1,ENSG00000124731,19583
15642,TREM2,ENSG00000095970,4681
15643,TREML1,ENSG00000161911,5011
15644,TREML2,ENSG00000112195,11401
15645,TREML5P,ENSG00000225690,2281
15646,TREML3P,ENSG00000184106,8314
15647,TREML4,ENSG00000188056,10544
15648,TRERF1,ENSG00000124496,227121
15649,TREX1,ENSG00000213689,1835
15650,TREX2,ENSG00000183479,26115
15651,TRH,ENSG00000170893,3248
15652,TRHDE,ENSG00000072657,583493
15653,TRHR,ENSG00000174417,34981
15654,TRIAP1,ENSG00000170855,2421
15655,TRIB1,ENSG00000173334,8046
15656,TRIB2,ENSG00000071575,25825
15657,TRIB3,ENSG00000101255,34725
15658,TRIL,ENSG00000255690,4973
15659,TRIM10,ENSG00000204613,9269
15660,TRIM11,ENSG00000154370,13163
15661,TRIM13,ENSG00000204977,24594
15662,TRIM14,ENSG00000106785,49948
15663,TRIM15,ENSG00000204610,9488
15664,TRIM16L,ENSG00000108448,13224
15665,TRIM16L,ENSG00000291110,38153
15666,TRIM17,ENSG00000162931,8927
15667,TRIM2,ENSG00000109654,187157
15668,TRIM21,ENSG00000132109,8806
15669,TRIM22,ENSG00000132274,47480
15670,TRIM23,ENSG00000113595,36286
15671,TRIM24,ENSG00000122779,129738
15672,TRIM25,ENSG00000121060,77694
15673,TRIM26,ENSG00000234127,28973
15674,TRIM27,ENSG00000204713,20987
15675,TRIM28,ENSG00000130726,6659
15676,TRIM29,ENSG00000137699,74244
15677,TRIM31,ENSG00000204616,10194
15678,TRIM33,ENSG00000197323,118414
15679,TRIM35,ENSG00000104228,26387
15680,TRIM36,ENSG00000152503,55785
15681,TRIM37,ENSG00000108395,124284
15682,TRIM38,ENSG00000112343,28430
15683,TRIM4,ENSG00000146833,42574
15684,TRIM40,ENSG00000204614,12612
15685,TRIM41,ENSG00000146063,13310
15686,TRIM42,ENSG00000155890,23087
15687,TRIM43,ENSG00000144015,7778
15688,TRIM43B,ENSG00000144010,7747
15689,TRIM44,ENSG00000166326,155233
15690,TRIM45,ENSG00000134253,11528
15691,TRIM46,ENSG00000163462,11185
15692,TRIM47,ENSG00000132481,4418
15693,TRIM48,ENSG00000150244,8960
15694,TRIM49,ENSG00000168930,10921
15695,TRIM49C,ENSG00000204449,10920
15696,TRIM5,ENSG00000132256,275425
15697,TRIM50,ENSG00000146755,15547
15698,TRIM52,ENSG00000183718,7074
15699,TRIM53AP,ENSG00000225581,6206
15700,TRIM54,ENSG00000138100,25011
15701,TRIM55,ENSG00000147573,48590
15702,TRIM56,ENSG00000169871,12487
15703,TRIM58,ENSG00000162722,22952
15704,TRIM59,ENSG00000213186,53329
15705,TRIM60,ENSG00000176979,25292
15706,TRIM61,ENSG00000183439,23223
15707,TRIM62,ENSG00000116525,36661
15708,TRIM63,ENSG00000158022,17136
15709,TRIM64C,ENSG00000214891,5399
15710,TRIM65,ENSG00000141569,16617
15711,TRIM66,ENSG00000166436,70658
15712,TRIM67,ENSG00000119283,59508
15713,TRIM68,ENSG00000167333,9560
15714,TRIM69,ENSG00000185880,38842
15715,TRIM7,ENSG00000146054,11370
15716,TRIM71,ENSG00000206557,79828
15717,TRIM72,ENSG00000177238,17419
15718,TRIM73,ENSG00000178809,15934
15719,TRIM8,ENSG00000171206,20287
15720,TRIM9,ENSG00000100505,120800
15721,TRIML1,ENSG00000184108,8303
15722,TRIML2,ENSG00000179046,18332
15723,TRIO,ENSG00000038382,388787
15724,TRIOBP,ENSG00000100106,79509
15725,TRIP10,ENSG00000125733,13606
15726,TRIP11,ENSG00000100815,74906
15727,TRIP12,ENSG00000153827,159403
15728,TRIP13,ENSG00000071539,26474
15729,TRIP4,ENSG00000103671,67556
15730,TRIP6,ENSG00000087077,6068
15731,TRIT1,ENSG00000043514,45402
15732,TRMT1,ENSG00000104907,12666
15733,TRMT11,ENSG00000066651,217339
15734,TRMT112,ENSG00000173113,1615
15735,TRMT12,ENSG00000183665,11331
15736,TRMT1L,ENSG00000121486,38972
15737,TRMT2A,ENSG00000099899,5518
15738,TRMT2B,ENSG00000188917,42771
15739,TRMT5,ENSG00000126814,9730
15740,TRMT6,ENSG00000089195,13331
15741,TRMT61A,ENSG00000166166,7878
15742,TRMT61B,ENSG00000171103,20489
15743,TRMU,ENSG00000100416,26466
15744,TRNAU1AP,ENSG00000180098,25461
15745,TRNP1,ENSG00000253368,8221
15746,TRNT1,ENSG00000072756,26503
15747,TRO,ENSG00000067445,10970
15748,TROAP,ENSG00000135451,8496
15749,TRPA1,ENSG00000104321,55668
15750,TRPC2,ENSG00000182048,20871
15751,TRPC2,ENSG00000290962,11240
15752,TRPC3,ENSG00000138741,77580
15753,TRPC4,ENSG00000133107,237740
15754,TRPC4AP,ENSG00000100991,90404
15755,TRPC5,ENSG00000072315,314766
15756,TRPC6,ENSG00000137672,420999
15757,TRPC7,ENSG00000069018,152801
15758,TRPM2,ENSG00000142185,92919
15759,TRPM3,ENSG00000083067,917918
15760,TRPM4,ENSG00000130529,54096
15761,TRPM5,ENSG00000070985,40000
15762,TRPM6,ENSG00000119121,165600
15763,TRPM7,ENSG00000092439,134325
15764,TRPM8,ENSG00000144481,102150
15765,TRPS1,ENSG00000104447,401178
15766,TRPT1,ENSG00000149743,2456
15767,TRPV1,ENSG00000196689,43968
15768,TRPV2,ENSG00000187688,21433
15769,TRPV3,ENSG00000167723,47311
15770,TRPV4,ENSG00000111199,50320
15771,TRPV5,ENSG00000127412,25646
15772,TRPV6,ENSG00000165125,14538
15773,TRUB1,ENSG00000165832,39482
15774,TRUB2,ENSG00000167112,17289
15775,TSC1,ENSG00000165699,55527
15776,TSC2,ENSG00000103197,41525
15777,TSC22D1,ENSG00000102804,145005
15778,TSC22D2,ENSG00000196428,58125
15779,TSC22D3,ENSG00000157514,64122
15780,TSC22D4,ENSG00000166925,15874
15781,TSEN15,ENSG00000198860,72328
15782,TSEN2,ENSG00000154743,57129
15783,TSEN34,ENSG00000170892,4599
15784,TSEN54,ENSG00000182173,8792
15785,TSFM,ENSG00000123297,25311
15786,TSG101,ENSG00000074319,58616
15787,TSGA10,ENSG00000135951,157704
15788,TSGA10IP,ENSG00000175513,14487
15789,TSGA13,ENSG00000213265,18790
15790,TSHB,ENSG00000134200,4477
15791,TSHR,ENSG00000165409,191318
15792,TSHZ1,ENSG00000179981,79196
15793,TSHZ2,ENSG00000182463,522973
15794,TSHZ3,ENSG00000121297,199458
15795,TSKS,ENSG00000126467,23554
15796,TSLP,ENSG00000145777,7965
15797,TSN,ENSG00000211460,30751
15798,TSNARE1,ENSG00000171045,191103
15799,TSNAX,ENSG00000116918,37984
15800,TSNAXIP1,ENSG00000102904,25384
15801,TSPAN1,ENSG00000117472,10890
15802,TSPAN10,ENSG00000182612,11584
15803,TSPAN11,ENSG00000110900,70175
15804,TSPAN12,ENSG00000106025,71083
15805,TSPAN13,ENSG00000106537,30782
15806,TSPAN14,ENSG00000108219,78860
15807,TSPAN15,ENSG00000099282,56202
15808,TSPAN16,ENSG00000130167,30858
15809,TSPAN17,ENSG00000048140,11668
15810,TSPAN18,ENSG00000157570,205959
15811,TSPAN19,ENSG00000231738,21967
15812,TSPAN2,ENSG00000134198,41493
15813,TSPAN3,ENSG00000140391,42581
15814,TSPAN31,ENSG00000135452,12207
15815,TSPAN32,ENSG00000064201,16208
15816,TSPAN33,ENSG00000158457,24993
15817,TSPAN4,ENSG00000214063,24305
15818,TSPAN5,ENSG00000168785,188245
15819,TSPAN6,ENSG00000000003,12884
15820,TSPAN7,ENSG00000156298,127379
15821,TSPAN8,ENSG00000127324,316814
15822,TSPAN9,ENSG00000011105,209210
15823,TSPEAR,ENSG00000175894,213680
15824,TSPO,ENSG00000100300,11696
15825,TSPO2,ENSG00000112212,1871
15826,TSPY1,ENSG00000258992,2795
15827,TSPY2,ENSG00000168757,2797
15828,TSPY3,ENSG00000228927,2803
15829,TSPYL1,ENSG00000189241,12171
15830,TSPYL2,ENSG00000184205,6174
15831,TSPYL4,ENSG00000187189,4112
15832,TSPYL5,ENSG00000180543,4441
15833,TSPYL6,ENSG00000178021,3052
15834,TSR1,ENSG00000167721,14262
15835,TSR2,ENSG00000158526,7629
15836,TSSC4,ENSG00000184281,3391
15837,TSSK1B,ENSG00000212122,2437
15838,TSSK3,ENSG00000162526,12792
15839,TSSK4,ENSG00000139908,2667
15840,TSSK6,ENSG00000178093,3131
15841,TST,ENSG00000128311,9325
15842,TSTD2,ENSG00000136925,33289
15843,TTBK1,ENSG00000146216,44778
15844,TTBK2,ENSG00000128881,182080
15845,TTC1,ENSG00000113312,56431
15846,TTC12,ENSG00000149292,68966
15847,TTC13,ENSG00000143643,72633
15848,TTC14,ENSG00000163728,15666
15849,TTC16,ENSG00000167094,15512
15850,TTC17,ENSG00000052841,136014
15851,TTC19,ENSG00000011295,45232
15852,TTC21A,ENSG00000168026,31224
15853,TTC21B,ENSG00000123607,96377
15854,TTC22,ENSG00000006555,21612
15855,TTC23,ENSG00000103852,114901
15856,TTC23L,ENSG00000205838,61679
15857,TTC24,ENSG00000187862,7997
15858,TTC27,ENSG00000018699,193020
15859,TTC28,ENSG00000100154,701827
15860,TTC29,ENSG00000137473,239266
15861,TTC3,ENSG00000182670,129887
15862,TTC31,ENSG00000115282,11487
15863,TTC32,ENSG00000183891,5353
15864,TTC33,ENSG00000113638,243631
15865,TTC34,ENSG00000215912,164708
15866,EMC2,ENSG00000104412,45596
15867,TTC36,ENSG00000172425,3726
15868,TTC38,ENSG00000075234,26048
15869,TTC39A,ENSG00000085831,57859
15870,TTC39B,ENSG00000155158,143739
15871,TTC39C,ENSG00000168234,143198
15872,TTC3P1,ENSG00000215105,6081
15873,TTC4,ENSG00000243725,26797
15874,TTC5,ENSG00000136319,49403
15875,TTC7A,ENSG00000068724,160269
15876,TTC7B,ENSG00000165914,291916
15877,TTC8,ENSG00000165533,56926
15878,TTC9,ENSG00000133985,33451
15879,TTC9B,ENSG00000174521,2327
15880,TTC9C,ENSG00000162222,12225
15881,TTF1,ENSG00000125482,31304
15882,TTF2,ENSG00000116830,47128
15883,TTI1,ENSG00000101407,50455
15884,TTI2,ENSG00000129696,39800
15885,TTK,ENSG00000112742,38641
15886,TTL,ENSG00000114999,59584
15887,TTLL1,ENSG00000100271,49904
15888,TTLL10,ENSG00000162571,24057
15889,TTLL11,ENSG00000175764,277933
15890,TTLL12,ENSG00000100304,20513
15891,TTLL13,ENSG00000213471,15953
15892,TTLL2,ENSG00000120440,34433
15893,TTLL3,ENSG00000214021,47053
15894,TTLL4,ENSG00000135912,44582
15895,TTLL5,ENSG00000119685,321455
15896,TTLL6,ENSG00000170703,54996
15897,TTLL7,ENSG00000137941,134127
15898,TTLL9,ENSG00000131044,74367
15899,TTN,ENSG00000155657,304814
15900,TTPA,ENSG00000137561,37501
15901,TTPAL,ENSG00000124120,18730
15902,TTR,ENSG00000118271,41825
15903,TTTY10,ENSG00000229236,110604
15904,TTTY13,ENSG00000184991,39990
15905,TTTY16,ENSG00000290323,115599
15906,TTTY18,ENSG00000233699,28318
15907,TTTY19,ENSG00000232419,812
15908,TTTY1B,ENSG00000129816,21175
15909,TTTY2,ENSG00000212855,41500
15910,TTTY20,ENSG00000232808,4953
15911,TTTY22,ENSG00000224075,49524
15912,TTTY23,ENSG00000239225,4822
15913,TTTY4,ENSG00000226906,36830
15914,TTTY5,ENSG00000215560,2079
15915,TTTY7,ENSG00000147753,17041
15916,TTTY8,ENSG00000183385,10657
15917,TTYH1,ENSG00000167614,21686
15918,TTYH2,ENSG00000141540,48450
15919,TTYH3,ENSG00000136295,32842
15920,TUB,ENSG00000166402,87000
15921,TUBA1A,ENSG00000167552,4639
15922,TUBA1B,ENSG00000123416,3616
15923,TUBA1C,ENSG00000167553,85865
15924,TUBA3C,ENSG00000198033,8053
15925,TUBA3D,ENSG00000075886,6816
15926,TUBA3E,ENSG00000152086,6695
15927,TUBA4A,ENSG00000127824,28193
15928,TUBA4B,ENSG00000243910,18955
15929,TUBA8,ENSG00000183785,36584
15930,TUBAL3,ENSG00000178462,11728
15931,TUBB,ENSG00000196230,8104
15932,TUBB1,ENSG00000101162,7226
15933,TUBB2A,ENSG00000137267,4048
15934,TUBB2B,ENSG00000137285,8407
15935,TUBB3,ENSG00000258947,17370
15936,TUBB4A,ENSG00000104833,8530
15937,TUBB4B,ENSG00000188229,2421
15938,TUBB6,ENSG00000176014,36652
15939,TUBB8,ENSG00000261456,27276
15940,TUBBP5,ENSG00000159247,2220
15941,TUBD1,ENSG00000108423,33520
15942,TUBE1,ENSG00000074935,16867
15943,TUBG1,ENSG00000131462,5598
15944,TUBG2,ENSG00000037042,7723
15945,TUBGCP2,ENSG00000130640,40189
15946,TUBGCP3,ENSG00000126216,103195
15947,TUBGCP4,ENSG00000137822,40551
15948,TUBGCP5,ENSG00000275835,56381
15949,TUBGCP6,ENSG00000128159,27335
15950,TUFM,ENSG00000178952,3938
15951,TUFT1,ENSG00000143367,43279
15952,TULP1,ENSG00000112041,15023
15953,TULP2,ENSG00000104804,17780
15954,TULP3,ENSG00000078246,63916
15955,TULP4,ENSG00000130338,279593
15956,TUSC1,ENSG00000198680,1476
15957,TUSC2,ENSG00000114383,8225
15958,TUSC3,ENSG00000104723,349435
15959,TUT1,ENSG00000149016,16593
15960,TWF1,ENSG00000151239,12606
15961,TWIST1,ENSG00000122691,96646
15962,TWIST2,ENSG00000233608,62503
15963,TWSG1,ENSG00000128791,67654
15964,TXK,ENSG00000074966,71093
15965,TXLNA,ENSG00000084652,18611
15966,TXLNB,ENSG00000164440,52916
15967,TXLNG,ENSG00000086712,58088
15968,TXN,ENSG00000136810,12698
15969,TXN2,ENSG00000100348,14595
15970,TXNDC11,ENSG00000153066,63775
15971,TXNDC12,ENSG00000117862,35642
15972,TXNDC15,ENSG00000113621,27265
15973,TXNDC16,ENSG00000087301,123076
15974,TXNDC17,ENSG00000129235,3557
15975,TXNDC2,ENSG00000168454,3510
15976,NME8,ENSG00000086288,51801
15977,TXNDC5,ENSG00000239264,29272
15978,TXNDC8,ENSG00000204193,34416
15979,TXNDC9,ENSG00000115514,21721
15980,TXNIP,ENSG00000265972,4145
15981,TXNL1,ENSG00000091164,54392
15982,TXNL4A,ENSG00000141759,63137
15983,TXNL4B,ENSG00000140830,9575
15984,TXNRD1,ENSG00000198431,134529
15985,TXNRD2,ENSG00000184470,66304
15986,TYK2,ENSG00000105397,30081
15987,TYMP,ENSG00000025708,4281
15988,TYMS,ENSG00000176890,15926
15989,TYR,ENSG00000077498,117885
15990,TYRO3,ENSG00000092445,25915
15991,TYRO3P,ENSG00000259581,2705
15992,TYROBP,ENSG00000011600,3895
15993,TYRP1,ENSG00000107165,24847
15994,TYSND1,ENSG00000156521,8720
15995,TYW1,ENSG00000198874,244342
15996,TYW1B,ENSG00000277149,269457
15997,TYW3,ENSG00000162623,33527
15998,TYW5,ENSG00000162971,26824
15999,U2AF1,ENSG00000160201,14615
16000,U2AF1L4,ENSG00000161265,2982
16001,U2AF2,ENSG00000063244,20571
16002,U2SURP,ENSG00000163714,96229
16003,UACA,ENSG00000137831,109005
16004,UAP1,ENSG00000117143,39519
16005,UAP1L1,ENSG00000197355,7023
16006,UBA1,ENSG00000130985,24268
16007,UBA2,ENSG00000126261,42900
16008,UBA3,ENSG00000144744,25679
16009,UBA5,ENSG00000081307,25349
16010,UBA52,ENSG00000221983,5821
16011,UBA6,ENSG00000033178,88504
16012,UBA7,ENSG00000182179,8745
16013,UBAC1,ENSG00000130560,28405
16014,UBAC2,ENSG00000134882,185731
16015,UBAP1,ENSG00000165006,73519
16016,UBAP1L,ENSG00000246922,22441
16017,UBAP2,ENSG00000137073,127696
16018,UBAP2L,ENSG00000143569,51332
16019,UBASH3A,ENSG00000160185,44238
16020,UBASH3B,ENSG00000154127,158752
16021,UBB,ENSG00000170315,1948
16022,UBD,ENSG00000213886,4218
16023,UBE2A,ENSG00000077721,116282
16024,UBE2B,ENSG00000119048,20925
16025,UBE2C,ENSG00000175063,4382
16026,UBE3D,ENSG00000118420,173452
16027,UBE2D1,ENSG00000072401,35773
16028,UBE2D2,ENSG00000131508,102004
16029,UBE2D3,ENSG00000109332,74514
16030,UBE2D4,ENSG00000078967,29701
16031,UBE2DNL,ENSG00000293307,806
16032,UBE2E1,ENSG00000170142,85686
16033,UBE2E2,ENSG00000182247,388775
16034,UBE2E3,ENSG00000170035,109338
16035,UBE2F,ENSG00000184182,75956
16036,UBE2G1,ENSG00000132388,97417
16037,UBE2G2,ENSG00000184787,33247
16038,UBE2H,ENSG00000186591,122229
16039,UBE2I,ENSG00000103275,35575
16040,UBE2J1,ENSG00000198833,26098
16041,UBE2J2,ENSG00000160087,19956
16042,UBE2K,ENSG00000078140,84684
16043,UBE2L3,ENSG00000185651,74588
16044,UBE2L6,ENSG00000156587,16629
16045,UBE2M,ENSG00000130725,3243
16046,UBE2MP1,ENSG00000261461,550
16047,UBE2N,ENSG00000177889,36275
16048,UBE2NL,ENSG00000276380,1185
16049,UBE2O,ENSG00000175931,63697
16050,UBE2Q1,ENSG00000160714,10452
16051,UBE2Q2,ENSG00000140367,57772
16052,UBE2Q2P1,ENSG00000189136,43920
16053,UBE2Q2P1,ENSG00000291027,63426
16054,UBE2Q2P2,ENSG00000259429,28232
16055,UBE2QL1,ENSG00000215218,47865
16056,UBE2R2,ENSG00000107341,103240
16057,UBE2S,ENSG00000108106,8044
16058,UBE2T,ENSG00000077152,10441
16059,UBE2U,ENSG00000177414,63746
16060,UBE2V2,ENSG00000169139,56294
16061,UBE2W,ENSG00000104343,98814
16062,UBE2Z,ENSG00000159202,20650
16063,UBE3A,ENSG00000114062,105324
16064,UBE3B,ENSG00000151148,59304
16065,UBE3C,ENSG00000009335,130445
16066,UBE4A,ENSG00000110344,39612
16067,UBE4B,ENSG00000130939,148408
16068,UBFD1,ENSG00000103353,16669
16069,UBIAD1,ENSG00000120942,22852
16070,UBL3,ENSG00000122042,86247
16071,UBL4A,ENSG00000102178,2899
16072,UBL4B,ENSG00000186150,1505
16073,UBL5,ENSG00000198258,2224
16074,UBL7,ENSG00000138629,15206
16075,UBLCP1,ENSG00000164332,22747
16076,UBN1,ENSG00000118900,35737
16077,UBN2,ENSG00000157741,77881
16078,UBOX5,ENSG00000185019,52624
16079,UBP1,ENSG00000153560,53036
16080,UBQLN1,ENSG00000135018,47991
16081,UBQLN2,ENSG00000188021,4242
16082,UBQLN3,ENSG00000175520,2659
16083,UBQLN4,ENSG00000160803,18500
16084,UBQLNL,ENSG00000175518,4039
16085,UBR1,ENSG00000159459,163217
16086,UBR2,ENSG00000024048,129477
16087,UBR3,ENSG00000144357,256678
16088,UBR4,ENSG00000127481,135757
16089,UBR5,ENSG00000104517,160487
16090,UBR7,ENSG00000012963,21975
16091,UBTD1,ENSG00000165886,72283
16092,UBTD2,ENSG00000168246,74119
16093,UBTF,ENSG00000108312,16594
16094,UBTFL1,ENSG00000255009,1182
16095,UBXN1,ENSG00000162191,2620
16096,UBXN10,ENSG00000162543,9955
16097,UBXN11,ENSG00000158062,37036
16098,UBXN2A,ENSG00000173960,77625
16099,UBXN2B,ENSG00000215114,40143
16100,UBXN4,ENSG00000144224,43323
16101,UBXN6,ENSG00000167671,12796
16102,UBXN7,ENSG00000163960,84772
16103,UBXN8,ENSG00000104691,37876
16104,UCA1,ENSG00000214049,8123
16105,UCHL1,ENSG00000154277,12043
16106,UCHL3,ENSG00000118939,56538
16107,UCHL5,ENSG00000116750,47831
16108,UCK1,ENSG00000130717,7464
16109,UCK2,ENSG00000143179,84005
16110,UCKL1,ENSG00000198276,16588
16111,UCMA,ENSG00000165623,12609
16112,UCN,ENSG00000163794,1046
16113,UCN2,ENSG00000145040,2064
16114,UCN3,ENSG00000178473,9727
16115,UCP1,ENSG00000109424,9531
16116,UCP2,ENSG00000175567,8783
16117,UCP3,ENSG00000175564,8809
16118,UEVLD,ENSG00000151116,59139
16119,UFC1,ENSG00000143222,6081
16120,UFL1,ENSG00000014123,33682
16121,UFM1,ENSG00000120686,13771
16122,UFSP1,ENSG00000176125,995
16123,UFSP2,ENSG00000109775,26443
16124,UGCG,ENSG00000148154,38556
16125,UGDH,ENSG00000109814,29557
16126,UGGT1,ENSG00000136731,104478
16127,UGGT2,ENSG00000102595,251903
16128,UGP2,ENSG00000169764,50611
16129,UGT1A1,ENSG00000241635,13031
16130,UGT2A3,ENSG00000135220,23342
16131,UGT2B10,ENSG00000109181,16030
16132,UGT2B11,ENSG00000213759,14798
16133,UGT2B15,ENSG00000196620,24056
16134,UGT2B17,ENSG00000197888,39241
16135,UGT2B28,ENSG00000135226,14576
16136,UGT2B4,ENSG00000156096,45850
16137,UGT2B7,ENSG00000171234,61625
16138,UGT3A1,ENSG00000145626,50023
16139,UGT3A2,ENSG00000168671,36338
16140,UGT8,ENSG00000174607,79819
16141,UHMK1,ENSG00000152332,32381
16142,UHRF1,ENSG00000276043,59075
16143,UHRF2,ENSG00000147854,93906
16144,UIMC1,ENSG00000087206,117629
16145,ULBP1,ENSG00000111981,9773
16146,ULBP2,ENSG00000131015,7222
16147,ULBP3,ENSG00000131019,8069
16148,ULK1,ENSG00000177169,28529
16149,ULK2,ENSG00000083290,97108
16150,ULK3,ENSG00000140474,7229
16151,ULK4,ENSG00000168038,715532
16152,UMOD,ENSG00000169344,23251
16153,UMODL1,ENSG00000177398,80495
16154,UMPS,ENSG00000114491,18841
16155,UNC119,ENSG00000109103,5924
16156,UNC119B,ENSG00000175970,13183
16157,UNC13A,ENSG00000130477,87030
16158,UNC13B,ENSG00000198722,243347
16159,UNC13C,ENSG00000137766,650507
16160,UNC13D,ENSG00000092929,17561
16161,UNC45A,ENSG00000140553,23914
16162,UNC45B,ENSG00000141161,41529
16163,UNC50,ENSG00000115446,9937
16164,UNC5A,ENSG00000113763,70380
16165,UNC5B,ENSG00000107731,90295
16166,UNC5C,ENSG00000182168,386703
16167,UNC5CL,ENSG00000124602,12327
16168,UNC5D,ENSG00000156687,561076
16169,UNC79,ENSG00000133958,374658
16170,UNC80,ENSG00000144406,227732
16171,UNC93A,ENSG00000112494,44846
16172,UNC93B1,ENSG00000110057,13883
16173,UNCX,ENSG00000164853,4455
16174,UNG,ENSG00000076248,29129
16175,UNK,ENSG00000132478,40994
16176,UNKL,ENSG00000059145,51547
16177,UOX,ENSG00000240520,32404
16178,UPB1,ENSG00000100024,34284
16179,UPF1,ENSG00000005007,36272
16180,UPF2,ENSG00000151461,123149
16181,UPF3A,ENSG00000169062,24217
16182,UPF3B,ENSG00000125351,18977
16183,UPK1A,ENSG00000105668,11965
16184,UPK1B,ENSG00000114638,31627
16185,UPK2,ENSG00000110375,33396
16186,UPK3A,ENSG00000100373,10926
16187,UPK3B,ENSG00000243566,5998
16188,UPP1,ENSG00000183696,20109
16189,UPP2,ENSG00000007001,259476
16190,UPRT,ENSG00000094841,148498
16191,UQCR10,ENSG00000184076,3045
16192,UQCR11,ENSG00000127540,8305
16193,UQCRBP1,ENSG00000237748,336
16194,UQCRC1,ENSG00000010256,11975
16195,UQCRC2,ENSG00000140740,30373
16196,UQCRFS1,ENSG00000169021,7832
16197,UQCRH,ENSG00000173660,13079
16198,UQCRHL,ENSG00000233954,2180
16199,UQCRQ,ENSG00000164405,2218
16200,URB1,ENSG00000142207,81995
16201,URB2,ENSG00000135763,33954
16202,URGCP,ENSG00000106608,50518
16203,URI1,ENSG00000105176,92969
16204,URM1,ENSG00000167118,20656
16205,UROC1,ENSG00000159650,36608
16206,UROD,ENSG00000126088,4626
16207,UROS,ENSG00000188690,38309
16208,USE1,ENSG00000053501,4892
16209,USF1,ENSG00000158773,6727
16210,USF2,ENSG00000105698,10860
16211,USH1C,ENSG00000006611,50522
16212,USH1G,ENSG00000182040,7174
16213,USH2A,ENSG00000042781,800558
16214,USHBP1,ENSG00000130307,33616
16215,USO1,ENSG00000138768,89710
16216,USP1,ENSG00000162607,15508
16217,USP10,ENSG00000103194,79937
16218,USP11,ENSG00000102226,15463
16219,USP12,ENSG00000152484,105656
16220,USP13,ENSG00000058056,151335
16221,USP14,ENSG00000101557,56247
16222,USP16,ENSG00000156256,29860
16223,USP17L2,ENSG00000223443,2415
16224,USP18,ENSG00000184979,27555
16225,USP19,ENSG00000172046,12893
16226,USP2,ENSG00000036672,26497
16227,USP20,ENSG00000136878,47131
16228,USP21,ENSG00000143258,6274
16229,USP22,ENSG00000124422,44165
16230,USP24,ENSG00000162402,149020
16231,USP25,ENSG00000155313,150083
16232,USP26,ENSG00000134588,73942
16233,USP27X,ENSG00000273820,3075
16234,USP28,ENSG00000048028,77699
16235,USP29,ENSG00000131864,12789
16236,USP3,ENSG00000140455,90130
16237,USP30,ENSG00000135093,64935
16238,USP31,ENSG00000103404,88047
16239,USP32,ENSG00000170832,245144
16240,USP32P1,ENSG00000188933,6385
16241,USP33,ENSG00000077254,63866
16242,USP34,ENSG00000115464,283625
16243,USP35,ENSG00000118369,26421
16244,USP36,ENSG00000055483,54061
16245,USP37,ENSG00000135913,118101
16246,USP38,ENSG00000170185,40296
16247,USP39,ENSG00000168883,46428
16248,USP4,ENSG00000114316,63569
16249,USP40,ENSG00000085982,91257
16250,USP42,ENSG00000106346,56616
16251,USP43,ENSG00000154914,84990
16252,USP44,ENSG00000136014,34917
16253,USP45,ENSG00000123552,89404
16254,USP46,ENSG00000109189,68342
16255,USP47,ENSG00000170242,120465
16256,USP48,ENSG00000090686,105309
16257,USP49,ENSG00000164663,105480
16258,USP5,ENSG00000111667,14485
16259,USP50,ENSG00000170236,52691
16260,USP51,ENSG00000247746,5233
16261,USP53,ENSG00000145390,82932
16262,USP54,ENSG00000166348,128580
16263,USP6,ENSG00000129204,59003
16264,USP6NL,ENSG00000148429,151157
16265,USP7,ENSG00000187555,83232
16266,USP8,ENSG00000138592,90042
16267,USP9X,ENSG00000124486,151135
16268,USP9Y,ENSG00000114374,323190
16269,USPL1,ENSG00000132952,43078
16270,UST,ENSG00000111962,329961
16271,UTP14A,ENSG00000156697,23641
16272,UTP14C,ENSG00000253797,8910
16273,UTP15,ENSG00000164338,17938
16274,UTP18,ENSG00000011260,37391
16275,UTP20,ENSG00000120800,106514
16276,UTP23,ENSG00000147679,82959
16277,UTP3,ENSG00000132467,2020
16278,UTP6,ENSG00000108651,40805
16279,UTRN,ENSG00000152818,567700
16280,UTS2R,ENSG00000181408,5694
16281,UVRAG,ENSG00000198382,329023
16282,UXT,ENSG00000126756,7385
16283,VAC14,ENSG00000103043,113722
16284,VAMP1,ENSG00000139190,8441
16285,VAMP2,ENSG00000220205,4398
16286,VAMP3,ENSG00000049245,10137
16287,VAMP4,ENSG00000117533,41915
16288,VAMP5,ENSG00000168899,8976
16289,VAMP7,ENSG00000124333,62425
16290,VAMP7,ENSG00000292366,62425
16291,VAMP8,ENSG00000118640,20470
16292,VANGL1,ENSG00000173218,56255
16293,VANGL2,ENSG00000162738,28115
16294,VAPA,ENSG00000101558,46006
16295,VAPB,ENSG00000124164,61873
16296,VARS2,ENSG00000137411,12255
16297,VASH1,ENSG00000071246,21548
16298,VASH2,ENSG00000143494,41518
16299,VASN,ENSG00000168140,11691
16300,VASP,ENSG00000125753,20411
16301,VAT1,ENSG00000108828,10517
16302,VAT1L,ENSG00000171724,191544
16303,VAV1,ENSG00000141968,84659
16304,VAV2,ENSG00000160293,230711
16305,VAV3,ENSG00000134215,394020
16306,VAX1,ENSG00000148704,9781
16307,VAX2,ENSG00000116035,64798
16308,VBP1,ENSG00000155959,42835
16309,VCAM1,ENSG00000162692,19304
16310,VCAN,ENSG00000038427,110686
16311,VCL,ENSG00000035403,126171
16312,VCP,ENSG00000165280,18741
16313,VCPIP1,ENSG00000175073,38745
16314,VCX,ENSG00000182583,1882
16315,VCX2,ENSG00000177504,1324
16316,VCX3A,ENSG00000169059,1501
16317,VCX3B,ENSG00000205642,1681
16318,VCY1B,ENSG00000129862,732
16319,VDAC1,ENSG00000213585,33105
16320,VDAC2,ENSG00000165637,21295
16321,VDAC3,ENSG00000078668,14314
16322,VDR,ENSG00000111424,101512
16323,VEGFA,ENSG00000112715,16304
16324,VEGFB,ENSG00000173511,4681
16325,VEGFC,ENSG00000150630,109385
16326,VENTX,ENSG00000151650,4074
16327,VENTXP1,ENSG00000259849,656
16328,VENTXP1,ENSG00000293226,322783
16329,VEPH1,ENSG00000197415,273878
16330,VEZF1,ENSG00000136451,16713
16331,VEZT,ENSG00000028203,85054
16332,VGF,ENSG00000128564,3061
16333,VGLL1,ENSG00000102243,24593
16334,VGLL2,ENSG00000170162,8008
16335,VGLL3,ENSG00000206538,114762
16336,VGLL4,ENSG00000144560,215282
16337,VHL,ENSG00000134086,11899
16338,VHLL,ENSG00000189030,684
16339,VIL1,ENSG00000127831,34175
16340,VILL,ENSG00000136059,19130
16341,VIM,ENSG00000026025,9353
16342,VIP,ENSG00000146469,8969
16343,VIPR1,ENSG00000114812,48275
16344,VIPR2,ENSG00000106018,116693
16345,VIT,ENSG00000205221,118105
16346,VKORC1,ENSG00000167397,5139
16347,VKORC1L1,ENSG00000196715,86490
16348,VLDLR,ENSG00000147852,38875
16349,VMA21,ENSG00000160131,12850
16350,VMAC,ENSG00000187650,5982
16351,VMO1,ENSG00000182853,1149
16352,VMP1,ENSG00000062716,135064
16353,VN1R1,ENSG00000178201,2351
16354,VN1R2,ENSG00000196131,3546
16355,VN1R4,ENSG00000228567,1048
16356,VN1R5,ENSG00000197617,1239
16357,VNN1,ENSG00000112299,33207
16358,VNN2,ENSG00000112303,19590
16359,VOPP1,ENSG00000154978,136933
16360,VPREB1,ENSG00000169575,736
16361,VPREB3,ENSG00000128218,1683
16362,VPS11,ENSG00000160695,14155
16363,VPS13A,ENSG00000197969,244093
16364,VPS13B,ENSG00000132549,864315
16365,VPS13C,ENSG00000129003,208085
16366,VPS13D,ENSG00000048707,282018
16367,VPS16,ENSG00000215305,26030
16368,VPS18,ENSG00000104142,9526
16369,VPS25,ENSG00000131475,6151
16370,VPS26A,ENSG00000122958,50901
16371,VPS26B,ENSG00000151502,23118
16372,VPS28,ENSG00000160948,4963
16373,VPS29,ENSG00000111237,11029
16374,VPS33A,ENSG00000139719,36939
16375,VPS33B,ENSG00000184056,23931
16376,VPS35,ENSG00000069329,33387
16377,VPS36,ENSG00000136100,38033
16378,VPS37A,ENSG00000155975,55497
16379,VPS37B,ENSG00000139722,30798
16380,VPS37C,ENSG00000167987,31359
16381,VPS37D,ENSG00000176428,4282
16382,VPS39,ENSG00000166887,49607
16383,VPS41,ENSG00000006715,209421
16384,VPS45,ENSG00000136631,78051
16385,VPS4A,ENSG00000132612,15604
16386,VPS4B,ENSG00000119541,33294
16387,VPS52,ENSG00000223501,21776
16388,VPS53,ENSG00000141252,213215
16389,VPS54,ENSG00000143952,127283
16390,VPS72,ENSG00000163159,19018
16391,VPS8,ENSG00000156931,240472
16392,VRK1,ENSG00000100749,157543
16393,VRK2,ENSG00000028116,252292
16394,VRK3,ENSG00000105053,49479
16395,VRTN,ENSG00000133980,56940
16396,VSIG1,ENSG00000101842,34215
16397,VSIG10,ENSG00000176834,72434
16398,VSIG10L,ENSG00000186806,10604
16399,VSIG2,ENSG00000019102,4782
16400,VSIG4,ENSG00000155659,18388
16401,VSIG8,ENSG00000243284,8342
16402,VSNL1,ENSG00000163032,117893
16403,VSTM1,ENSG00000189068,23129
16404,VSTM2A,ENSG00000170419,28756
16405,VSTM2B,ENSG00000187135,38558
16406,VSTM2L,ENSG00000132821,42240
16407,VSTM4,ENSG00000165633,101287
16408,VSTM5,ENSG00000214376,32387
16409,VSX1,ENSG00000100987,11257
16410,VSX2,ENSG00000119614,23290
16411,VTA1,ENSG00000009844,77524
16412,VTCN1,ENSG00000134258,67374
16413,VTI1A,ENSG00000151532,371747
16414,VTI1B,ENSG00000100568,27736
16415,VTN,ENSG00000109072,5808
16416,VWA1,ENSG00000179403,8022
16417,VWA2,ENSG00000165816,55236
16418,VWA3A,ENSG00000175267,64427
16419,VWA3B,ENSG00000168658,226184
16420,VWA5A,ENSG00000110002,32318
16421,VWA5B1,ENSG00000158816,68644
16422,VWA5B2,ENSG00000145198,12745
16423,VWA7,ENSG00000204396,11739
16424,VWC2,ENSG00000188730,148313
16425,VWC2L,ENSG00000174453,167923
16426,VWCE,ENSG00000167992,37031
16427,VWDE,ENSG00000146530,73057
16428,VWF,ENSG00000110799,175894
16429,WAC,ENSG00000095787,90620
16430,WARS2,ENSG00000116874,109439
16431,WAS,ENSG00000015285,14836
16432,WASF1,ENSG00000112290,80186
16433,WASF2,ENSG00000158195,85938
16434,WASF3,ENSG00000132970,131266
16435,WASH3P,ENSG00000185596,10192
16436,WASH5P,ENSG00000282458,173
16437,WASH5P,ENSG00000292982,11384
16438,WASL,ENSG00000106299,67061
16439,WBP1,ENSG00000239779,2492
16440,WBP11,ENSG00000084463,18905
16441,WBP11P1,ENSG00000293029,2972
16442,WBP11P1,ENSG00000260389,1931
16443,WBP2,ENSG00000132471,10809
16444,WBP2NL,ENSG00000183066,59732
16445,WBP4,ENSG00000120688,22498
16446,WDFY1,ENSG00000085449,89642
16447,WDFY2,ENSG00000139668,183255
16448,WDFY3,ENSG00000163625,297926
16449,WDFY4,ENSG00000128815,298084
16450,WDHD1,ENSG00000198554,88157
16451,WDPCP,ENSG00000143951,708285
16452,WDR1,ENSG00000071127,48884
16453,WDR11,ENSG00000120008,58220
16454,WDR12,ENSG00000138442,140538
16455,WDR13,ENSG00000101940,18828
16456,WDR17,ENSG00000150627,116978
16457,WDR18,ENSG00000065268,14107
16458,WDR19,ENSG00000157796,103307
16459,WDR20,ENSG00000140153,85345
16460,WDR24,ENSG00000127580,5823
16461,WDR25,ENSG00000176473,153886
16462,WDR26,ENSG00000162923,51888
16463,WDR27,ENSG00000184465,244856
16464,WDR3,ENSG00000065183,36824
16465,WDR31,ENSG00000148225,27077
16466,WDR33,ENSG00000136709,110161
16467,WDR35,ENSG00000118965,79843
16468,WDR36,ENSG00000134987,38182
16469,WDR37,ENSG00000047056,111454
16470,WDR38,ENSG00000136918,4474
16471,WDR4,ENSG00000160193,36475
16472,WDR41,ENSG00000164253,194642
16473,WDR43,ENSG00000163811,53553
16474,WDR44,ENSG00000131725,103889
16475,WDR45,ENSG00000196998,26738
16476,WDR46,ENSG00000227057,10140
16477,WDR47,ENSG00000085433,71900
16478,WDR48,ENSG00000114742,44659
16479,WDR49,ENSG00000174776,175300
16480,WDR5,ENSG00000196363,24604
16481,WDR53,ENSG00000185798,14498
16482,WDR54,ENSG00000005448,4078
16483,WDR55,ENSG00000120314,9257
16484,WDR59,ENSG00000103091,128812
16485,WDR5B,ENSG00000196981,4217
16486,WDR6,ENSG00000178252,8892
16487,WDR62,ENSG00000075702,50460
16488,WDR64,ENSG00000162843,150500
16489,WDR7,ENSG00000091157,378469
16490,WDR70,ENSG00000082068,374151
16491,WDR72,ENSG00000166415,249138
16492,WDR73,ENSG00000177082,15059
16493,WDR74,ENSG00000133316,9468
16494,WDR75,ENSG00000115368,34107
16495,WDR76,ENSG00000092470,41433
16496,WDR77,ENSG00000116455,9367
16497,WDR81,ENSG00000167716,22077
16498,WDR82,ENSG00000164091,33587
16499,WDR83,ENSG00000123154,9031
16500,WDR83OS,ENSG00000105583,1343
16501,WDR86,ENSG00000187260,34819
16502,WDR87,ENSG00000171804,21855
16503,WDR88,ENSG00000166359,43710
16504,WDR89,ENSG00000140006,44833
16505,WDR90,ENSG00000161996,18523
16506,WDR91,ENSG00000105875,27717
16507,WDR93,ENSG00000140527,52828
16508,WDSUB1,ENSG00000196151,50906
16509,WDTC1,ENSG00000142784,74005
16510,WEE1,ENSG00000166483,19788
16511,WEE2,ENSG00000214102,22919
16512,WFDC1,ENSG00000103175,34999
16513,WFDC10A,ENSG00000180305,1458
16514,WFDC10B,ENSG00000182931,20369
16515,WFDC11,ENSG00000180083,21708
16516,WFDC12,ENSG00000168703,1041
16517,WFDC13,ENSG00000168634,6780
16518,WFDC2,ENSG00000101443,11780
16519,WFDC3,ENSG00000124116,43989
16520,WFDC5,ENSG00000175121,5723
16521,WFDC8,ENSG00000158901,28174
16522,WFDC9,ENSG00000180205,23346
16523,WFIKKN1,ENSG00000127578,4879
16524,WFIKKN2,ENSG00000173714,7704
16525,WFS1,ENSG00000109501,33417
16526,WHAMM,ENSG00000156232,26481
16527,WHAMMP2,ENSG00000248334,17287
16528,WIF1,ENSG00000156076,70680
16529,WIPF1,ENSG00000115935,123345
16530,WIPF2,ENSG00000171475,64833
16531,WIPF3,ENSG00000122574,110576
16532,WIPI1,ENSG00000070540,36566
16533,WIPI2,ENSG00000157954,43645
16534,WIZ,ENSG00000011451,29979
16535,WLS,ENSG00000116729,134648
16536,WNK1,ENSG00000060237,158874
16537,WNK2,ENSG00000165238,136451
16538,WNK3,ENSG00000196632,165820
16539,WNK4,ENSG00000126562,16457
16540,WNT1,ENSG00000125084,4299
16541,WNT10A,ENSG00000135925,18730
16542,WNT10B,ENSG00000169884,6396
16543,WNT11,ENSG00000085741,24412
16544,WNT16,ENSG00000002745,15738
16545,WNT2,ENSG00000105989,47702
16546,WNT2B,ENSG00000134245,63625
16547,WNT3,ENSG00000108379,70649
16548,WNT3A,ENSG00000154342,54274
16549,WNT4,ENSG00000162552,26657
16550,WNT5A,ENSG00000114251,24825
16551,WNT5B,ENSG00000111186,117322
16552,WNT6,ENSG00000115596,14429
16553,WNT7A,ENSG00000154764,63814
16554,WNT7B,ENSG00000188064,56797
16555,WNT8A,ENSG00000061492,8376
16556,WNT8B,ENSG00000075290,20736
16557,WNT9A,ENSG00000143816,29277
16558,WNT9B,ENSG00000158955,53530
16559,WRAP53,ENSG00000141499,17432
16560,WRAP73,ENSG00000116213,21995
16561,WRN,ENSG00000165392,142351
16562,WRNIP1,ENSG00000124535,21560
16563,WSB1,ENSG00000109046,21851
16564,WSB2,ENSG00000176871,29744
16565,WSCD1,ENSG00000179314,66621
16566,WSCD2,ENSG00000075035,121250
16567,WT1,ENSG00000184937,47790
16568,WTAP,ENSG00000146457,30735
16569,WTIP,ENSG00000142279,30547
16570,WWC1,ENSG00000113645,180659
16571,WWC2,ENSG00000151718,221521
16572,WWC3,ENSG00000047644,129221
16573,WWOX,ENSG00000186153,1113268
16574,WWP1,ENSG00000123124,135874
16575,WWP2,ENSG00000198373,179414
16576,WWTR1,ENSG00000018408,219480
16577,XAB2,ENSG00000076924,10021
16578,XAF1,ENSG00000132530,20201
16579,XAGE2,ENSG00000155622,6660
16580,XAGE3,ENSG00000171402,5559
16581,XAGE5,ENSG00000171405,7015
16582,XBP1,ENSG00000100219,6043
16583,XCL2,ENSG00000143185,3230
16584,XCR1,ENSG00000173578,68836
16585,XDH,ENSG00000158125,80422
16586,XG,ENSG00000124343,64461
16587,XIAP,ENSG00000101966,54261
16588,XIRP1,ENSG00000168334,9387
16589,XIRP2,ENSG00000163092,371274
16590,XIST,ENSG00000229807,32075
16591,XK,ENSG00000047597,46340
16592,XKR3,ENSG00000172967,42000
16593,XKR4,ENSG00000206579,440027
16594,XKR5,ENSG00000275591,27008
16595,XKR6,ENSG00000171044,305789
16596,XKR7,ENSG00000260903,35237
16597,XKR8,ENSG00000158156,8506
16598,XKR9,ENSG00000221947,121033
16599,XKRX,ENSG00000182489,15989
16600,XPA,ENSG00000136936,22432
16601,XPC,ENSG00000154767,33477
16602,XPNPEP1,ENSG00000108039,58788
16603,XPNPEP2,ENSG00000122121,30588
16604,XPNPEP3,ENSG00000196236,75739
16605,XPO1,ENSG00000082898,62710
16606,XPO4,ENSG00000132953,125720
16607,XPO5,ENSG00000124571,53705
16608,XPO6,ENSG00000169180,113990
16609,XPO7,ENSG00000130227,86924
16610,XPOT,ENSG00000184575,46734
16611,XPR1,ENSG00000143324,258258
16612,XRCC1,ENSG00000073050,37163
16613,XRCC2,ENSG00000196584,31418
16614,XRCC3,ENSG00000126215,17896
16615,XRCC4,ENSG00000152422,276290
16616,XRCC5,ENSG00000079246,98840
16617,XRCC6,ENSG00000196419,42886
16618,XRN1,ENSG00000114127,141456
16619,XRN2,ENSG00000088930,86495
16620,XRRA1,ENSG00000166435,141462
16621,XXYLT1,ENSG00000173950,202876
16622,XYLB,ENSG00000093217,74589
16623,XYLT1,ENSG00000103489,369192
16624,XYLT2,ENSG00000015532,17013
16625,YAF2,ENSG00000015153,81246
16626,YAP1,ENSG00000137693,122978
16627,YARS2,ENSG00000139131,28408
16628,YBEY,ENSG00000182362,11410
16629,YBX1,ENSG00000065978,21388
16630,YBX2,ENSG00000006047,6377
16631,YDJC,ENSG00000161179,1976
16632,YEATS2,ENSG00000163872,114828
16633,YEATS4,ENSG00000127337,31161
16634,YES1,ENSG00000176105,90959
16635,YIF1A,ENSG00000174851,4613
16636,YIF1B,ENSG00000167645,13716
16637,YIPF1,ENSG00000058799,38080
16638,YIPF2,ENSG00000130733,6497
16639,YIPF3,ENSG00000137207,5154
16640,YIPF4,ENSG00000119820,38691
16641,YIPF5,ENSG00000145817,12553
16642,YIPF6,ENSG00000181704,38721
16643,YIPF7,ENSG00000177752,56469
16644,YJEFN3,ENSG00000250067,8721
16645,YKT6,ENSG00000106636,13336
16646,YLPM1,ENSG00000119596,96120
16647,YME1L1,ENSG00000136758,45179
16648,YOD1,ENSG00000180667,9132
16649,YPEL1,ENSG00000100027,38259
16650,YPEL2,ENSG00000175155,70075
16651,YPEL3,ENSG00000090238,4602
16652,YPEL4,ENSG00000166793,4858
16653,YPEL5,ENSG00000119801,13597
16654,YRDC,ENSG00000196449,5264
16655,MAP3K19,ENSG00000176601,82984
16656,YTHDC1,ENSG00000083896,39704
16657,YTHDC2,ENSG00000047188,81592
16658,YTHDF1,ENSG00000149658,20711
16659,YTHDF2,ENSG00000198492,33155
16660,YTHDF3,ENSG00000185728,44234
16661,YWHAB,ENSG00000166913,22831
16662,YWHAE,ENSG00000108953,55948
16663,YWHAG,ENSG00000170027,32193
16664,YWHAH,ENSG00000128245,13082
16665,YWHAQ,ENSG00000134308,47031
16666,YWHAZ,ENSG00000164924,36866
16667,YY1,ENSG00000100811,44491
16668,YY2,ENSG00000230797,2754
16669,ZACN,ENSG00000186919,11706
16670,ZAN,ENSG00000146839,64203
16671,ZAP70,ENSG00000115085,30752
16672,ZAR1,ENSG00000182223,4138
16673,ZAR1L,ENSG00000189167,11665
16674,ZBBX,ENSG00000169064,168032
16675,ZBED1,ENSG00000214717,14563
16676,ZBED1,ENSG00000292345,14563
16677,ZBED2,ENSG00000177494,2447
16678,ZBED3,ENSG00000132846,15214
16679,ZBED4,ENSG00000100426,43540
16680,ZBED5,ENSG00000236287,46723
16681,ZBED6,ENSG00000257315,58502
16682,ZBP1,ENSG00000124256,16731
16683,ZBTB1,ENSG00000126804,29979
16684,ZBTB10,ENSG00000205189,40647
16685,ZBTB11,ENSG00000066422,28247
16686,ZBTB16,ENSG00000109906,197725
16687,ZBTB17,ENSG00000116809,34264
16688,ZBTB2,ENSG00000181472,27445
16689,ZBTB20,ENSG00000181722,832793
16690,ZBTB22,ENSG00000236104,3537
16691,ZBTB24,ENSG00000112365,22608
16692,ZBTB25,ENSG00000089775,56108
16693,ZBTB32,ENSG00000011590,12481
16694,ZBTB33,ENSG00000177485,7647
16695,ZBTB37,ENSG00000185278,35466
16696,ZBTB38,ENSG00000177311,125580
16697,ZBTB4,ENSG00000174282,24898
16698,ZBTB40,ENSG00000184677,102320
16699,ZBTB41,ENSG00000177888,47612
16700,ZBTB43,ENSG00000169155,33205
16701,ZBTB44,ENSG00000196323,88241
16702,ZBTB45,ENSG00000119574,25382
16703,ZBTB46,ENSG00000130584,88371
16704,ZBTB47,ENSG00000114853,13884
16705,ZBTB48,ENSG00000204859,9287
16706,ZBTB49,ENSG00000168826,31536
16707,ZBTB5,ENSG00000168795,27349
16708,ZBTB6,ENSG00000186130,5268
16709,ZBTB7A,ENSG00000178951,23597
16710,ZBTB7C,ENSG00000184828,384081
16711,ZBTB8A,ENSG00000160062,66515
16712,ZBTB8B,ENSG00000273274,31615
16713,ZBTB8OS,ENSG00000176261,50732
16714,ZBTB9,ENSG00000213588,3575
16715,ZC3H10,ENSG00000135482,9255
16716,ZC3H11A,ENSG00000058673,59377
16717,ZC3H12A,ENSG00000163874,9798
16718,ZC3H12B,ENSG00000102053,473100
16719,ZC3H12C,ENSG00000149289,78450
16720,ZC3H12D,ENSG00000178199,38220
16721,ZC3H13,ENSG00000123200,98295
16722,ZC3H14,ENSG00000100722,64627
16723,ZC3H15,ENSG00000065548,25677
16724,ZC3H18,ENSG00000158545,61562
16725,ZC3H3,ENSG00000014164,103789
16726,ZC3H4,ENSG00000130749,49590
16727,ZC3H6,ENSG00000188177,64463
16728,ZC3H7A,ENSG00000122299,46673
16729,ZC3H7B,ENSG00000100403,58623
16730,ZC3H8,ENSG00000144161,43608
16731,ZC3HAV1,ENSG00000105939,88608
16732,ZC3HAV1L,ENSG00000146858,10337
16733,ZC3HC1,ENSG00000091732,33115
16734,ZC4H2,ENSG00000126970,118912
16735,ZCCHC10,ENSG00000155329,29620
16736,ZCCHC12,ENSG00000174460,3145
16737,ZCCHC13,ENSG00000187969,855
16738,ZCCHC14,ENSG00000140948,86779
16739,ZCCHC17,ENSG00000121766,67972
16740,ZCCHC18,ENSG00000166707,3712
16741,ZCCHC2,ENSG00000141664,64685
16742,ZCCHC24,ENSG00000165424,63300
16743,ZCCHC3,ENSG00000247315,2752
16744,ZCCHC4,ENSG00000168228,57610
16745,ZCCHC7,ENSG00000147905,237576
16746,ZCCHC8,ENSG00000033030,29333
16747,ZCCHC9,ENSG00000131732,11711
16748,ZCRB1,ENSG00000139168,14172
16749,ZCWPW1,ENSG00000078487,28167
16750,ZCWPW2,ENSG00000206559,189402
16751,ZDBF2,ENSG00000204186,39765
16752,ZDHHC1,ENSG00000159714,22682
16753,ZDHHC11,ENSG00000188818,63369
16754,ZDHHC12,ENSG00000160446,3258
16755,ZDHHC13,ENSG00000177054,59324
16756,ZDHHC14,ENSG00000175048,297025
16757,ZDHHC15,ENSG00000102383,155076
16758,ZDHHC16,ENSG00000171307,11201
16759,ZDHHC17,ENSG00000186908,89594
16760,ZDHHC18,ENSG00000204160,30917
16761,ZDHHC19,ENSG00000163958,13986
16762,ZDHHC2,ENSG00000104219,68318
16763,ZDHHC20,ENSG00000180776,110587
16764,ZDHHC21,ENSG00000175893,106667
16765,ZDHHC22,ENSG00000177108,11465
16766,ZDHHC23,ENSG00000184307,17501
16767,ZDHHC24,ENSG00000174165,25599
16768,ZDHHC3,ENSG00000163812,60929
16769,ZDHHC4,ENSG00000136247,11941
16770,ZDHHC5,ENSG00000156599,33436
16771,ZDHHC6,ENSG00000023041,23145
16772,ZDHHC7,ENSG00000153786,37361
16773,ZDHHC8,ENSG00000099904,18552
16774,ZDHHC9,ENSG00000188706,40622
16775,ZEB1,ENSG00000148516,211320
16776,ZEB2,ENSG00000169554,156694
16777,ZER1,ENSG00000160445,42629
16778,ZFAND1,ENSG00000104231,31570
16779,ZFAND2A,ENSG00000178381,8857
16780,ZFAND2B,ENSG00000158552,14415
16781,ZFAND3,ENSG00000156639,334898
16782,ZFAND4,ENSG00000172671,57281
16783,ZFAND5,ENSG00000107372,13823
16784,ZFAND6,ENSG00000086666,80725
16785,ZFAT,ENSG00000066827,235262
16786,ZFC3H1,ENSG00000133858,58127
16787,ZFHX2,ENSG00000136367,35336
16788,ZFHX3,ENSG00000140836,1108987
16789,ZFHX4,ENSG00000091656,186043
16790,ZFP1,ENSG00000184517,23743
16791,ZFP14,ENSG00000142065,44749
16792,ZFP2,ENSG00000198939,37315
16793,ZFP28,ENSG00000196867,17861
16794,ZFP3,ENSG00000180787,17908
16795,ZFP30,ENSG00000120784,78589
16796,ZFP36,ENSG00000128016,2561
16797,ZFP36L2,ENSG00000152518,4205
16798,ZFP37,ENSG00000136866,18383
16799,ZFP41,ENSG00000181638,15885
16800,ZFP42,ENSG00000179059,9276
16801,ZFP57,ENSG00000204644,8673
16802,ZFP62,ENSG00000196670,13675
16803,ZFP64,ENSG00000020256,152646
16804,ZFP82,ENSG00000181007,35525
16805,ZFP90,ENSG00000184939,45983
16806,ZFP91,ENSG00000186660,42488
16807,ZFP92,ENSG00000189420,15010
16808,ZFPL1,ENSG00000162300,4189
16809,ZFPM1,ENSG00000179588,83752
16810,ZFPM2,ENSG00000169946,1213807
16811,ZFR,ENSG00000056097,90391
16812,ZFR2,ENSG00000105278,65015
16813,ZFX,ENSG00000005889,67083
16814,ZFY,ENSG00000067646,47226
16815,ZFYVE1,ENSG00000165861,57681
16816,ZFYVE16,ENSG00000039319,75367
16817,ZFYVE19,ENSG00000166140,7999
16818,ZFYVE21,ENSG00000100711,17939
16819,ZFYVE26,ENSG00000072121,89217
16820,ZFYVE27,ENSG00000155256,23787
16821,ZFYVE28,ENSG00000159733,149070
16822,ZFYVE9,ENSG00000157077,206583
16823,ZG16,ENSG00000174992,4718
16824,ZG16B,ENSG00000162078,9333
16825,ZGLP1,ENSG00000220201,5078
16826,ZGPAT,ENSG00000197114,28678
16827,ZHX1,ENSG00000165156,27091
16828,ZHX2,ENSG00000178764,192856
16829,ZHX3,ENSG00000174306,139284
16830,ZIC1,ENSG00000152977,116872
16831,ZIC2,ENSG00000043355,4982
16832,ZIC3,ENSG00000156925,11565
16833,ZIC4,ENSG00000174963,20764
16834,ZIC5,ENSG00000139800,8804
16835,ZIK1,ENSG00000171649,15435
16836,ZIM3,ENSG00000141946,11107
16837,ZKSCAN1,ENSG00000106261,26118
16838,ZKSCAN2,ENSG00000155592,21845
16839,ZKSCAN3,ENSG00000189298,19226
16840,ZKSCAN4,ENSG00000187626,10573
16841,ZKSCAN5,ENSG00000196652,30039
16842,ZMAT1,ENSG00000166432,49744
16843,ZMAT2,ENSG00000146007,8007
16844,ZMAT3,ENSG00000172667,112095
16845,ZMAT4,ENSG00000165061,367244
16846,ZMAT5,ENSG00000100319,36056
16847,ZMIZ1,ENSG00000108175,247554
16848,ZMIZ2,ENSG00000122515,21301
16849,ZMPSTE24,ENSG00000084073,36140
16850,ZMYM1,ENSG00000197056,86647
16851,ZMYM2,ENSG00000121741,133153
16852,ZMYM3,ENSG00000147130,15523
16853,ZMYM4,ENSG00000146463,153350
16854,ZMYM5,ENSG00000132950,40168
16855,ZMYM6,ENSG00000163867,45781
16856,ZMYND10,ENSG00000004838,4623
16857,ZMYND11,ENSG00000015171,124550
16858,ZMYND12,ENSG00000066185,25925
16859,ZMYND15,ENSG00000141497,6287
16860,MSS51,ENSG00000166343,9983
16861,ZMYND19,ENSG00000165724,8432
16862,ZMYND8,ENSG00000101040,147676
16863,ZNF10,ENSG00000256223,28891
16864,ZNF100,ENSG00000197020,44809
16865,ZNF101,ENSG00000181896,14714
16866,ZNF107,ENSG00000196247,45479
16867,ZNF114,ENSG00000178150,17528
16868,ZNF117,ENSG00000152926,36025
16869,ZNF12,ENSG00000164631,18515
16870,ZNF121,ENSG00000197961,24176
16871,ZNF124,ENSG00000196418,50046
16872,ZNF131,ENSG00000172262,126846
16873,ZNF132,ENSG00000131849,7340
16874,ZNF133,ENSG00000125846,28714
16875,ZNF134,ENSG00000213762,10492
16876,ZNF135,ENSG00000176293,27072
16877,ZNF136,ENSG00000196646,26808
16878,ZNF137P,ENSG00000123870,5308
16879,ZNF138,ENSG00000197008,39294
16880,ZNF14,ENSG00000105708,22641
16881,ZNF140,ENSG00000196387,27053
16882,ZNF141,ENSG00000131127,47055
16883,ZNF142,ENSG00000115568,26327
16884,ZNF143,ENSG00000166478,68206
16885,ZNF146,ENSG00000167635,24170
16886,ZNF148,ENSG00000163848,149657
16887,ZNF154,ENSG00000179909,12930
16888,ZNF155,ENSG00000204920,30465
16889,ZNF157,ENSG00000147117,43921
16890,ZNF16,ENSG00000170631,20531
16891,ZNF160,ENSG00000170949,36829
16892,ZNF165,ENSG00000197279,8996
16893,ZNF169,ENSG00000175787,44670
16894,ZNF17,ENSG00000186272,10774
16895,ZNF174,ENSG00000103343,8150
16896,ZNF175,ENSG00000105497,21228
16897,ZNF177,ENSG00000188629,19605
16898,ZNF18,ENSG00000154957,20037
16899,ZNF180,ENSG00000167384,26097
16900,ZNF181,ENSG00000197841,11224
16901,ZNF182,ENSG00000147118,29139
16902,ZNF184,ENSG00000096654,22376
16903,ZNF185,ENSG00000147394,75415
16904,ZNF189,ENSG00000136870,11810
16905,ZNF19,ENSG00000157429,100535
16906,ZNF195,ENSG00000005801,39962
16907,ZNF197,ENSG00000186448,63584
16908,ZNF2,ENSG00000275111,18886
16909,ZNF20,ENSG00000132010,47513
16910,ZNF200,ENSG00000010539,13897
16911,ZNF202,ENSG00000166261,17762
16912,ZNF204P,ENSG00000204789,1603
16913,ZNF205,ENSG00000122386,7958
16914,ZNF207,ENSG00000010244,31754
16915,ZNF208,ENSG00000160321,77992
16916,ZNF211,ENSG00000121417,13647
16917,ZNF212,ENSG00000170260,15956
16918,ZNF213,ENSG00000085644,13028
16919,ZNF214,ENSG00000149050,23262
16920,ZNF215,ENSG00000149054,74601
16921,ZNF217,ENSG00000171940,42837
16922,ZNF219,ENSG00000165804,14646
16923,ZNF22,ENSG00000165512,4404
16924,ZNF221,ENSG00000159905,16487
16925,ZNF222,ENSG00000159885,7769
16926,ZNF223,ENSG00000178386,16633
16927,ZNF224,ENSG00000267680,15526
16928,ZNF225,ENSG00000256294,22642
16929,ZNF226,ENSG00000167380,13309
16930,ZNF227,ENSG00000131115,29722
16931,ZNF229,ENSG00000278318,31060
16932,ZNF23,ENSG00000167377,15499
16933,ZNF230,ENSG00000159882,10968
16934,ZNF232,ENSG00000167840,17894
16935,ZNF233,ENSG00000159915,15438
16936,ZNF234,ENSG00000263002,18760
16937,ZNF235,ENSG00000159917,76318
16938,ZNF236,ENSG00000130856,150345
16939,ZNF239,ENSG00000196793,18275
16940,ZNF24,ENSG00000172466,13256
16941,ZNF248,ENSG00000198105,81581
16942,ZNF25,ENSG00000175395,27075
16943,ZNF250,ENSG00000196150,25672
16944,ZNF251,ENSG00000198169,35511
16945,ZNF252P,ENSG00000196922,23534
16946,ZNF252P,ENSG00000291080,29857
16947,ZNF253,ENSG00000256771,28793
16948,ZNF254,ENSG00000213096,96564
16949,ZNF256,ENSG00000152454,6874
16950,ZNF257,ENSG00000197134,39051
16951,ZNF26,ENSG00000198393,46588
16952,ZNF260,ENSG00000254004,17585
16953,ZNF263,ENSG00000006194,18119
16954,ZNF264,ENSG00000083844,31347
16955,ZNF267,ENSG00000185947,43551
16956,ZNF268,ENSG00000090612,33424
16957,ZNF273,ENSG00000198039,60810
16958,ZNF274,ENSG00000171606,30534
16959,ZNF275,ENSG00000063587,25964
16960,ZNF276,ENSG00000158805,20526
16961,ZNF277,ENSG00000198839,137240
16962,ZNF28,ENSG00000198538,60193
16963,ZNF280A,ENSG00000169548,6535
16964,ZNF280B,ENSG00000275004,24322
16965,ZNF280C,ENSG00000056277,66193
16966,ZNF280D,ENSG00000137871,103911
16967,ZNF281,ENSG00000162702,5117
16968,ZNF282,ENSG00000170265,30698
16969,ZNF283,ENSG00000167637,24697
16970,ZNF284,ENSG00000186026,17455
16971,ZNF286A,ENSG00000187607,21211
16972,ZNF287,ENSG00000141040,22251
16973,ZNF292,ENSG00000188994,114141
16974,ZNF296,ENSG00000170684,4979
16975,ZNF3,ENSG00000166526,18516
16976,ZNF30,ENSG00000168661,18268
16977,ZNF300,ENSG00000145908,10592
16978,ZNF302,ENSG00000089335,8759
16979,ZNF304,ENSG00000131845,8628
16980,ZNF311,ENSG00000197935,10532
16981,ZNF317,ENSG00000130803,23028
16982,ZNF318,ENSG00000171467,62514
16983,ZNF319,ENSG00000166188,5997
16984,ZNF32,ENSG00000169740,5022
16985,ZNF320,ENSG00000182986,36843
16986,ZNF322,ENSG00000181315,25370
16987,ZNF324,ENSG00000083812,8381
16988,ZNF324B,ENSG00000249471,6223
16989,ZNF326,ENSG00000162664,40424
16990,ZNF329,ENSG00000181894,28863
16991,ZNF330,ENSG00000109445,13811
16992,ZNF333,ENSG00000160961,43946
16993,ZNF334,ENSG00000198185,13930
16994,ZNF335,ENSG00000198026,23544
16995,ZNF337,ENSG00000130684,23659
16996,ZNF33A,ENSG00000189180,54439
16997,ZNF33B,ENSG00000196693,64386
16998,ZNF34,ENSG00000196378,15125
16999,ZNF341,ENSG00000131061,60613
17000,ZNF343,ENSG00000088876,42886
17001,ZNF345,ENSG00000251247,62669
17002,ZNF346,ENSG00000113761,58494
17003,ZNF347,ENSG00000197937,35004
17004,ZNF35,ENSG00000169981,12060
17005,ZNF350,ENSG00000256683,22517
17006,ZNF354A,ENSG00000169131,19148
17007,ZNF354B,ENSG00000178338,28170
17008,ZNF354C,ENSG00000177932,23605
17009,ZNF362,ENSG00000160094,44228
17010,ZNF365,ENSG00000138311,106097
17011,ZNF366,ENSG00000178175,67508
17012,ZNF367,ENSG00000165244,32430
17013,ZNF37A,ENSG00000075407,55960
17014,ZNF382,ENSG00000161298,29298
17015,ZNF383,ENSG00000188283,30815
17016,ZNF384,ENSG00000126746,23096
17017,ZNF385A,ENSG00000161642,22166
17018,ZNF385B,ENSG00000144331,419631
17019,ZNF385C,ENSG00000187595,72904
17020,ZNF385D,ENSG00000151789,961104
17021,ZNF391,ENSG00000124613,29294
17022,ZNF394,ENSG00000160908,30981
17023,ZNF395,ENSG00000186918,57112
17024,ZNF396,ENSG00000186496,10644
17025,ZNF397,ENSG00000186812,26104
17026,ZNF398,ENSG00000197024,56627
17027,ZNF404,ENSG00000176222,29021
17028,ZNF407,ENSG00000215421,467802
17029,ZNF408,ENSG00000175213,4883
17030,ZNF41,ENSG00000147124,38045
17031,ZNF410,ENSG00000119725,45905
17032,ZNF414,ENSG00000133250,4490
17033,ZNF415,ENSG00000170954,25199
17034,ZNF416,ENSG00000083817,7346
17035,ZNF417,ENSG00000173480,16315
17036,ZNF418,ENSG00000196724,13521
17037,ZNF419,ENSG00000105136,8388
17038,ZNF420,ENSG00000197050,122512
17039,ZNF423,ENSG00000102935,370396
17040,ZNF425,ENSG00000204947,23541
17041,ZNF426,ENSG00000130818,15423
17042,ZNF428,ENSG00000131116,12406
17043,ZNF429,ENSG00000197013,59589
17044,ZNF43,ENSG00000198521,47180
17045,ZNF430,ENSG00000118620,39417
17046,ZNF431,ENSG00000196705,54030
17047,ZNF432,ENSG00000256087,64361
17048,ZNF433,ENSG00000197647,21027
17049,ZNF436,ENSG00000125945,10389
17050,ZNF438,ENSG00000183621,211731
17051,ZNF439,ENSG00000171291,35025
17052,ZNF44,ENSG00000197857,70198
17053,ZNF440,ENSG00000171295,20944
17054,ZNF441,ENSG00000197044,17079
17055,ZNF442,ENSG00000198342,19962
17056,ZNF443,ENSG00000180855,11316
17057,ZNF444,ENSG00000167685,28295
17058,ZNF445,ENSG00000185219,45966
17059,ZNF446,ENSG00000083838,7214
17060,ZNF449,ENSG00000173275,18618
17061,ZNF45,ENSG00000124459,22659
17062,ZNF451,ENSG00000112200,83462
17063,ZNF454,ENSG00000178187,25243
17064,ZNF460,ENSG00000197714,14019
17065,ZNF461,ENSG00000197808,30236
17066,ZNF462,ENSG00000148143,150469
17067,ZNF467,ENSG00000181444,9407
17068,ZNF468,ENSG00000204604,19640
17069,ZNF469,ENSG00000225614,57799
17070,ZNF470,ENSG00000197016,21444
17071,ZNF471,ENSG00000196263,22372
17072,ZNF473,ENSG00000142528,27701
17073,ZNF474,ENSG00000164185,53113
17074,ZNF479,ENSG00000185177,22189
17075,ZNF480,ENSG00000198464,28754
17076,ZNF483,ENSG00000173258,52686
17077,ZNF484,ENSG00000127081,34868
17078,ZNF485,ENSG00000198298,11486
17079,ZNF486,ENSG00000256229,33275
17080,ZNF488,ENSG00000265763,18798
17081,ZNF490,ENSG00000188033,63999
17082,ZNF491,ENSG00000177599,11956
17083,ZNF492,ENSG00000229676,33348
17084,ZNF493,ENSG00000196268,30459
17085,ZNF496,ENSG00000162714,34456
17086,ZNF497,ENSG00000174586,8492
17087,ZNF500,ENSG00000103199,19386
17088,ZNF501,ENSG00000186446,7488
17089,ZNF502,ENSG00000196653,11189
17090,ZNF503,ENSG00000165655,3935
17091,ZNF506,ENSG00000081665,60714
17092,ZNF507,ENSG00000168813,42074
17093,ZNF510,ENSG00000081386,23577
17094,ZNF511,ENSG00000198546,4249
17095,ZNF512,ENSG00000243943,40249
17096,ZNF512B,ENSG00000196700,13227
17097,ZNF513,ENSG00000163795,3556
17098,ZNF514,ENSG00000144026,43582
17099,ZNF516,ENSG00000101493,137561
17100,ZNF517,ENSG00000197363,12294
17101,ZNF518A,ENSG00000177853,75574
17102,ZNF518B,ENSG00000178163,17547
17103,ZNF519,ENSG00000175322,75034
17104,ZNF521,ENSG00000198795,290267
17105,ZNF524,ENSG00000171443,3117
17106,ZNF526,ENSG00000167625,7910
17107,ZNF527,ENSG00000189164,22006
17108,ZNF528,ENSG00000167555,20564
17109,ZNF529,ENSG00000186020,70503
17110,ZNF530,ENSG00000183647,12838
17111,ZNF532,ENSG00000074657,123881
17112,ZNF534,ENSG00000198633,23168
17113,ZNF536,ENSG00000198597,488696
17114,ZNF540,ENSG00000171817,62774
17115,ZNF541,ENSG00000118156,52459
17116,ZNF543,ENSG00000178229,10299
17117,ZNF544,ENSG00000198131,48902
17118,ZNF546,ENSG00000187187,36905
17119,ZNF547,ENSG00000152433,16089
17120,ZNF548,ENSG00000188785,13649
17121,ZNF549,ENSG00000121406,30218
17122,ZNF550,ENSG00000251369,24607
17123,ZNF551,ENSG00000204519,35333
17124,ZNF552,ENSG00000178935,11073
17125,ZNF554,ENSG00000172006,16868
17126,ZNF555,ENSG00000186300,19035
17127,ZNF556,ENSG00000172000,16111
17128,ZNF557,ENSG00000130544,18266
17129,ZNF558,ENSG00000167785,26145
17130,ZNF559,ENSG00000188321,27391
17131,ZNF560,ENSG00000198028,32262
17132,ZNF561,ENSG00000171469,16557
17133,ZNF562,ENSG00000171466,33294
17134,ZNF563,ENSG00000188868,16244
17135,ZNF565,ENSG00000196357,63982
17136,ZNF566,ENSG00000186017,44784
17137,ZNF567,ENSG00000189042,40090
17138,ZNF568,ENSG00000198453,88722
17139,ZNF569,ENSG00000196437,58121
17140,ZNF57,ENSG00000171970,17546
17141,ZNF570,ENSG00000171827,21068
17142,ZNF571,ENSG00000180479,40011
17143,ZNF572,ENSG00000180938,6095
17144,ZNF573,ENSG00000189144,81468
17145,ZNF574,ENSG00000105732,13076
17146,ZNF575,ENSG00000176472,10634
17147,ZNF576,ENSG00000124444,4766
17148,ZNF577,ENSG00000161551,86135
17149,ZNF578,ENSG00000258405,63330
17150,ZNF581,ENSG00000171425,10165
17151,ZNF582,ENSG00000018869,17693
17152,ZNF583,ENSG00000198440,38070
17153,ZNF584,ENSG00000171574,30233
17154,ZNF585A,ENSG00000196967,66008
17155,ZNF585B,ENSG00000245680,36575
17156,ZNF586,ENSG00000083828,50285
17157,ZNF589,ENSG00000164048,58154
17158,ZNF592,ENSG00000166716,57854
17159,ZNF593,ENSG00000142684,966
17160,ZNF594,ENSG00000180626,12334
17161,ZNF596,ENSG00000172748,32567
17162,ZNF597,ENSG00000167981,11091
17163,ZNF598,ENSG00000167962,12168
17164,ZNF599,ENSG00000153896,15157
17165,ZNF600,ENSG00000189190,36866
17166,ZNF605,ENSG00000196458,38001
17167,ZNF606,ENSG00000166704,26274
17168,ZNF607,ENSG00000198182,23391
17169,ZNF608,ENSG00000168916,111895
17170,ZNF609,ENSG00000180357,225491
17171,ZNF610,ENSG00000167554,31536
17172,ZNF611,ENSG00000213020,32261
17173,ZNF613,ENSG00000176024,21613
17174,ZNF614,ENSG00000142556,17476
17175,ZNF615,ENSG00000197619,16899
17176,ZNF616,ENSG00000204611,26848
17177,ZNF618,ENSG00000157657,180312
17178,ZNF619,ENSG00000177873,13941
17179,ZNF620,ENSG00000177842,41606
17180,ZNF621,ENSG00000172888,49808
17181,ZNF622,ENSG00000173545,14282
17182,ZNF623,ENSG00000183309,20400
17183,ZNF624,ENSG00000197566,33123
17184,ZNF625,ENSG00000257591,14645
17185,ZNF626,ENSG00000188171,41658
17186,ZNF627,ENSG00000198551,59788
17187,ZNF628,ENSG00000197483,7871
17188,ZNF629,ENSG00000102870,8750
17189,ZNF630,ENSG00000221994,88303
17190,ZNF638,ENSG00000075292,158509
17191,ZNF639,ENSG00000121864,15553
17192,ZNF641,ENSG00000167528,14235
17193,ZNF644,ENSG00000122482,106975
17194,ZNF646,ENSG00000167395,9775
17195,ZNF648,ENSG00000179930,7143
17196,ZNF649,ENSG00000198093,15806
17197,ZNF652,ENSG00000198740,73268
17198,ZNF653,ENSG00000161914,22413
17199,ZNF654,ENSG00000175105,85406
17200,ZNF655,ENSG00000197343,18048
17201,ZNF658,ENSG00000274349,75716
17202,ZNF660,ENSG00000144792,21472
17203,ZNF662,ENSG00000182983,13193
17204,ZNF664,ENSG00000179195,43595
17205,ZNF665,ENSG00000197497,34174
17206,ZNF667,ENSG00000198046,38741
17207,ZNF668,ENSG00000167394,13398
17208,ZNF669,ENSG00000188295,4411
17209,ZNF670,ENSG00000277462,44175
17210,ZNF671,ENSG00000083814,7874
17211,ZNF672,ENSG00000171161,11308
17212,ZNF674,ENSG00000251192,47733
17213,ZNF675,ENSG00000197372,161590
17214,ZNF676,ENSG00000196109,36713
17215,ZNF677,ENSG00000197928,19518
17216,ZNF678,ENSG00000181450,113901
17217,ZNF679,ENSG00000197123,38458
17218,ZNF680,ENSG00000173041,43198
17219,ZNF681,ENSG00000196172,19697
17220,ZNF682,ENSG00000197124,42448
17221,ZNF683,ENSG00000176083,12889
17222,ZNF684,ENSG00000117010,16595
17223,ZNF687,ENSG00000143373,10559
17224,ZNF688,ENSG00000229809,3063
17225,ZNF689,ENSG00000156853,21455
17226,ZNF69,ENSG00000198429,26548
17227,ZNF691,ENSG00000164011,5905
17228,ZNF692,ENSG00000171163,9139
17229,ZNF695,ENSG00000197472,62547
17230,ZNF696,ENSG00000185730,10277
17231,ZNF697,ENSG00000143067,28890
17232,ZNF699,ENSG00000196110,18699
17233,ZNF7,ENSG00000147789,19992
17234,ZNF70,ENSG00000187792,12431
17235,ZNF700,ENSG00000196757,25706
17236,ZNF701,ENSG00000167562,31353
17237,ZNF702P,ENSG00000242779,1966
17238,ZNF702P,ENSG00000293317,91668
17239,ZNF703,ENSG00000183779,4238
17240,ZNF704,ENSG00000164684,246331
17241,ZNF705A,ENSG00000196946,31523
17242,ZNF705D,ENSG00000215343,26179
17243,ZNF705G,ENSG00000215372,30042
17244,ZNF706,ENSG00000120963,28316
17245,ZNF707,ENSG00000181135,29447
17246,ZNF708,ENSG00000182141,45393
17247,ZNF709,ENSG00000242852,52671
17248,ZNF71,ENSG00000197951,31217
17249,ZNF710,ENSG00000140548,80883
17250,ZNF711,ENSG00000147180,29372
17251,ZNF713,ENSG00000178665,55075
17252,ZNF714,ENSG00000160352,43112
17253,ZNF716,ENSG00000182111,23383
17254,ZNF717,ENSG00000227124,106924
17255,ZNF718,ENSG00000250312,77803
17256,ZNF721,ENSG00000182903,73342
17257,ZNF727,ENSG00000214652,69128
17258,ZNF729,ENSG00000196350,30736
17259,ZNF732,ENSG00000186777,34800
17260,ZNF735,ENSG00000223614,13088
17261,ZNF736,ENSG00000234444,49176
17262,ZNF737,ENSG00000237440,29985
17263,ZNF738,ENSG00000172687,29653
17264,ZNF74,ENSG00000185252,14347
17265,ZNF740,ENSG00000139651,14439
17266,ZNF746,ENSG00000181220,25122
17267,ZNF747,ENSG00000169955,4981
17268,ZNF749,ENSG00000186230,11777
17269,ZNF750,ENSG00000141579,10589
17270,ZNF75A,ENSG00000162086,13447
17271,ZNF75D,ENSG00000186376,95520
17272,ZNF76,ENSG00000065029,37077
17273,ZNF761,ENSG00000160336,29879
17274,ZNF764,ENSG00000169951,4611
17275,ZNF765,ENSG00000196417,40621
17276,ZNF766,ENSG00000196214,26460
17277,ZNF768,ENSG00000169957,2818
17278,ZNF77,ENSG00000175691,11754
17279,ZNF770,ENSG00000198146,9947
17280,ZNF772,ENSG00000197128,10908
17281,ZNF773,ENSG00000152439,18490
17282,ZNF774,ENSG00000196391,16863
17283,ZNF775,ENSG00000196456,29841
17284,ZNF777,ENSG00000196453,29700
17285,ZNF778,ENSG00000170100,19439
17286,ZNF780A,ENSG00000197782,21792
17287,ZNF780B,ENSG00000128000,27972
17288,ZNF781,ENSG00000196381,7815
17289,ZNF781,ENSG00000290988,24565
17290,ZNF782,ENSG00000196597,59355
17291,ZNF783,ENSG00000204946,35132
17292,ZNF784,ENSG00000179922,3826
17293,ZNF785,ENSG00000197162,12030
17294,ZNF786,ENSG00000197362,21142
17295,ZNF787,ENSG00000142409,33930
17296,ZNF789,ENSG00000198556,30761
17297,ZNF79,ENSG00000196152,20999
17298,ZNF790,ENSG00000197863,33360
17299,ZNF791,ENSG00000173875,22923
17300,ZNF792,ENSG00000180884,7876
17301,ZNF793,ENSG00000188227,41824
17302,ZNF799,ENSG00000196466,11256
17303,ZNF8,ENSG00000278129,23837
17304,ZNF80,ENSG00000174255,2948
17305,ZNF800,ENSG00000048405,85135
17306,ZNF804A,ENSG00000170396,340964
17307,ZNF804B,ENSG00000182348,578829
17308,ZNF805,ENSG00000204524,22097
17309,ZNF808,ENSG00000198482,36813
17310,ZNF81,ENSG00000197779,165660
17311,ZNF813,ENSG00000198346,28523
17312,ZNF814,ENSG00000204514,40344
17313,ZNF815P,ENSG00000235944,24537
17314,ZNF816,ENSG00000180257,13533
17315,ZNF821,ENSG00000102984,35657
17316,ZNF823,ENSG00000197933,17745
17317,ZNF827,ENSG00000151612,181197
17318,ZNF829,ENSG00000185869,28168
17319,ZNF83,ENSG00000167766,26012
17320,ZNF830,ENSG00000198783,2238
17321,ZNF831,ENSG00000124203,135733
17322,ZNF833P,ENSG00000267343,3645
17323,ZNF833P,ENSG00000197332,52335
17324,ZNF835,ENSG00000127903,9804
17325,ZNF836,ENSG00000196267,17780
17326,ZNF837,ENSG00000152475,13413
17327,ZNF839,ENSG00000022976,25326
17328,ZNF84,ENSG00000198040,26013
17329,ZNF841,ENSG00000197608,31301
17330,ZNF843,ENSG00000176723,10568
17331,ZNF844,ENSG00000223547,16835
17332,ZNF845,ENSG00000213799,23158
17333,ZNF846,ENSG00000196605,41188
17334,ZNF847P,ENSG00000215812,9808
17335,ZNF85,ENSG00000105750,27476
17336,ZNF850,ENSG00000267041,58443
17337,ZNF853,ENSG00000236609,8681
17338,ZNF860,ENSG00000197385,9974
17339,ZNF862,ENSG00000106479,29105
17340,ZNF878,ENSG00000257446,9157
17341,ZNF879,ENSG00000234284,11261
17342,ZNF880,ENSG00000221923,15879
17343,ZNF883,ENSG00000228623,24064
17344,ZNF90,ENSG00000213988,49083
17345,ZNF91,ENSG00000167232,90481
17346,ZNF92,ENSG00000146757,27338
17347,ZNF93,ENSG00000184635,62552
17348,ZNF98,ENSG00000197360,141467
17349,ZNF99,ENSG00000213973,31969
17350,ZNFX1,ENSG00000124201,40481
17351,ZNHIT1,ENSG00000106400,6026
17352,ZNHIT2,ENSG00000174276,1299
17353,ZNHIT3,ENSG00000273611,12682
17354,ZNHIT6,ENSG00000117174,59017
17355,ZNRF1,ENSG00000186187,111971
17356,ZNRF2,ENSG00000180233,83093
17357,ZNRF2P1,ENSG00000237004,443
17358,ZNRF3,ENSG00000183579,173917
17359,ZNRF4,ENSG00000105428,1440
17360,ZP1,ENSG00000149506,8152
17361,ZP2,ENSG00000103310,17061
17362,ZP3,ENSG00000188372,44554
17363,ZP4,ENSG00000116996,13059
17364,ZPBP,ENSG00000042813,270909
17365,ZPBP2,ENSG00000186075,9695
17366,ZPLD1,ENSG00000170044,380598
17367,ZRANB1,ENSG00000019995,46067
17368,ZRANB2,ENSG00000132485,17999
17369,ZRANB3,ENSG00000121988,394303
17370,ZRSR2,ENSG00000169249,40539
17371,ZSCAN1,ENSG00000152467,20607
17372,ZSCAN10,ENSG00000130182,10406
17373,ZSCAN12,ENSG00000158691,20927
17374,ZSCAN12P1,ENSG00000219891,419
17375,ZSCAN16,ENSG00000196812,22394
17376,ZSCAN18,ENSG00000121413,34590
17377,ZSCAN2,ENSG00000176371,26811
17378,ZSCAN20,ENSG00000121903,28999
17379,ZSCAN21,ENSG00000166529,15267
17380,ZSCAN22,ENSG00000182318,15350
17381,ZSCAN23,ENSG00000187987,11573
17382,ZSCAN29,ENSG00000140265,12872
17383,ZSCAN30,ENSG00000186814,39188
17384,ZSCAN4,ENSG00000180532,10218
17385,ZSCAN5A,ENSG00000131848,148714
17386,ZSCAN5B,ENSG00000197213,8130
17387,ZSWIM1,ENSG00000168612,4040
17388,ZSWIM2,ENSG00000163012,21734
17389,ZSWIM3,ENSG00000132801,21509
17390,ZSWIM4,ENSG00000132003,36812
17391,ZSWIM5,ENSG00000162415,289811
17392,ZSWIM6,ENSG00000130449,213915
17393,ZSWIM7,ENSG00000214941,23158
17394,ZW10,ENSG00000086827,40549
17395,ZWILCH,ENSG00000174442,45172
17396,ZWINT,ENSG00000122952,4047
17397,ZXDA,ENSG00000198205,5029
17398,ZXDB,ENSG00000198455,5467
17399,ZXDC,ENSG00000070476,38291
17400,ZYG11A,ENSG00000203995,52488
17401,ZYG11B,ENSG00000162378,100884
17402,ZYX,ENSG00000159840,9817
17403,ZZEF1,ENSG00000074755,138586
17404,ZZZ3,ENSG00000036549,121004
17405,NPSR1-AS1,ENSG00000197085,584314
17406,ADAM3A,ENSG00000293380,71808
17407,ADAM3A,ENSG00000197475,67472
17408,APOC1P1,ENSG00000214855,4083
17409,APOC1P1,ENSG00000291128,5563
17410,DHRS4-AS1,ENSG00000215256,137643
17411,LINC00575,ENSG00000231782,10637
17412,DSCR8,ENSG00000198054,35071
17413,LINC00670,ENSG00000179136,93327
17414,GPR33,ENSG00000214943,5165
17415,HCG18,ENSG00000231074,103880
17416,HLA-F-AS1,ENSG00000214922,120979
17417,HOTAIRM1,ENSG00000233429,4619
17418,LINC00161,ENSG00000226935,3966
17419,LINC00207,ENSG00000187012,3184
17420,LINC00347,ENSG00000236678,12943
17421,LINC00470,ENSG00000132204,153962
17422,LINC00520,ENSG00000258791,15600
17423,FAM86JP,ENSG00000171084,11972
17424,FAM86JP,ENSG00000291071,28879
17425,HOXA-AS3,ENSG00000254369,25952
17426,BCDIN3D-AS1,ENSG00000258057,13231
17427,LOXL1-AS1,ENSG00000261801,29826
17428,ITGB2-AS1,ENSG00000227039,8650
17429,ELOVL2-AS1,ENSG00000230314,35673
17430,CBR3-AS1,ENSG00000236830,77726
17431,IQCH-AS1,ENSG00000259673,231263
17432,SDCBP2-AS1,ENSG00000234684,53370
17433,LINC00658,ENSG00000226995,44229
17434,LINC00608,ENSG00000236445,15642
17435,LINC00635,ENSG00000241469,42023
17436,PRR7-AS1,ENSG00000246334,21859
17437,LEF1-AS1,ENSG00000232021,138326
17438,LINC00623,ENSG00000226067,102846
17439,MIR17HG,ENSG00000215417,49907
17440,MIR22HG,ENSG00000186594,5728
17441,PMS2P5,ENSG00000123965,3720
17442,PRNT,ENSG00000180259,9390
17443,RPL23AP7,ENSG00000240356,469
17444,RPL23AP7,ENSG00000293106,74418
17445,RPL23AP82,ENSG00000184319,469
17446,SBDSP1,ENSG00000225648,7046
17447,SBDSP1,ENSG00000291152,8026
17448,SNHG10,ENSG00000247092,12989
17449,SNHG3,ENSG00000242125,4913
17450,SNHG8,ENSG00000269893,6855
17451,TEKT4P2,ENSG00000291050,134676
17452,TEKT4P2,ENSG00000188681,5196
17453,TXNRD3,ENSG00000197763,83346
17454,ASIC4,ENSG00000072182,24603
17455,ASPSCR1,ENSG00000169696,40600
17456,BBIP1,ENSG00000214413,20472
17457,BPIFA1,ENSG00000198183,7317
17458,RHNO1,ENSG00000171792,13267
17459,CDON,ENSG00000064309,107540
17460,CLIP1,ENSG00000130779,151238
17461,FXYD4,ENSG00000150201,4700
17462,GLRX,ENSG00000173221,71408
17463,IFI27,ENSG00000165949,11860
17464,MAK,ENSG00000111837,75831
17465,NAV2,ENSG00000166833,770878
17466,PCMT1,ENSG00000120265,61977
17467,PHB2,ENSG00000215021,5454
17468,PPP1CC,ENSG00000186298,23260
17469,SYT6,ENSG00000134207,64590
17470,UXS1,ENSG00000115652,100994
17471,ZNF266,ENSG00000174652,23145
17472,AA06,ENSG00000265544,31196
17473,AACSP1,ENSG00000250420,30408
17474,AACSP1,ENSG00000291019,53575
17475,ABCA11P,ENSG00000251595,2110
17476,ABCA11P,ENSG00000293360,48695
17477,ABCC13,ENSG00000243064,88663
17478,ABCC13,ENSG00000291052,101812
17479,ABCC6P1,ENSG00000256340,21441
17480,ABCC6P1,ENSG00000291057,27458
17481,ACAD11,ENSG00000240303,101945
17482,ACOT1,ENSG00000184227,6654
17483,ACSS1,ENSG00000154930,52751
17484,ADAM5,ENSG00000196115,102788
17485,AFG3L1P,ENSG00000223959,28038
17486,AFG3L1P,ENSG00000293510,29581
17487,AIFM3,ENSG00000183773,16253
17488,AKR1C1,ENSG00000187134,20031
17489,ALDOA,ENSG00000149925,6294
17490,ALOX12P2,ENSG00000262943,6251
17491,ALOX12P2,ENSG00000291084,100247
17492,AMY1A,ENSG00000237763,8795
17493,AMY1C,ENSG00000187733,13404
17494,ANKHD1,ENSG00000131503,138043
17495,ANKRD18DP,ENSG00000226435,26991
17496,ANKRD19P,ENSG00000187984,16914
17497,ANKRD19P,ENSG00000291168,29648
17498,ANKRD20A1,ENSG00000260691,87788
17499,ANKRD20A11P,ENSG00000215559,70338
17500,ANKRD20A5P,ENSG00000186481,65417
17501,ANKRD20A5P,ENSG00000293697,42661
17502,ANKRD20A8P,ENSG00000229089,66180
17503,ANKRD30BP2,ENSG00000224309,28826
17504,ANKRD36BP1,ENSG00000293109,1779
17505,ANKRD36BP1,ENSG00000214262,1417
17506,ANKRD36BP2,ENSG00000230006,22692
17507,ANKRD36BP2,ENSG00000291127,40881
17508,SOWAHA,ENSG00000198944,3485
17509,SOWAHB,ENSG00000186212,3993
17510,SOWAHC,ENSG00000198142,4627
17511,SOWAHD,ENSG00000187808,1615
17512,ANKRD62P1-PARP4P3,ENSG00000189295,21475
17513,ANXA2P2,ENSG00000231991,1020
17514,ANXA8,ENSG00000265190,23997
17515,AOX2P,ENSG00000243478,53023
17516,AP3S2,ENSG00000157823,64040
17517,AP4B1,ENSG00000134262,11519
17518,AP4S1,ENSG00000100478,105891
17519,APEX1,ENSG00000100823,2582
17520,APLP2,ENSG00000084234,76665
17521,APOBEC3A,ENSG00000128383,10444
17522,APOBEC3G,ENSG00000239713,10677
17523,APOC2,ENSG00000234906,3531
17524,AQP1,ENSG00000240583,13665
17525,AQP7P3,ENSG00000279688,16025
17526,ARGFXP2,ENSG00000265293,1072
17527,ARHGAP8,ENSG00000241484,110231
17528,ARHGEF26,ENSG00000114790,136825
17529,ARHGEF4,ENSG00000136002,210350
17530,ARL17B,ENSG00000228696,87583
17531,ARPC4,ENSG00000241553,14607
17532,ASB12,ENSG00000198881,6414
17533,ASB3,ENSG00000115239,327489
17534,ATP8B5P,ENSG00000179766,48504
17535,ATP8B5P,ENSG00000290567,76287
17536,AZGP1P1,ENSG00000214313,6774
17537,AZGP1P1,ENSG00000291148,12284
17538,BAGE2,ENSG00000187172,62298
17539,BBS5,ENSG00000163093,27176
17540,BCAR4,ENSG00000262117,30517
17541,BCL2L2,ENSG00000129473,12962
17542,BCORP1,ENSG00000215580,28300
17543,BCORP1,ENSG00000291031,111850
17544,BID,ENSG00000015475,40633
17545,BIVM,ENSG00000134897,42415
17546,BMI1,ENSG00000168283,10386
17547,BMS1P1,ENSG00000204177,11423
17548,BMS1P1,ENSG00000291069,28452
17549,BMS1P4,ENSG00000271816,31337
17550,BMS1P4,ENSG00000242338,11466
17551,BPESC1,ENSG00000232416,20987
17552,BRD7P3,ENSG00000169075,1477
17553,BTN2A3P,ENSG00000124549,9497
17554,BTN2A3P,ENSG00000291104,10993
17555,PARPBP,ENSG00000185480,77338
17556,PIANP,ENSG00000139200,7025
17557,ADAM20P1,ENSG00000259158,2326
17558,ADAM20P1,ENSG00000290783,30235
17559,C2,ENSG00000166278,47889
17560,ERC2-IT1,ENSG00000281708,2177
17561,C3P1,ENSG00000167798,36333
17562,C3P1,ENSG00000291164,32930
17563,C4A,ENSG00000244731,20625
17564,C4B,ENSG00000224389,20624
17565,NOP14-AS1,ENSG00000249673,26863
17566,NREP,ENSG00000134986,334844
17567,BVES-AS1,ENSG00000203808,63936
17568,LINC00589,ENSG00000251191,116226
17569,MSANTD3,ENSG00000066697,24592
17570,CARD16,ENSG00000204397,62340
17571,CASC2,ENSG00000177640,163880
17572,CATSPER2P1,ENSG00000205771,17985
17573,CATSPER2P1,ENSG00000291053,20364
17574,CCDC169,ENSG00000242715,75833
17575,CCL3L3,ENSG00000276085,1890
17576,CD302,ENSG00000241399,29628
17577,CDK11A,ENSG00000008128,21979
17578,CDKL1,ENSG00000100490,90197
17579,CDY1B,ENSG00000172352,2791
17580,CDY2A,ENSG00000182415,1960
17581,CDY2B,ENSG00000129873,1961
17582,CEBPG,ENSG00000153879,9002
17583,CELA3A,ENSG00000142789,10886
17584,CES1P1,ENSG00000228695,33319
17585,CES1P1,ENSG00000291109,33699
17586,CFC1,ENSG00000136698,7411
17587,CFC1B,ENSG00000152093,7408
17588,CFHR3,ENSG00000116785,20595
17589,CFHR4,ENSG00000134365,30782
17590,CGA,ENSG00000135346,9609
17591,CGB7,ENSG00000196337,4587
17592,CHMP3,ENSG00000115561,60050
17593,CHMP4A,ENSG00000254505,4216
17594,CHURC1,ENSG00000258289,30231
17595,CKLF,ENSG00000217555,13689
17596,CLCNKB,ENSG00000184908,17060
17597,CLEC18C,ENSG00000157335,14040
17598,CLU,ENSG00000120885,17784
17599,CNTN5,ENSG00000149972,1337937
17600,COL6A4P1,ENSG00000230524,29129
17601,COL6A4P1,ENSG00000291281,40685
17602,COMMD3,ENSG00000148444,3921
17603,CORO7,ENSG00000262246,71164
17604,CORT,ENSG00000241563,1968
17605,COX16,ENSG00000133983,91904
17606,CRNDE,ENSG00000245694,86706
17607,CROCCP2,ENSG00000215908,38264
17608,CRYBB2P1,ENSG00000100058,3970
17609,CRYBB2P1,ENSG00000291087,92751
17610,CRYGA,ENSG00000168582,2850
17611,CSAD,ENSG00000139631,23263
17612,CSAG3,ENSG00000268916,6302
17613,CT45A3,ENSG00000269096,8346
17614,CT47A2,ENSG00000242362,3323
17615,CXADRP2,ENSG00000258712,1089
17616,CXADRP3,ENSG00000265766,1100
17617,CXorf51A,ENSG00000224440,639
17618,CYP21A1P,ENSG00000204338,2711
17619,CYP2C18,ENSG00000108242,52462
17620,CYP3A5,ENSG00000106258,31803
17621,CYP4F24P,ENSG00000267594,19669
17622,CYP4F30P,ENSG00000214081,727
17623,CYP4F30P,ENSG00000282944,11642
17624,DDX11L2,ENSG00000308415,4007
17625,DDX11L2,ENSG00000236397,2226
17626,DDX11L2,ENSG00000310539,4760
17627,DDX12P,ENSG00000214826,29557
17628,DDX19A,ENSG00000168872,26523
17629,DEFA1B,ENSG00000240247,2433
17630,DEFA3,ENSG00000239839,2429
17631,DEFB103A,ENSG00000176797,1272
17632,DEFB104B,ENSG00000177023,4775
17633,DEFB106B,ENSG00000187082,3897
17634,DEFB107A,ENSG00000186572,3997
17635,DEFT1P2,ENSG00000232039,919
17636,DGCR5,ENSG00000273032,61551
17637,DHRS4L1,ENSG00000285467,81447
17638,DHRS4L1,ENSG00000225766,14468
17639,DHRS4L1,ENSG00000291039,44397
17640,DHRS4L2,ENSG00000187630,36535
17641,DIO3OS,ENSG00000258498,68135
17642,SMG7-AS1,ENSG00000232860,24866
17643,DLEU1,ENSG00000176124,825132
17644,DMRTC1B,ENSG00000184911,71914
17645,DNAJA1P5,ENSG00000162699,943
17646,DNAJC14,ENSG00000135392,9865
17647,DNM1P35,ENSG00000246877,11376
17648,DOC2GP,ENSG00000231793,3421
17649,DPRXP4,ENSG00000264743,568
17650,DPY19L1P1,ENSG00000229358,180839
17651,DPY19L2P1,ENSG00000189212,104452
17652,DPY19L2P2,ENSG00000170629,102296
17653,DPY19L2P2,ENSG00000291139,106281
17654,DSCR9,ENSG00000230366,29158
17655,DTX2P1-UPK3BP1-PMS2P11,ENSG00000265479,238792
17656,ECH1,ENSG00000104823,16420
17657,EEF1DP3,ENSG00000229715,782
17658,EFCAB10,ENSG00000185055,35756
17659,EFNA4,ENSG00000243364,5817
17660,EGFEM1P,ENSG00000206120,571395
17661,EGOT,ENSG00000235947,2399
17662,ELK4,ENSG00000158711,34456
17663,EMBP1,ENSG00000231752,49447
17664,EMBP1,ENSG00000291141,77922
17665,ERCC5,ENSG00000134899,30165
17666,F8A1,ENSG00000288722,1707
17667,FABP5P3,ENSG00000241735,408
17668,FABP5P3,ENSG00000293165,7482
17669,FAM138F,ENSG00000282591,3043
17670,FAM197Y2,ENSG00000234803,1992
17671,FAM201A,ENSG00000204860,4517
17672,FAM209A,ENSG00000124103,8966
17673,FAM41AY2,ENSG00000290726,16204
17674,FAM66A,ENSG00000227888,262996
17675,FAM66B,ENSG00000215374,92202
17676,FAM66D,ENSG00000255052,86987
17677,SPATA31A1,ENSG00000204849,6294
17678,FAM95B1,ENSG00000223839,979
17679,FAM95B1,ENSG00000290718,126668
17680,FBXO17,ENSG00000269190,34342
17681,FBXW4P1,ENSG00000230701,2239
17682,FCGR3B,ENSG00000162747,8768
17683,FER1L4,ENSG00000088340,48629
17684,FKBP1AP1,ENSG00000269304,318
17685,DLGAP1-AS1,ENSG00000177337,4632
17686,FLJ36000,ENSG00000276399,76639
17687,FMO9P,ENSG00000215834,18931
17688,FMO9P,ENSG00000290604,26250
17689,FNIP1,ENSG00000217128,155304
17690,FNTB,ENSG00000257365,75758
17691,FOXO3B,ENSG00000240445,14686
17692,FOXP1,ENSG00000114861,629286
17693,FPGT,ENSG00000254685,35849
17694,FRG2,ENSG00000205097,2891
17695,FXYD2,ENSG00000137731,27855
17696,FXYD6,ENSG00000137726,40511
17697,GABRR3,ENSG00000183185,50214
17698,GAGE12C,ENSG00000237671,7362
17699,GAGE12H,ENSG00000224902,7353
17700,GAGE12J,ENSG00000224659,7348
17701,GAGE13,ENSG00000274274,7368
17702,GAGE2A,ENSG00000189064,7329
17703,GAGE2E,ENSG00000275113,4731
17704,GBGT1,ENSG00000148288,10986
17705,GDF1,ENSG00000130283,27614
17706,GFPT1,ENSG00000198380,67471
17707,GGT3P,ENSG00000197421,17399
17708,GHRLOS,ENSG00000240288,9150
17709,GIMAP1,ENSG00000213203,7679
17710,GIMAP5,ENSG00000196329,27781
17711,GIMAP6,ENSG00000133561,7274
17712,GMNN,ENSG00000112312,11169
17713,GNG10,ENSG00000242616,8622
17714,GNG2,ENSG00000186469,153148
17715,GOLGA2P3Y,ENSG00000172297,6012
17716,GOLGA8DP,ENSG00000175676,10322
17717,GOLGA8DP,ENSG00000290359,13346
17718,GOLGA8F,ENSG00000153684,13401
17719,GOPC,ENSG00000047932,42274
17720,GPAM,ENSG00000119927,65513
17721,GPRASP2,ENSG00000158301,5289
17722,GSTM2,ENSG00000213366,41530
17723,GSTT2B,ENSG00000133433,3782
17724,GTF2A1L,ENSG00000242441,115351
17725,GTF2H2B,ENSG00000226259,32175
17726,GUCY1B2,ENSG00000123201,55904
17727,GUCY1B2,ENSG00000293412,86358
17728,GUSBP11,ENSG00000272578,57427
17729,GUSBP11,ENSG00000228315,86806
17730,GUSBP3,ENSG00000253203,38928
17731,GUSBP3,ENSG00000290560,166225
17732,GUSBP4,ENSG00000239650,10508
17733,GVINP1,ENSG00000254838,7271
17734,GYPB,ENSG00000250361,23277
17735,HBBP1,ENSG00000229988,1418
17736,HBG2,ENSG00000196565,252418
17737,HBP1,ENSG00000105856,33562
17738,HCG9,ENSG00000204625,3475
17739,HERC2P2,ENSG00000276550,84244
17740,HERC2P3,ENSG00000290376,135977
17741,HERC2P3,ENSG00000180229,74370
17742,HERC2P9,ENSG00000206149,83839
17743,HERC2P9,ENSG00000291082,95815
17744,HLA-B,ENSG00000234745,13196
17745,HLA-DOB,ENSG00000241106,7704
17746,HLA-DPB2,ENSG00000224557,16569
17747,HLA-DRB1,ENSG00000196126,11947
17748,HLA-H,ENSG00000206341,2731
17749,HLA-H,ENSG00000310469,37094
17750,HLA-J,ENSG00000204622,2934
17751,HMGA1P7,ENSG00000216753,502
17752,HNRNPCL1,ENSG00000179172,1344
17753,HOGA1,ENSG00000241935,28480
17754,HOTTIP,ENSG00000243766,8685
17755,HSD17B7P2,ENSG00000099251,21653
17756,HSD17B7P2,ENSG00000290439,22150
17757,HSFX2,ENSG00000268738,2803
17758,HSPE1,ENSG00000115541,3310
17759,HULC,ENSG00000285219,858592
17760,HYMAI,ENSG00000283122,3347
17761,IGLL3P,ENSG00000206066,1825
17762,IL10RB,ENSG00000243646,45054
17763,IMMP2L,ENSG00000184903,899874
17764,INS,ENSG00000254647,1443
17765,IPCEF1,ENSG00000074706,202308
17766,IQCJ,ENSG00000214216,303380
17767,ISY1,ENSG00000240682,33649
17768,JMJD7,ENSG00000243789,9490
17769,JPX,ENSG00000225470,126490
17770,KC6,ENSG00000267313,256430
17771,KCNQ1DN,ENSG00000237941,2073
17772,KIAA0586,ENSG00000100578,123913
17773,KIF1A,ENSG00000130294,110533
17774,KIF21B,ENSG00000116852,54325
17775,KIR2DL3,ENSG00000243772,14540
17776,KIR2DL4,ENSG00000189013,10908
17777,KIR2DS4,ENSG00000221957,15894
17778,KIR3DL1,ENSG00000167633,14311
17779,KIR3DX1,ENSG00000104970,10931
17780,KLHDC3,ENSG00000124702,7196
17781,KLKP1,ENSG00000197588,403
17782,KLKP1,ENSG00000290915,14303
17783,KLRC3,ENSG00000205810,8281
17784,KRT16P3,ENSG00000214822,2615
17785,KRT16P3,ENSG00000291196,10846
17786,KRT19,ENSG00000171345,4692
17787,KRT19P2,ENSG00000216306,1012
17788,KRT19P2,ENSG00000293230,575
17789,LCN1,ENSG00000160349,5103
17790,LCOR,ENSG00000196233,163703
17791,LETMD1,ENSG00000050426,12463
17792,LILRA2,ENSG00000239998,17368
17793,LILRA6,ENSG00000244482,6201
17794,LINC00114,ENSG00000223806,39612
17795,LINC00189,ENSG00000215533,94806
17796,FAM223A,ENSG00000279245,713
17797,FAM223B,ENSG00000272681,713
17798,LINC00222,ENSG00000203801,106311
17799,FAM224A,ENSG00000233522,27164
17800,LINC00254,ENSG00000281219,5949
17801,LINC00261,ENSG00000259974,30980
17802,LINC00290,ENSG00000248197,123076
17803,LINC00299,ENSG00000236790,673053
17804,LINC00301,ENSG00000181995,33245
17805,LINC00301,ENSG00000293513,71548
17806,LINC00305,ENSG00000179676,73389
17807,LINC00309,ENSG00000230923,20408
17808,LINC00311,ENSG00000179219,3006
17809,LINC00319,ENSG00000188660,7338
17810,LINC00339,ENSG00000218510,6666
17811,LINC00460,ENSG00000233532,9839
17812,LMO3,ENSG00000048540,62223
17813,GABPB1-AS1,ENSG00000244879,17445
17814,FGF13-AS1,ENSG00000226031,5166
17815,WDR86-AS1,ENSG00000243836,5301
17816,DCAF13P3,ENSG00000259378,1334
17817,KDM4A-AS1,ENSG00000236200,23016
17818,RAMP2-AS1,ENSG00000197291,7716
17819,TPT1-AS1,ENSG00000170919,76631
17820,SH3RF3-AS1,ENSG00000259863,3026
17821,WHAMMP1,ENSG00000223509,13901
17822,RASAL2-AS1,ENSG00000224687,3768
17823,THAP9-AS1,ENSG00000251022,7952
17824,PTOV1-AS1,ENSG00000268006,13049
17825,LINC00665,ENSG00000232677,72231
17826,PSMD6-AS2,ENSG00000239653,8127
17827,DLG1-AS1,ENSG00000227375,11083
17828,SNHG16,ENSG00000163597,157194
17829,TPTE2P5,ENSG00000168852,42057
17830,SSTR5-AS1,ENSG00000261713,14651
17831,TPM3P9,ENSG00000241015,745
17832,TPM3P9,ENSG00000293185,12687
17833,ADCY10P1,ENSG00000161912,37706
17834,ADCY10P1,ENSG00000290554,39802
17835,LINC00639,ENSG00000259070,248465
17836,IL21R-AS1,ENSG00000259954,5725
17837,LINC00663,ENSG00000266904,26798
17838,LINC00636,ENSG00000240423,102262
17839,EPHA1-AS1,ENSG00000229153,115888
17840,LINC00550,ENSG00000281778,79644
17841,LINC00667,ENSG00000263753,52784
17842,MORF4L2-AS1,ENSG00000231154,4530
17843,LINC00671,ENSG00000213373,40598
17844,LINC00668,ENSG00000265933,10524
17845,ZNF674-AS1,ENSG00000230844,19138
17846,TRIM51HP,ENSG00000166007,6388
17847,PTGER4P2,ENSG00000184523,252
17848,PGM5-AS1,ENSG00000224958,14484
17849,SMG1P1,ENSG00000237296,54426
17850,LINC00616,ENSG00000248307,163704
17851,SCGB1B2P,ENSG00000268751,91467
17852,FUT8-AS1,ENSG00000276116,1923
17853,LHFPL3-AS1,ENSG00000226869,65511
17854,ACTG1P4,ENSG00000236085,1122
17855,FAM133CP,ENSG00000183055,704
17856,ZBED3-AS1,ENSG00000250802,80222
17857,PIN4P1,ENSG00000227973,396
17858,STXBP5-AS1,ENSG00000233452,380177
17859,SEC14L1P1,ENSG00000213693,2181
17860,RAPGEF4-AS1,ENSG00000228016,59236
17861,MAFG-AS1,ENSG00000264769,1613
17862,LPAL2,ENSG00000213071,57580
17863,LPAL2,ENSG00000290613,53752
17864,LRRC37BP1,ENSG00000250462,7623
17865,LSP1,ENSG00000130592,41364
17866,LUC7L2,ENSG00000146963,83099
17867,LY6G6D,ENSG00000244355,2572
17868,LY6G6E,ENSG00000255552,1472
17869,LY75,ENSG00000054219,101402
17870,MAGEA2B,ENSG00000183305,4022
17871,MAGED4,ENSG00000154545,7393
17872,MALAT1,ENSG00000251562,10468
17873,MAP3K8,ENSG00000107968,27813
17874,MAPKAPK3,ENSG00000114738,37772
17875,MC1R,ENSG00000258839,8855
17876,MDP1,ENSG00000213920,2128
17877,MDS2,ENSG00000197880,59080
17878,MEG3,ENSG00000214548,81826
17879,MFRP,ENSG00000235718,7764
17880,FOXD2-AS1,ENSG00000237424,2509
17881,MGC16275,ENSG00000246731,27338
17882,TUBA3FP,ENSG00000284130,6100
17883,MGC27382,ENSG00000237413,147032
17884,MIAT,ENSG00000225783,30068
17885,MILR1,ENSG00000271605,43734
17886,MIR100HG,ENSG00000255248,528397
17887,MIR1307,ENSG00000283867,149
17888,MIR181A2HG,ENSG00000224020,40236
17889,MIRLET7BHG,ENSG00000197182,71470
17890,MKRN9P,ENSG00000258128,1451
17891,MOB4,ENSG00000115540,38129
17892,MPRIP,ENSG00000133030,175223
17893,MRPL12,ENSG00000262814,4151
17894,MRPL45P2,ENSG00000228782,9468
17895,MRS2P2,ENSG00000257802,1201
17896,MS4A6A,ENSG00000110077,13060
17897,MSTO2P,ENSG00000203761,4309
17898,MSX2P1,ENSG00000229590,773
17899,MT1JP,ENSG00000255986,1126
17900,MT1JP,ENSG00000290662,1375
17901,MTFP1,ENSG00000242114,3432
17902,MUSTN1,ENSG00000272573,1906
17903,BLOC1S5,ENSG00000188428,50830
17904,MYBPC1,ENSG00000196091,117676
17905,MYH16,ENSG00000002079,67981
17906,MYO15B,ENSG00000266714,39050
17907,MYZAP,ENSG00000263155,93461
17908,NBPF9,ENSG00000269713,51376
17909,NBR2,ENSG00000198496,28252
17910,NCF1B,ENSG00000182487,15145
17911,NCF1B,ENSG00000290838,15424
17912,NDUFA13,ENSG00000186010,13319
17913,NDUFC2,ENSG00000151366,11566
17914,NEAT1,ENSG00000245532,23263
17915,NEDD8,ENSG00000129559,15511
17916,NEURL3,ENSG00000163121,10464
17917,NFAT5,ENSG00000102908,139573
17918,NFIC,ENSG00000141905,154815
17919,NIPSNAP3A,ENSG00000136783,12438
17920,NKAPP1,ENSG00000233382,6907
17921,NKAPP1,ENSG00000293328,66797
17922,NME1,ENSG00000239672,8870
17923,NME2,ENSG00000243678,6310
17924,NPY6R,ENSG00000226306,1112
17925,NPY6R,ENSG00000293504,58879
17926,NSUN5P1,ENSG00000223705,6230
17927,NSUN5P1,ENSG00000291151,6473
17928,NT5C1B,ENSG00000185013,26702
17929,NT5C2,ENSG00000076685,190421
17930,NUB1,ENSG00000013374,36678
17931,NUDT2,ENSG00000164978,14208
17932,NUDT3,ENSG00000272325,112991
17933,NUDT8,ENSG00000167799,2000
17934,NUDT9P1,ENSG00000234043,745
17935,OPN1MW2,ENSG00000166160,13531
17936,OR2A20P,ENSG00000170356,933
17937,OR2A42,ENSG00000212807,11362
17938,OR2A9P,ENSG00000228960,933
17939,OR4F3,ENSG00000230178,995
17940,OR4N3P,ENSG00000259435,924
17941,OR7E91P,ENSG00000205847,866
17942,OR7E91P,ENSG00000290930,32164
17943,OR8G5,ENSG00000255298,9849
17944,OR8U1,ENSG00000172199,930
17945,OR9G1,ENSG00000174914,4790
17946,ORM2,ENSG00000228278,3383
17947,OSTCP1,ENSG00000293101,16516
17948,OSTCP1,ENSG00000243775,450
17949,P2RY11,ENSG00000244165,3680
17950,PABPN1,ENSG00000100836,4707
17951,PAGE2,ENSG00000234068,3825
17952,PAGE3,ENSG00000204279,6502
17953,PAM16,ENSG00000217930,24059
17954,PART1,ENSG00000152931,61101
17955,PASK,ENSG00000115687,44166
17956,PBRM1,ENSG00000163939,140566
17957,PCDHA1,ENSG00000204970,226212
17958,PCDHA10,ENSG00000250120,156465
17959,PCDHA11,ENSG00000249158,144165
17960,PCDHA13,ENSG00000239389,130224
17961,PCDHA2,ENSG00000204969,217496
17962,PCDHA3,ENSG00000255408,211320
17963,PCDHA4,ENSG00000204967,205311
17964,PCDHA5,ENSG00000204965,190744
17965,PCDHA6,ENSG00000081842,184390
17966,PCDHA8,ENSG00000204962,171161
17967,PCDHA9,ENSG00000204961,164576
17968,PCDHAC1,ENSG00000248383,86049
17969,PCDHB19P,ENSG00000262096,2371
17970,PCDHGA1,ENSG00000204956,182462
17971,PCDHGA10,ENSG00000253846,99989
17972,PCDHGA11,ENSG00000253873,91929
17973,PCDHGA12,ENSG00000253159,82469
17974,PCDHGA2,ENSG00000081853,174216
17975,PCDHGA4,ENSG00000262576,157955
17976,PCDHGA5,ENSG00000253485,148814
17977,PCDHGA6,ENSG00000253731,139085
17978,PCDHGA7,ENSG00000253537,130237
17979,PCDHGA8,ENSG00000253767,122819
17980,PCDHGA9,ENSG00000261934,110198
17981,PCDHGB1,ENSG00000254221,162877
17982,PCDHGB2,ENSG00000253910,152982
17983,PCDHGB3,ENSG00000262209,142734
17984,PCDHGB4,ENSG00000253953,125278
17985,PCDHGB5,ENSG00000276547,115029
17986,PCDHGB6,ENSG00000253305,104955
17987,PCDHGB7,ENSG00000254122,95331
17988,PCDHGC3,ENSG00000240184,37031
17989,PCDHGC4,ENSG00000242419,27979
17990,PCNAP1,ENSG00000249065,709
17991,PDXDC2P,ENSG00000255185,55026
17992,PDXP,ENSG00000241360,8210
17993,PDZK1P1,ENSG00000215859,15292
17994,PECAM1,ENSG00000261371,94362
17995,PEX19,ENSG00000162735,9542
17996,PGM5P2,ENSG00000277778,34838
17997,PGM5P2,ENSG00000290923,174443
17998,PHYHD1,ENSG00000175287,21076
17999,PI4KAP1,ENSG00000274602,14794
18000,PI4KAP1,ENSG00000290425,45249
18001,PI4KAP2,ENSG00000183506,15300
18002,PINX1,ENSG00000258724,114449
18003,PINX1,ENSG00000254093,74924
18004,PKD1P1,ENSG00000244257,23850
18005,PLA2G4B,ENSG00000243708,10373
18006,PLGLB2,ENSG00000125551,11390
18007,PMCHL1,ENSG00000168967,531
18008,PMF1,ENSG00000160783,27050
18009,PMS2CL,ENSG00000187953,16088
18010,PMS2P4,ENSG00000067601,3817
18011,POC1B,ENSG00000139323,106330
18012,POLR2J4,ENSG00000272655,4511
18013,POLR2J4,ENSG00000290758,99776
18014,POM121L8P,ENSG00000229266,1281
18015,POM121L9P,ENSG00000128262,1285
18016,POM121L9P,ENSG00000290696,17664
18017,POMGNT1,ENSG00000085998,31623
18018,PON3,ENSG00000105852,36504
18019,POU2F3,ENSG00000137709,83306
18020,PP2D1,ENSG00000183977,32307
18021,PPAN,ENSG00000130810,5651
18022,PPFIA4,ENSG00000143847,52250
18023,PPIAL4C,ENSG00000288867,760
18024,PPP1R3E,ENSG00000235194,7208
18025,PPP2CA,ENSG00000113575,32096
18026,PPP2R2A,ENSG00000221914,81173
18027,PPP3CC,ENSG00000120910,100324
18028,PPP4R1L,ENSG00000124224,54611
18029,PRAF2,ENSG00000243279,2842
18030,PRAMEF15,ENSG00000204501,7018
18031,PRAMEF5,ENSG00000270601,9238
18032,PRAMEF7,ENSG00000204510,4142
18033,PRAP1,ENSG00000165828,5316
18034,PRG2,ENSG00000186652,3871
18035,FOXN3-AS2,ENSG00000259073,1262
18036,PRORSD1P,ENSG00000162997,2109
18037,PRORSD1P,ENSG00000293422,66515
18038,PRR20E,ENSG00000234278,3022
18039,PRR5,ENSG00000186654,69135
18040,PRSS30P,ENSG00000172460,1673
18041,PRSS30P,ENSG00000291300,3196
18042,PRY2,ENSG00000169807,24252
18043,PSG1,ENSG00000231924,13359
18044,PSG6,ENSG00000170848,17478
18045,TPTEP1,ENSG00000100181,1701
18046,TPTEP1,ENSG00000290418,97436
18047,PTCD1,ENSG00000106246,49425
18048,PTCRA,ENSG00000171611,9850
18049,PTPDC1,ENSG00000158079,79063
18050,PTPRVP,ENSG00000243323,21246
18051,PTPRVP,ENSG00000293457,21405
18052,PWRN1,ENSG00000259905,721539
18053,PYY2,ENSG00000237575,396
18054,PYY2,ENSG00000290671,4421
18055,RAB5C,ENSG00000108774,30067
18056,RAD51D,ENSG00000185379,29302
18057,RASA4CP,ENSG00000228903,12559
18058,RBM4,ENSG00000173933,29708
18059,RBMY1B,ENSG00000242875,14449
18060,RBMY1D,ENSG00000244395,14451
18061,RBMY1J,ENSG00000226941,14472
18062,RBMY2FP,ENSG00000243040,10962
18063,RBMY2FP,ENSG00000290336,7377
18064,RCAN2,ENSG00000172348,271237
18065,RDH14,ENSG00000240857,5957
18066,REXO1L2P,ENSG00000276998,3985
18067,REXO1L2P,ENSG00000293002,1078
18068,RGPD8,ENSG00000169629,66120
18069,RND3,ENSG00000115963,70817
18070,RNF216P1,ENSG00000196204,66688
18071,RNF5P1,ENSG00000253570,540
18072,ROCK1P1,ENSG00000263006,1663
18073,ROCK1P1,ENSG00000290877,46311
18074,RP9P,ENSG00000205763,26224
18075,RP9P,ENSG00000291146,26367
18076,RPL13AP17,ENSG00000231322,581
18077,RPL13AP17,ENSG00000293158,12317
18078,RPL13P5,ENSG00000240370,618
18079,RPL15,ENSG00000174748,7784
18080,RPL17,ENSG00000265681,4056
18081,RPL21P44,ENSG00000229585,472
18082,RPL23AP53,ENSG00000223508,457
18083,RPL23AP64,ENSG00000240970,435
18084,RPL29P2,ENSG00000240480,460
18085,RPL29P2,ENSG00000293140,657
18086,RPL31P11,ENSG00000213075,372
18087,RPL31P11,ENSG00000293173,18605
18088,RPL32P3,ENSG00000251474,892
18089,RPL36A,ENSG00000241343,5332
18090,RPP21,ENSG00000241370,1754
18091,RPS10,ENSG00000124614,8616
18092,RPS10P7,ENSG00000223396,494
18093,RPS15AP10,ENSG00000225447,382
18094,RPS26P11,ENSG00000196933,348
18095,RPS2P32,ENSG00000232818,892
18096,RPSAP52,ENSG00000241749,878
18097,RPSAP52,ENSG00000293176,98485
18098,RRN3P2,ENSG00000103472,328628
18099,RSPH10B2,ENSG00000169402,45263
18100,SNX29P2,ENSG00000271699,9273
18101,SAA2,ENSG00000134339,9446
18102,SAA4,ENSG00000148965,5448
18103,SARNP,ENSG00000205323,65262
18104,SCARNA13,ENSG00000252481,275
18105,SCHIP1,ENSG00000151967,624386
18106,SDHAP1,ENSG00000185485,26924
18107,SDHAP1,ENSG00000290763,31045
18108,SDHAP2,ENSG00000215837,27809
18109,SDHAP3,ENSG00000185986,21068
18110,SDHAP3,ENSG00000291079,92430
18111,SEMG1,ENSG00000124233,2736
18112,SERF1A,ENSG00000172058,17862
18113,SERPINB10,ENSG00000242550,28154
18114,SERPINB4,ENSG00000206073,6998
18115,SEZ6L2,ENSG00000174938,28392
18116,SH3GL1P2,ENSG00000264943,1082
18117,SKIL,ENSG00000136603,39494
18118,SLC26A6,ENSG00000225697,9771
18119,SLC6A10P,ENSG00000214617,6796
18120,SLC6A10P,ENSG00000290985,7674
18121,SLC7A5P2,ENSG00000258186,536
18122,SLC7A9,ENSG00000021488,39259
18123,SLC9A7P1,ENSG00000227825,2239
18124,SLC9A7P1,ENSG00000293147,3311
18125,SLCO1B7,ENSG00000205754,127339
18126,SLED1,ENSG00000293200,751
18127,SMN1,ENSG00000172062,28913
18128,SMR3B,ENSG00000171201,20152
18129,SMUG1,ENSG00000123415,67732
18130,SNHG1,ENSG00000255717,4612
18131,SNHG12,ENSG00000197989,4597
18132,SNHG15,ENSG00000232956,3943
18133,SNHG4,ENSG00000281398,10798
18134,SNHG5,ENSG00000203875,34575
18135,SNHG7,ENSG00000233016,7596
18136,SNORA1,ENSG00000206834,130
18137,SNORA16A,ENSG00000280498,135
18138,SNORA16A,ENSG00000274582,137
18139,SNORA19,ENSG00000207468,128
18140,SNORA33,ENSG00000200534,130
18141,SNORA36A,ENSG00000206948,132
18142,SNORA36C,ENSG00000207016,132
18143,SNORA59A,ENSG00000239149,152
18144,SNORA5B,ENSG00000200656,132
18145,SNORA66,ENSG00000207523,133
18146,SNORA7B,ENSG00000207088,139
18147,SNORA8,ENSG00000207304,139
18148,SNORA81,ENSG00000221420,178
18149,SNORA84,ENSG00000239183,133
18150,SNORA9,ENSG00000277184,133
18151,SNRPD2P2,ENSG00000223982,333
18152,SNX1,ENSG00000028528,51968
18153,SOHLH2,ENSG00000120669,46372
18154,SPAG11A,ENSG00000178287,20992
18155,SPANXA2,ENSG00000203926,1055
18156,SPANXD,ENSG00000196406,1329
18157,SPECC1,ENSG00000128487,310162
18158,EPPIN,ENSG00000101448,7127
18159,SPOCK2,ENSG00000107742,29999
18160,SRA1,ENSG00000213523,20338
18161,SSR4P1,ENSG00000235374,412
18162,SSR4P1,ENSG00000293210,18166
18163,SSX2B,ENSG00000268447,39174
18164,ST13P4,ENSG00000232150,1093
18165,ST20,ENSG00000180953,24863
18166,ST3GAL4,ENSG00000110080,84705
18167,STAT4,ENSG00000138378,148860
18168,STON1,ENSG00000243244,69131
18169,SUGT1P1,ENSG00000226823,7057
18170,SUGT1P3,ENSG00000239827,13498
18171,SUGT1P3,ENSG00000290476,123524
18172,SULT1A4,ENSG00000213648,5054
18173,SUMO1P1,ENSG00000241721,306
18174,SUMO1P3,ENSG00000235082,304
18175,SUZ12P1,ENSG00000264538,44517
18176,SYNGR1,ENSG00000100321,35651
18177,SYNJ2BP,ENSG00000213463,50592
18178,SYT7,ENSG00000011347,67435
18179,TAF1C,ENSG00000103168,9224
18180,TBC1D3,ENSG00000274611,10897
18181,TBC1D3F,ENSG00000275954,10949
18182,TBC1D3G,ENSG00000260287,10876
18183,TBC1D3H,ENSG00000274226,10905
18184,TBC1D3P2,ENSG00000188755,9099
18185,TBC1D3P2,ENSG00000290800,10951
18186,TBPL1,ENSG00000028839,38263
18187,TCF4,ENSG00000196628,442603
18188,TCL6,ENSG00000187621,58920
18189,TCP10L,ENSG00000242220,89407
18190,TDRD12,ENSG00000173809,109828
18191,TEN1,ENSG00000257949,21347
18192,TEX264,ENSG00000164081,41631
18193,THNSL2,ENSG00000144115,16342
18194,TMED7,ENSG00000134970,19783
18195,TMEFF1,ENSG00000241697,104488
18196,TMEM183A,ENSG00000163444,17475
18197,TMEM198B,ENSG00000182796,2830
18198,TMEM198B,ENSG00000293491,6651
18199,TMEM91,ENSG00000142046,33173
18200,TNFSF12,ENSG00000239697,9383
18201,TNFSF13,ENSG00000161955,3317
18202,TNIP1,ENSG00000145901,63633
18203,TNIP3,ENSG00000050730,96059
18204,TNK1,ENSG00000174292,9241
18205,TNNI3K,ENSG00000116783,309042
18206,TNXA,ENSG00000248290,3859
18207,TOP1P1,ENSG00000285665,661
18208,TP53TG1,ENSG00000182165,22654
18209,TPRXL,ENSG00000292995,163490
18210,TPRXL,ENSG00000180438,1240
18211,TPTE2P6,ENSG00000205822,189504
18212,TRIM16,ENSG00000221926,56352
18213,TRIM3,ENSG00000110171,25847
18214,TRIM34,ENSG00000258659,24635
18215,TRIM39,ENSG00000204599,17251
18216,TRIM6,ENSG00000121236,16850
18217,TRPC1,ENSG00000144935,83855
18218,TRPM1,ENSG00000134160,160096
18219,TRRAP,ENSG00000196367,172899
18220,TSTD1,ENSG00000215845,1347
18221,TTTY1,ENSG00000129845,21174
18222,TTTY11,ENSG00000180910,303
18223,TTTY11,ENSG00000290381,34154
18224,TTTY12,ENSG00000237048,10689
18225,TTTY14,ENSG00000176728,304850
18226,TTTY17B,ENSG00000227439,1132
18227,TTTY3B,ENSG00000280961,4896
18228,TTTY6,ENSG00000131538,14880
18229,TTTY9B,ENSG00000131007,16906
18230,TUG1,ENSG00000253352,10151
18231,TWF2,ENSG00000247596,18177
18232,UBE2V1,ENSG00000244687,34836
18233,UGT1A10,ENSG00000242515,136853
18234,UGT1A3,ENSG00000288702,44259
18235,UGT1A4,ENSG00000244474,54565
18236,UGT1A6,ENSG00000167165,81694
18237,UGT1A7,ENSG00000244122,91400
18238,UGT1A8,ENSG00000242366,155668
18239,UGT1A9,ENSG00000241119,101403
18240,UGT2A1,ENSG00000173610,64833
18241,UGT2A2,ENSG00000271271,51226
18242,ULK4P2,ENSG00000260128,17454
18243,UQCRB,ENSG00000156467,12600
18244,USP15,ENSG00000135655,157094
18245,USP17L5,ENSG00000227140,1593
18246,USP17L6P,ENSG00000205946,1197
18247,USP32P2,ENSG00000233327,6390
18248,VENTXP7,ENSG00000236380,772
18249,WASH2P,ENSG00000146556,10485
18250,WASH7P,ENSG00000227232,10191
18251,WASH7P,ENSG00000310526,16389
18252,WFDC6,ENSG00000243543,5287
18253,WHAMMP3,ENSG00000276141,17247
18254,YY1AP1,ENSG00000163374,29889
18255,ZFP36L1,ENSG00000185650,8594
18256,ZIM2,ENSG00000269699,66185
18257,ZNF285,ENSG00000267508,19311
18258,ZNF300P1,ENSG00000197083,15527
18259,ZNF331,ENSG00000130844,60743
18260,ZNF37BP,ENSG00000234420,1352
18261,ZNF37BP,ENSG00000293313,39391
18262,ZNF525,ENSG00000203326,26525
18263,ZNF564,ENSG00000249709,26170
18264,ZNF595,ENSG00000272602,34923
18265,ZNF763,ENSG00000197054,15581
18266,ZNF776,ENSG00000152443,11334
18267,ZNF826P,ENSG00000231205,12626
18268,ZNF876P,ENSG00000198155,36192
18269,ZNF876P,ENSG00000290382,43408
18270,ZNF890P,ENSG00000159904,6557
18271,ZNRF2P2,ENSG00000225264,420
18272,DPY19L2P3,ENSG00000227855,92368
18273,DPY19L2P3,ENSG00000291213,58212
18274,HYDIN,ENSG00000157423,428639
18275,RNF213,ENSG00000173821,137943
18276,SFMBT1,ENSG00000163935,143179
